Zone,1,2,3,4,5,6,7,8,9,10,11
t1,0.2128692858659947,0.20900945769875942,0.21014116416471412,0.21214703217110598,0.20930222641996743,0.21430059231530632,0.21671427299861476,0.2181493229062425,0.21847679458115182,0.2152886181093615,0.21211965780355263
t2,0.20823185015889947,0.20445610437945125,0.20556315609043402,0.20752532502971524,0.20474248579639137,0.20963196895775196,0.21199306702869522,0.21339685380040735,0.213717189715821,0.21059846419872863,0.2014348364240515
t3,0.2082318454650028,0.20206082560001914,0.20315490775003664,0.20509408899080941,0.20234384936019198,0.20717605284021,0.2095094897987663,0.210896830633202,0.2112134170557416,0.2081312295560933,0.2014348277775056
t4,0.1945917463269569,0.19638254791147225,0.19744588366814536,0.1960567429439089,0.19342772236073394,0.1980469646539964,0.19854272051535807,0.19985744093660454,0.1997177739669726,0.19680334158788257,0.2014348273467177
t5,0.19276304274902775,0.19638254220088547,0.19606811573372718,0.1942142751735169,0.1916099616473469,0.1961857925608271,0.196676889619288,0.1979792542597959,0.19784089834634672,0.19495385191705486,0.20143482727601353
t6,0.1333744455603958,0.13707962132764215,0.13634138572896798,0.13505226587302183,0.13324128406134994,0.13524147905384235,0.13676471244367075,0.1376703475237586,0.13787700732830965,0.13586500371793853,0.20143482747784566
t7,2.448098787875803e-10,-0.14250775360661105,-0.14250775315222114,-0.14250775278716105,-0.14250775447797942,-0.1425077521376669,-0.1425077520709284,-0.1425077520568638,-1.983230214976308e-9,0.05264191063621502,0.20143482717511266
t8,3.962774658151602e-9,-0.15410282404062844,-0.15410282352963967,-0.15410282313129609,-0.15410282702026776,-0.15410282227754263,-0.15410282222687854,-0.15410282221428598,2.0538307383361706e-9,0.06486634608217205,0.20143482729455156
t9,7.306775822833699e-9,-0.15410282644370818,-0.1541028258741155,-0.15410282541850148,-0.1541028294049182,-0.15410282425223287,-0.1541028242065087,-0.154102824187836,6.2290496859848605e-9,0.05264190648518746,0.21211961660972595
t10,3.5509388037713614e-9,-0.15410282580901224,-0.1541028253123291,-0.1541028248490491,-0.1541028290852105,-0.1541028235897816,-0.15410282345741674,-0.15410282338812029,3.872698137776593e-9,0.052641908022581056,0.21211965900999677
t11,3.4843060910348345e-9,-0.15410282499392544,-0.1541028233767136,-0.15410281837477113,-0.15410282750971252,-0.15410281645216342,-0.1541028161872086,-0.15410281604714868,4.447382775840076e-9,0.052641908122529515,0.21211966858777304
t12,5.348868148697129e-9,-0.15410282421031646,-0.154102821115707,-1.493279327547094e-8,-0.1541028028713475,-1.1161319390078444e-8,-1.042664216085816e-8,-1.0060592398790105e-8,8.212844336584985e-9,0.05264196214182165,0.21211967173991905
t13,7.709775332476916e-9,-0.15410282353223717,-0.15410281970856224,4.768239176580803e-9,-1.7729029552064026e-8,6.775959903761234e-9,7.914803027502581e-9,8.553130879203832e-9,1.4488584883676267e-8,0.05264195694648906,0.21211967261543568
t14,1.1685092194405048e-8,-0.1541028213590986,-0.1541028162287656,4.115961598706615e-9,-4.130271533542e-9,6.4048531911673055e-9,6.970425204316364e-9,7.29237112555249e-9,1.6219093994735695e-8,0.052641956320837846,0.21211967347940175
t15,5.075795351710218e-9,-0.15410281041056392,-0.15410280543902885,-8.804687505925614e-10,-5.878123782314089e-9,1.3321204217606367e-9,1.606881666908976e-9,1.7822667171347216e-9,1.064255747267032e-8,0.08073270750142612,0.21211967357838613
t16,1.1205657369422654e-8,-0.15410272779448342,-0.15410272394281777,8.761470226739426e-9,5.964381245815954e-9,1.0846129040883428e-8,1.120971534612846e-8,1.1464416687639063e-8,1.9671069081473452e-8,0.24565104819680283,0.2121196740075484
t17,0.1342708869193135,-0.014719783467624148,-0.014719781055409649,0.13337443841702426,0.13158595046603044,0.13472835816934012,0.1362458134713785,0.1371480130507489,0.13780791304249218,0.24565105303076148,0.21211967379167943
t18,0.20823184593355298,0.2013301638706332,0.20242029091776698,0.2043524627285159,0.1934277221399181,0.20642689874890546,0.20875189991912324,0.21013422408084637,0.21371718450727223,0.245651053831141,0.21211967446602753
t19,0.2598491911788111,0.2525066885953949,0.2538739163608535,0.2562972292896575,0.19342772426560087,0.25889897069793133,0.26181496867101633,0.263548668793167,0.26394429403258,0.26009262269078987,0.24691236887713042
t20,0.2598492358649991,0.2551375246395997,0.2565189981415231,0.25896756517740654,0.21901623470962708,0.26159641375753456,0.26454279324385394,0.2662945567172972,0.26669430341447503,0.2628025025068344,0.26170137979616204
t21,0.5014591266666796,0.25513753960656244,0.25651901305539393,0.32504662119369726,0.20622204876171596,0.3283462552985773,0.33204444328189603,0.33424319261032975,0.3347449409097003,0.28706833907100876,0.3374012763917714
t22,0.27126721937255777,0.25513752288853386,0.2565189968429727,0.25896757218147404,0.20622204282856402,0.2615964208776767,0.26454280035531774,0.2662945636534997,0.2666943110989028,0.26280250974405267,0.2617013769261494
t23,0.2662413763443356,0.25513751840470833,0.25651899105992526,0.25896755228649104,0.20622207540939405,0.26159640064252054,0.26454277913318575,0.2662945422880141,0.2666942893635099,0.26280248700731246,0.24948491165683429
t24,0.2642869694072199,0.2532646279804153,0.2546359597109725,0.25706654674004364,0.20622203895276406,0.2596760980868535,0.26260084891101126,0.26433975326487863,0.2647365645676054,0.26009260355973585,0.24691236749517162
t25,0.24165523646945825,0.231576776902503,0.232830677059987,0.23505312502843784,0.20622204940197822,0.23743921210669605,0.2401135072543453,0.24170350350751565,0.24206633661040636,0.24565105303105442,0.21211967428096457
t26,0.22093173586544756,0.2169256972170958,0.21810026668014695,0.22018210146558498,0.20622200452473133,0.22241722790984284,0.2249223286862896,0.22641173097043732,0.22675161003431732,0.23010953965736822,0.21211967340077906
t27,0.20823184787847168,0.20679946109996616,0.2079192008219892,0.20933873421595994,0.2062219938898335,0.2114637861437206,0.21199313897491243,0.21339692607909475,0.2137172662511435,0.21688217167194557,0.21211967305989735
t28,0.20823172553018598,0.20679943177203503,0.20791917111364827,0.20902488075846415,0.2062219003430231,0.21114674718118628,0.21167529324044276,0.21307697455771948,0.213396837279506,0.21655699799902672,0.21211967313154637
t29,0.20823184570334902,0.20679941867407622,0.20791915753239873,0.20902487589373417,0.20622189372857935,0.21114674250057094,0.21167528755643736,0.21237498565890514,0.2133968320146103,0.21655699322937827,0.21211967308698967
t30,0.20791972937419248,0.20679941639816038,0.20791915545693865,0.20902487627548516,0.20622189580404326,0.2111467426874548,0.21167528831492044,0.21237496716694335,0.21339683835488996,0.2165570081912367,0.21211967324993627
t31,0.20823185258391316,0.20679940044022416,0.20791913995114525,0.20902487725384325,0.19342773566926874,0.21114674358898197,0.21352490116402278,0.21493883120651908,0.21526149095280983,0.21917127871566724,0.21211967339546092
t32,0.21042971635022653,0.20679939178930773,0.20791913145240698,0.20902487603786893,0.1934277242050409,0.21114674293477537,0.21352490428158624,0.21493883473586817,0.21597295631021696,0.21917128009723183,0.21211967381836122
t33,0.2148959160412224,0.20679938909798196,0.20791912872090318,0.20902487440758646,0.1934277239449569,0.21114674157853014,0.2135249028588534,0.21493883323415322,0.2159729953290669,0.2191713066847776,0.21211969879154013
t34,0.2148959382580494,0.20679938822668675,0.2079191278871761,0.20902489134107802,0.19342772353377102,0.21114675827237792,0.2135249196841016,0.2149388501375143,0.21597297240585608,0.21917128247114792,0.21696969839331526
t35,0.2198731501389719,0.20679938928992342,0.20791913000364623,0.20990378954790503,0.19342772342661008,0.2120345792920073,0.21442274071781184,0.21584261668301907,0.22566507816305376,0.2290069182306451,0.24691235741580764
t36,0.25142131618990077,0.2067993895067338,0.20791913887078098,0.23787094909535736,0.193427723207863,0.24028565022119835,0.24299200648777933,0.24460106418669642,0.2449682512688487,0.2456510473006981,0.24691236985844303
t37,0.2659684211471956,0.20679939003423253,0.20791913975717133,0.24192686471452815,0.1934277230654088,0.24452355943775372,0.24727776272235338,0.24891520074239096,0.24928886143806397,0.24565105297532036,0.2538173670828986
t38,0.2659684261765748,0.2067993895250891,0.20791914005588488,0.20990383631445247,0.19342772312867404,0.21203495201529773,0.24727778021538532,0.24891523410809885,0.24928887562066598,0.24565105308683402,0.28284281207907525
t39,0.26596849274520046,0.2067993917470318,0.20791914623864746,0.20990386931541435,0.19342772298207114,0.25211097245140046,0.2549505189358266,0.2566387686607692,0.25702401590738533,0.24565105298426487,0.28284281323591987
t40,0.2823988694210849,0.2458862900846038,0.2472176727504504,0.24957745339362045,0.19342772294145946,0.2521109842511541,0.25495053104034937,0.2566387806790428,0.25702402809913705,0.24565105274603882,0.2828428228206296
t41,0.2823988724977235,0.2551375349917094,0.256519008021872,0.2589675696335565,0.19342772467766428,0.26159641871559847,0.264542799053669,0.26629456338687624,0.2666943094301076,0.2456510530912271,0.3678331207167738
t42,0.3847253614920222,0.35860730407841096,0.3605490264231322,0.36399058977123117,0.1934277242956543,0.3676855548493626,0.37182682470729506,0.37428900815564214,0.37485086900076464,0.24565105403260207,0.36783313318231764
t43,0.39650644435727905,0.36958859435363545,0.37158977747250294,0.3751367363235395,0.19342773149547834,0.37894485275534673,0.3832129366902109,0.3857505167918895,0.38632958304495846,0.2870683486846471,0.3790968843676239
t44,0.4045586901045239,0.3695886062535622,0.37158978895507333,0.39350595824303297,0.28421601973118577,0.39750054302432836,0.40197762091569184,0.4046394578899532,0.40524687988828983,0.39933321587619386,0.3790969178035977
t45,0.40455867280216246,0.36958860382969827,0.3715897866995922,0.39350595277857886,0.2388233386492601,0.3975005433737262,0.40197762133773135,0.40463945841695176,0.4052468805868651,0.39933321668000415,0.3790969117278629
t46,0.4045586646651809,0.36958860046428105,0.3715897834197159,0.3818140503580756,0.2388220119879304,0.39750054014172664,0.4019776179984439,0.40463945493342385,0.40524687707600976,0.39933321302683134,0.3678331281647772
t47,0.3856731856689447,0.3695883110761464,0.3715894912248966,0.3751364393071932,0.23882167920960565,0.37894454881216216,0.38321262895485814,0.3857502066969911,0.3863292712964122,0.29224549441013886,0.2828428140515882
t48,0.28239887636012356,0.27062115652938207,0.2720864671782614,0.2746836250304255,0.23882164668000044,0.2774720116021013,0.28059719910614006,0.28245527254593833,0.2828792784813037,0.2787512925554881,0.2469123675933688
t49,0.2684705145483232,0.25250717387946936,0.25387440416322743,0.25629772167332426,0.23882164817100454,0.25889946818531356,0.2618154709200224,0.2635491744030994,0.2622871723231109,0.24565105466431805,0.2121196737981626
t50,0.2631825377726659,0.2475335757813099,0.24887387592062557,0.2512494617014737,0.23882176255084017,0.2537999621263167,0.25665852890904234,0.25835808382650893,0.2571209329190372,0.24565105338207485,0.21211967345621843
t51,0.25356331560764617,0.23848632822750856,0.23977764095021506,0.24206640007126912,0.23882036982736,0.2445236808899642,0.247277768362645,0.24891520529515673,0.2492888623947472,0.24565105322204564,0.21211967331970055
t52,0.24886549734309843,0.238486317572001,0.23977763029290106,0.24206638941434075,0.2388203501223848,0.24452367033988598,0.247277758103785,0.24891519496947107,0.2492888530818952,0.2456510519060876,0.21211967321995714
t53,0.24886540320853104,0.2384862307440015,0.23977754287166703,0.24206630102179702,0.2388202775396335,0.2445235808124048,0.24727766767135,0.24891510398750133,0.24928876194981306,0.24565105134542828,0.21211967346663443
t54,0.2488655055088221,0.2384863266662975,0.23977763942908456,0.24206639860762663,0.19342773435496852,0.2445236794750532,0.24727776738495058,0.2489152044170692,0.24928886180768858,0.24565105354785668,0.21211967357227138
t55,0.24165523980025053,0.2169256883614796,0.21810025890662393,0.22018210101736527,0.19342772298002975,0.2374392059338409,0.24011350123428654,0.24170349767467902,0.24206633052659376,0.2456510528836681,0.21211967363106388
t56,0.2189524140330082,0.06570098893132918,0.06605673834841867,0.1960567470861123,0.19342772182875215,0.19804697726121248,0.21352482171075704,0.21493875258230868,0.21597296571378244,0.21917128045767786,0.21211967321653083
t57,0.2659684240283439,0.06570091045787942,0.06605668248401671,0.19605677065621296,0.19342772095054991,0.1980470144201654,0.22396785022341317,0.22545093325108911,0.22578937075425584,0.22249448615418707,0.2121196734529211
t58,0.26596842587792263,0.06570090873730207,0.06605667904716091,0.06668747389354646,0.06579322258743758,0.1961857961249119,0.2239678565477765,0.2254509404928422,0.22578937424002182,0.22249448796320817,0.21211967349461525
t59,0.26596842584217917,0.065700908041733,0.06605667585249637,0.06668723914166044,0.06579299353522262,0.1321440828379884,0.22396793734385329,0.22545102330010855,0.2257894554790626,0.22249456707885126,0.2121196732928331
t60,0.2659684255531661,0.06570090772872472,0.06605667528183148,0.06668724396918391,0.06579299829476562,0.13214404290102183,0.22548559054727613,0.2269787249328065,0.22731945202143072,0.22400223715281997,0.21211967364256046
t61,0.2659684254747208,0.0657009064167308,0.06605667251993089,0.06668723108412163,0.06579298365154757,0.13214403559802562,0.2472777618145698,0.24891520100970943,0.24928885755540578,0.24565104925413192,0.21211967378864408
t62,0.2659684262038287,0.06570090726641904,0.06605667336250867,0.0666872343205682,0.06579298601295892,0.1321440353345215,0.24727777196880876,0.2489152313448099,0.24928886726093213,0.2456510533637977,0.21211967501159915
t63,0.26596842880362537,0.06570090610859794,0.06605667156954699,0.06668722556069125,0.06579297467610846,0.1321440338007887,0.2510206355270204,0.2526829279320332,0.253062171250422,0.2456510542782619,0.21211967468663653
t64,0.26596842983714014,0.06570090618789078,0.06605667203295194,0.06668722654898339,0.06579297741262244,0.13214403401331312,0.2549448110522151,0.2566330962106462,0.25701826183612575,0.253267659309809,0.21211967435757664
t65,0.2659684280434516,0.0657009075594368,0.06605667524826037,0.06668724082086998,0.06579299310499605,0.1321440384724481,0.25705140842728547,0.2587535661246237,0.2591419931550027,0.25536044813593506,0.21211967471322216
t66,0.2823988613250013,0.0657009112667496,0.06605668574859512,0.1960567367255428,0.19342771234732936,0.19804696312380923,0.27539846953175473,0.2772221186117823,0.27763827128076435,0.28174977375357096,0.21211967631025871
t67,0.2823988648422983,0.2343531762032553,0.235622111199172,0.23787120770562975,0.19342772338154246,0.272331206277335,0.27539850686698375,0.2772221562194543,0.2785560281818384,0.282681124240515,0.24691234689487118
t68,0.29082483546484095,0.24071947527784449,0.24202288143691103,0.25629725280861493,0.19342772846000203,0.2857509304707387,0.2889693646396532,0.2908828777978847,0.2913195355616655,0.2870683924647568,0.24691239343550456
t69,0.2908247894060881,0.2407194781978457,0.24202288419355514,0.25629724131595877,0.2419880267632419,0.2857509230153204,0.28896935700140874,0.2908828699829222,0.2913195276970577,0.28706839374509613,0.2469123816118156
t70,0.290824787701158,0.2407194793745184,0.2420228853581396,0.2562972351434754,0.2177079504491675,0.2857509218057629,0.28896935568493465,0.2908828684924961,0.2913195263846978,0.2870683918551991,0.24691237264511784
t71,0.28239888462157525,0.24071947682146352,0.2420228820018415,0.24433307461755027,0.21770789061490667,0.27747201929150767,0.2805972071010632,0.2824552805912023,0.28287928756308406,0.2870683452862832,0.2121196743979819
t72,0.27371627265744464,0.24071947555187362,0.24202288048293272,0.24433307245222816,0.21770787545766954,0.2615964133799566,0.2645427928736958,0.2662945562934862,0.2666943023782204,0.26280249075756623,0.21211967331007991
t73,0.26596842817524496,0.2407194697294363,0.24202287440414647,0.24433306585967385,0.21770786721525023,0.2557950441365094,0.25867608213860527,0.26038899703811247,0.25914213393905194,0.24565105334151377,0.21211967343681806
t74,0.2659684215399613,0.24071946698002475,0.24202287160869712,0.24433306298411825,0.2177078647736504,0.25418845827049286,0.2570514012322972,0.25875355770992203,0.25914198341287664,0.2456510529003294,0.21211966148396483
t75,0.26379468323939953,0.24071945846869797,0.24202286301249482,0.24433305427348767,0.21770786636918235,0.25211099651401364,0.25495054087732516,0.2566387857898573,0.25702403661822554,0.24565105307262616,0.21211965983664746
t76,0.23133191928056077,0.2175768134768205,0.21875490907367678,0.22084299888595005,0.21770781993201105,0.22308483521416977,0.2255974552119643,0.22709132828032108,0.2274322240581867,0.22411336194481865,0.21211966011032357
t77,0.23133191833939673,0.2175768063055707,0.21875490166549758,0.22084299074345853,0.21770782459445262,0.2230848266141186,0.22559744552969999,0.22709131846261274,0.22743221370987873,0.22411334985374395,0.21211966113442243
t78,0.23133192197293917,0.21757681464801193,0.21875491009662734,0.22084299946049477,0.19342777135466624,0.2230848356650361,0.22559745558566824,0.22709132855670636,0.22743222547426953,0.22411336578643362,0.2121196690758221
t79,0.21178672131384663,0.19134210767110918,0.19237815282197793,0.1942144685516681,0.19161015155948735,0.1961859910881419,0.19839564810806495,0.1997093945336449,0.21597235055095643,0.21917126299203807,0.21211966013579425
t80,0.2216622354907345,0.16396793734765083,0.16494388057340412,0.19421431417854468,0.1916099959166264,0.19618583874325535,0.1983954946182027,0.19970924043079902,0.2159729769397566,0.21917128811437023,0.21211967132539924
t81,0.28239880454554467,0.16396783858245756,0.16494387059644477,0.1942140614488042,0.1916097404611156,0.196185777550867,0.19839543250202016,0.19970917777430872,0.21597298026869713,0.21917128916798342,0.21211967237230828
t82,0.2823988593498204,0.16396783580197621,0.16494386997102778,0.1908713627903041,0.18831186759898047,0.19618577623636804,0.19839543117377348,0.1997091764246684,0.2159729891103659,0.2191712958672382,0.21211967234119594
t83,0.2823988580401208,0.1639678348229583,0.1649438693884979,0.1908713973063491,0.18831190409404985,0.19618578156462815,0.1983954378553994,0.19970918346783184,0.21597298621395747,0.2191712913120157,0.21211967341400767
t84,0.2823988580093732,0.16396783472978524,0.16494386954653523,0.1908713988120053,0.18831190610690143,0.1961857931122672,0.24646310098494234,0.24809514404563537,0.24928885026377434,0.24565104537583618,0.21211967335412119
t85,0.26596842033734375,0.1639678342622783,0.1649438688327277,0.19087135335380423,0.18831186196517852,0.19618579348947324,0.2510206685557043,0.25427983226730017,0.2530622042584721,0.24565105389119435,0.21211967332193948
t86,0.25356332739269993,0.1639678340563422,0.16494386865111413,0.19087143236870166,0.1883119406296199,0.19618579456161145,0.24727776526101267,0.24891521077598966,0.24928886074338533,0.24565105331596285,0.2121196733658433
t87,0.23416136996096656,0.16396783403325352,0.16494386849767553,0.19087136209801508,0.18831186995070753,0.1961857946193457,0.24011347870313832,0.24170351131559062,0.24206632477335951,0.24565105040041774,0.2121196733542376
t88,0.21841668793227328,0.16396783399589585,0.16494386943427622,0.1908714256210122,0.18831193302718324,0.19618579579414658,0.2239686238596278,0.24170352170766823,0.24206632380245863,0.2456510511208107,0.2121196734214504
t89,0.2444829390991336,0.16396783421973116,0.16494387052926332,0.19605674969522385,0.19342771468407394,0.23743911182787072,0.24011347622625856,0.24170347722827787,0.24206633182879841,0.24565105358811415,0.212119673452539
t90,0.24448294153611966,0.16396783527079506,0.16494387499618335,0.20435246058245574,0.19342772209252782,0.23743920517248063,0.24011350124086575,0.2417034980457866,0.24206633495648283,0.24565105450842223,0.21211967346287508
t91,0.2823988390030542,0.2013301725081857,0.2024203003857799,0.20435247349905875,0.1934277229784156,0.27747197289862247,0.2805971607781122,0.28245523484814544,0.28287924110261586,0.28706833926250497,0.21211967332015197
t92,0.2823988488834753,0.21757681334375586,0.21875490980218995,0.22084300268463217,0.19342772953171544,0.2774719858234106,0.28059717426093483,0.2824552491773375,0.28287925511260914,0.2870683488771006,0.21211967934679177
t93,0.2823988448133808,0.21757681703031215,0.21875491371429256,0.22084300886427802,0.19342865024938882,0.27747198353387903,0.2805971713658118,0.28245524512050374,0.28287925187289403,0.2870683452717955,0.21211967403336007
t94,0.28239884374334634,0.21757681720211747,0.21875491386060322,0.2208430084087532,0.19342855249620447,0.27747198018652786,0.28059716768405707,0.28245524102324515,0.28287924797565256,0.2870683404639834,0.21211967407043628
t95,0.27126720107998137,0.2175768167116448,0.21875491301266795,0.220843005166091,0.1934277949759961,0.2615964134318315,0.264542792966484,0.2662945564666229,0.2666943030679107,0.2628025005466861,0.2121196738465333
t96,0.27126719840792946,0.21757681537630164,0.21875491144080125,0.22084300333056606,0.21788126061436683,0.26159640380831384,0.2645427830894748,0.2662945464810022,0.2666942918158764,0.24565105371030238,0.2121196732676062
t97,0.24886551922550906,0.23848634150388226,0.23977765447679464,0.24206641377088542,0.23882042229439152,0.24452369419300335,0.24727778192600502,0.2489152189286917,0.24928887658672075,0.24565105321658848,0.21211967366432066
t98,0.2349901898244969,0.23093909054537454,0.23218953783583535,0.23440586432666058,0.2312625977030156,0.23678538035921962,0.23945231092703592,0.24103792859036727,0.2413997685447883,0.24565080391838687,0.21211967347716376
t99,0.23351653987559112,0.23093908147176406,0.23218952865427842,0.23440585531265806,0.23126258841704442,0.23678537122404889,0.23945230130379128,0.24103791894786006,0.2413997558150899,0.24565105250543018,0.21211967346137375
t100,0.2326542971089116,0.23093907705742758,0.23218952420054048,0.23440584929816094,0.23126258081792134,0.23678536528375005,0.23737809158682507,0.23894997342846416,0.23930867695644614,0.24565105201569384,0.21211967355586903
t101,0.235853372541358,0.23093907890203866,0.232189526275778,0.23440585313668177,0.23126258118746928,0.23678536944314124,0.23945229987576663,0.241037917435485,0.24206632511605997,0.24565105282998556,0.21211967630596706
t102,0.26596837803640855,0.25250668592967473,0.2538739133063438,0.25629722514420566,0.2528603884180068,0.25889896626826064,0.2595470455983989,0.2612657277439148,0.26165787833556525,0.2551206115098436,0.24691236550940665
t103,0.28749594583546156,0.2755056378987067,0.27699739685331654,0.2796414335365516,0.2366749475227489,0.2824801478999084,0.28566174207456224,0.28755335212247746,0.28798501003007787,0.2837825134934555,0.2825934785651711
t104,0.29589303415423357,0.2755056427465715,0.276997402292657,0.2824768229058771,0.23787728919671897,0.28534431986587633,0.2885581739523396,0.29046896416590673,0.2909049985135473,0.28378251879534633,0.2932134521601958
t105,0.2985681425569684,0.2755056478241045,0.2769974071300698,0.2824768136782032,0.27868891778285726,0.28534431125519627,0.2885581653355166,0.290468955300929,0.29090499073923565,0.2837795890616441,0.29321343420882995
t106,0.2874959519452206,0.24071944464869588,0.24202284952565414,0.2443330407009288,0.19342772414524156,0.24681333152891052,0.24959320835202412,0.25124597795737097,0.2516231348910343,0.24565105268326493,0.24691236872337438
t107,0.287495950985041,0.2169256840645563,0.2181002548224094,0.22018209603065544,0.19342772261188015,0.22241722559168825,0.22492232746481097,0.22641173032058842,0.2267516077836829,0.21282437910232987,0.2121196795142392
t108,0.2874959510912385,0.21692568347722854,0.2181002544889833,0.22018209622245144,0.1934277230810726,0.22241724152501718,0.22492234497780736,0.22641174896860922,0.22675162570525836,0.2128243709254058,0.21211967398142592
t109,0.28749573925503713,0.2169256814385564,0.21810025217905626,0.22018209369825448,0.19342772373113304,0.2224172269045363,0.22492232981573376,0.22641173351182609,0.2267516101987029,0.2128243682903157,0.21211967349243038
t110,0.26596842715764574,0.21692568077687427,0.21810025104309558,0.22018209195611008,0.19342772314151507,0.2224172204303412,0.22492232228697234,0.22641172518193395,0.22675160243507894,0.2128243682892491,0.21211967348918956
t111,0.2659684268254956,0.21692567912327948,0.2181002490540181,0.22018208834322117,0.19342772354094945,0.22241721609705845,0.22492231747569102,0.22641171985285005,0.22675159739416373,0.21282436819855946,0.21211967334048143
t112,0.26596841604999477,0.21692568035384618,0.21810025026225538,0.22018208947430756,0.19342772374667555,0.22241721637716141,0.22492231754692357,0.22641171973285007,0.22675159760743716,0.21282436905225555,0.2121196732283839
t113,0.2659683460455022,0.216925698269806,0.2181002689874236,0.22018211077350044,0.19342772719925574,0.2437180181104389,0.2464630321811463,0.2480950739571389,0.24928884732352008,0.24565104627112955,0.21211967442654547
t114,0.28749594447463356,0.27550563942934536,0.2769973977085329,0.2796414317581976,0.27589157709943274,0.2824801458514185,0.28566173923019617,0.2875533490259735,0.2879850081165161,0.28378247498446724,0.26859554858459367
t115,0.2874959862916685,0.27550568269531284,0.2769974417864435,0.2796414773873426,0.2758916189178462,0.28248019253574014,0.28566178734852443,0.2875533975303106,0.28798505697391663,0.28378254984136403,0.26859554947044334
t116,0.3960086819475266,0.2755056856860367,0.27699744917339014,0.27964193036111834,0.27589203924394606,0.3818908050842335,0.38619206923876276,0.3887493761534221,0.38933294635930094,0.3836515118677064,0.26859555035780264
t117,0.38867176095240297,0.2755056846985817,0.2769974479854833,0.2796416043253208,0.2758917244771815,0.38189080857665947,0.3861920730347662,0.3887493802369521,0.3893329504948705,0.3836515189681097,0.2685955490812387
t118,0.46428103079558525,0.2755057108702999,0.27699747075289444,0.4432298488047954,0.4372622832349439,0.44772919146679646,0.4527719979346689,0.45577018726799395,0.45645436418093377,0.3836515231217585,0.9483035524170774
t119,0.3227821371856109,0.27550568464543856,0.27699744541919946,0.27964149410748573,0.27589162639787024,0.3273005168638654,0.3309869269870885,0.3331786758986097,0.33367882253983666,0.3288095335186165,0.21211967649387087
t120,0.28749594474307727,0.2755056807156936,0.2769974400860707,0.27964147763155395,0.27589161891864766,0.28248033223188657,0.28566192928397194,0.28755354380191767,0.2879851980750211,0.28378253706420076,0.21211967399056816
t121,0.27081950929411247,0.2678303168079599,0.26928051621676247,0.2718508903132798,0.2682055016952358,0.2746105209171788,0.27770347924123023,0.279542391548052,0.27820380573126924,0.27414404776801254,0.21211967319930575
t122,0.2659684249903794,0.2626863167351022,0.26410866326376076,0.26662967020291556,0.26305429787398266,0.2693362987740484,0.2723698531483542,0.27417344662732407,0.2729746760124456,0.24565106465118045,0.212119672623819
t123,0.2659684362078992,0.2626862567909925,0.2641086030152109,0.26662960944515807,0.26305423816992185,0.26933623742518564,0.2723697911470258,0.27417338431050725,0.2729746061879261,0.2456510544420874,0.2121196692132584
t124,0.2741196701427328,0.2626872415580446,0.26410959330589046,0.2666306095345728,0.2630552216857745,0.26933724820371296,0.2723708131534714,0.2741744129039664,0.2728615569575303,0.24565105386088812,0.21211966823948808
t125,0.287495934470323,0.27040130187446537,0.27186542252536383,0.27446047115893035,0.2707800799660631,0.27724660855112854,0.28036925709421734,0.28222582126270723,0.28087438587880054,0.24565105386364824,0.21211967182341213
t126,0.28202787362917087,0.265258316561697,0.2666945900946864,0.2692402817994179,0.26562987377714536,0.27197343469296603,0.27503669118018004,0.27685794372472045,0.2755322165447849,0.24565105401346374,0.21211967297027756
t127,0.2874959437704841,0.2704012737937368,0.2718653943960554,0.2744604430994245,0.27078004208371154,0.2772465739302633,0.28036922192788716,0.2822257855799175,0.28264942862592374,0.2456511390336662,0.21211967434114082
t128,0.2874959449048242,0.23848636509790655,0.23977767830291968,0.24206643794657365,0.23882044241218536,0.24452371894466338,0.24727780507922315,0.24891524183226676,0.24928890046492302,0.24565105857228364,0.21211967761571052
t129,0.2874959422072298,0.21757681674317447,0.21875491254482743,0.22084300251672373,0.21788160157220982,0.22308484012963403,0.22559746093171126,0.22709133383458013,0.24206633941146932,0.24565105147480373,0.2121196744419942
t130,0.26596842723877695,0.19315689034633013,0.19420276163964384,0.196056493138593,0.1934274759723127,0.19804671459878892,0.20027732908170712,0.20160353569551098,0.20509407803104732,0.20813125596069243,0.20143484727311758
t131,0.2659684255455635,0.06570094080815235,0.06605668758590566,0.06668722178210336,0.06579298012346502,0.06736418125058241,0.06812290887703788,0.06857400849233034,0.0689041565213016,0.0678986644110801,0.2014348276064597
t132,0.2156096419944045,0.065700934397782,0.06605668151219064,0.0666872152157445,0.06579297357718954,0.06736417480668548,0.06812290235439647,0.06857400192240534,0.06890414212692487,0.06789865035600974,0.20143482717748876
t133,0.21560930424988758,0.06570093296090489,0.0660566799941979,0.06668721359533983,0.0657929721341901,0.0673641730374063,0.06812290058734866,0.06857400018602856,0.06890413148460943,0.0678986455481188,0.2014348271307978
t134,0.2156093015886925,0.06570093271194456,0.06605668061476384,0.06668721457569965,0.06579297306722258,0.06736417450959613,0.06812290228168749,0.06857400209899506,0.06890407290145052,0.06789864101142502,0.2014348270947367
t135,0.2156093006114432,0.06570093471377945,0.06605669361376389,0.06690784314969164,0.06601064317913148,0.06758704364126814,0.06834828178410325,0.06880087430562548,0.0689041549094597,0.06789865139989502,0.20143482705218538
t136,0.21560929906955015,0.0657010907857171,0.06605684273580094,0.19405886856481944,0.1914566382567649,0.19602881356163046,0.19823670065025253,0.1995493948013794,0.21007538529444705,0.21282424541970618,0.20143482709849245
t137,0.22966089914668197,0.2059987527905361,0.20711415965037486,0.2090911383722362,0.20628732553668577,0.22147338612280346,0.22396785726690166,0.22545093934804258,0.23571073036078605,0.23920133738785013,0.20143482857999176
t138,0.2857994400840818,0.21757698221374516,0.218755080604997,0.2208431814936676,0.21788177557998611,0.28081323883591885,0.28397605866991965,0.2858565060080816,0.2862856243335839,0.28378243577014545,0.21211967352934794
t139,0.2857995847150664,0.21757698265477102,0.21875508187781553,0.22084318783170953,0.2178817735350961,0.28081331160976225,0.28397613235609176,0.28585658021096244,0.2862857039328333,0.2837824355654265,0.2121196734969245
t140,0.2857995073920801,0.21757698292581445,0.21875508219778386,0.22084318627083718,0.21788176517193686,0.2808133122200843,0.28397613310187425,0.28585658106294165,0.28628570448984797,0.2837824346170091,0.21211967330449888
t141,0.2857995176432971,0.21757698264611244,0.21875508139958985,0.2208431814607957,0.21788175950891248,0.2808133226947853,0.28397614412459987,0.2858565924955484,0.28628571360115135,0.2837824331802181,0.21211967344326244
t142,0.2857995160037743,0.21757698213865131,0.2187550805028792,0.22084317868125616,0.2178817578470247,0.28081332282687993,0.28397614466115295,0.2858565933980174,0.2862857107795275,0.28378242145391425,0.21211967299179874
t143,0.2857994319488692,0.2175769812282284,0.21875507924137128,0.22084317551192018,0.21788175922722497,0.2808133109911635,0.2839761321973684,0.28585658047483237,0.286285696309051,0.283782313042885,0.21211967196822656
t144,0.2659684328711168,0.21757697916956475,0.21875507672374095,0.22084317035382425,0.21788176264350492,0.2613282046833698,0.264271563137301,0.2660215304664507,0.26642086767191014,0.26253304109852366,0.21211966666742343
t145,0.2535632773091537,0.21757696990570377,0.21875506706906658,0.22084316042547425,0.21788175840734,0.24452362707815412,0.24727771421087463,0.2489151505246317,0.24928881022988905,0.2456510346737913,0.20143482829662396
t146,0.2156092961053543,0.20661708546995253,0.20773583817082547,0.20971874653876502,0.2069065196294115,0.21184765722504673,0.21237801579338886,0.21378435119648134,0.21410527442615024,0.21282441897706225,0.2014348273889106
t147,0.21560923892155848,0.2059987660212915,0.20711417036880014,0.2090911417498604,0.20628733230451995,0.21121368190692563,0.21174239376832277,0.21314451750337915,0.21346448267297077,0.2128244130113705,0.2014348271823861
t148,0.21560929499582557,0.2059987595080909,0.20711416400425858,0.2090911375716036,0.20628732640788897,0.21121367794109894,0.21174238928473574,0.21314450987561956,0.21346447797040732,0.2128244083130965,0.20143482711849484
t149,0.21560929945840732,0.20599875769893242,0.20711416237578065,0.20909113676356408,0.20628732137737027,0.2112136767196092,0.21174238892487346,0.2131445146609589,0.21346447754759587,0.21282455949956264,0.2014348271243543
t150,0.23133189170000026,0.21757674939532368,0.21875484528481964,0.22084293565708135,0.21788151866815977,0.22308480895952826,0.22559742928632434,0.22709130199714156,0.23742573028333405,0.24565103701300528,0.2014348275449781
t151,0.24165521219632452,0.20985808627685737,0.2109943886398471,0.21300840336481092,0.21015203299446533,0.2374391750290729,0.24011346967140906,0.24170346554031535,0.24206632709546788,0.24565105401016954,0.2014348284717143
t152,0.26153892514910027,0.21757682066096112,0.218754916996796,0.22084300854950267,0.21015207665720134,0.25221495051989046,0.25505566607298213,0.25674460727700393,0.25713001917552675,0.2541179702913763,0.2121196675824501
t153,0.25356329165018243,0.20985871444493168,0.2109950196822954,0.21300903906050966,0.2101526523037224,0.24452364035599702,0.2472777281160681,0.24891516495925783,0.24928882348282438,0.24565105050838615,0.20459515209840567
t154,0.21560929665401962,-0.11546683807873645,-0.11546682681633616,0.19605674587352231,0.19342772429171118,0.20605977285606378,0.20838063952446628,0.20976050558998133,0.2100753896232743,0.20700989450578994,0.2014348274015101
t155,0.21560929470224674,-0.13375076214069526,-0.1309571284421793,0.06668723673000981,0.0657929948889122,0.06736419715170201,0.06812292503985008,0.06857402514086672,0.06867696477623983,0.06767477006961434,0.2014348272046804
t156,0.07048613865081041,-0.14455124641013584,-0.13845813317217814,0.06668722377139034,0.06579298183527321,0.06736418397183687,0.06812291157827693,0.06857401146058478,0.06867695169829495,0.06767473297518124,0.2014348273505316
t157,0.07048606770238093,-0.1445512476154354,-0.13845813736491064,0.06668721840649053,0.06579297612254474,0.06736417832251997,0.06812290547730018,0.06857400517952207,0.06867694501258854,0.06767473231517092,0.2014348273225303
t158,0.0704860681129892,-0.14455124810432995,-0.1384581384281178,0.06668721925777683,0.06579297736546463,0.06736417886513317,0.06812290443858185,0.06857400387736723,0.06867694405701504,0.06767474102422845,0.20143482715809483
t159,0.07048607472443984,-0.1445512479626779,-0.13845813901776083,0.06668722673116648,0.06579298484853474,0.06736418638166146,0.06812291302438997,0.06857401245925764,0.0686769534484002,0.06767476659109736,0.2014348271471462
t160,0.07048640804471856,-0.14455124699361724,-0.13845813774200041,0.06668753924644147,0.06579329319952991,0.06736450218941253,0.06812323309913255,0.06857433456958469,0.06867727974642139,0.06806098182157543,0.2014348271619508
t161,0.21560929523284017,0.19638254647555028,0.1974458855412409,0.1993305810367892,0.1966576578592606,0.20135404062452575,0.2036219056675361,0.2049702593338306,0.21007539138041967,0.2131863644414174,0.2014348287445227
t162,0.2558557226471423,0.23848629984743705,0.239777612884003,0.2420663724624624,0.23882036814453111,0.2445236534344742,0.24727774055912446,0.24891517654759912,0.24928884336019924,0.24565105422371128,0.21211967483469665
t163,0.2570991731622821,0.23848631352987526,0.23977762754231519,0.2420663913829424,0.2388203299833129,0.24571202444884446,0.2484794965896809,0.25012489076990524,0.2505003703564698,0.24684488254973946,0.21211967460835487
t164,0.263489728208563,0.23848631443502208,0.23977762851317497,0.242066393411411,0.2283510896357914,0.2518195492747409,0.25465581160980777,0.2563421049683749,0.25672691316663915,0.2529805623916545,0.21211967870631115
t165,0.2535633215222632,0.2384863134293194,0.23977762695531285,0.24206638805751066,0.22835103437597465,0.24452367511333048,0.24727776264464807,0.24891519922318558,0.24928885876656823,0.24565105361631911,0.21211967441876234
t166,0.24886548105766915,0.23848630364297083,0.23977761661246508,0.2420663760023475,0.23882035060996404,0.24452365655179456,0.2472777441496561,0.24891518075629263,0.24928884153500164,0.24565105310060584,0.21211967361248635
t167,0.22704599379245946,0.2175768223948212,0.2187549181863946,0.2208430081715796,0.21788160366076223,0.22308484430878098,0.22559746489014215,0.22709133779386392,0.22743224493424458,0.2308002519585657,0.21211967362752185
t168,0.22636651719570644,0.21692568617359248,0.2181002559263102,0.22018209535332586,0.21722955660959403,0.2224172216767185,0.22297398136446023,0.22445048135578533,0.2247874160212684,0.22150715232637547,0.2121196732046439
t169,0.22193705655999388,0.21268096209742307,0.2138325481292628,0.2158736492367763,0.2129788867329613,0.21806503937356697,0.21861090355529425,0.22005851133949506,0.220388853768397,0.2171727794149227,0.21211967260376802
t170,0.22193705973181405,0.21268095895453698,0.21383254490612244,0.2158736459655147,0.2129788862678323,0.21806503662831886,0.21861089902223202,0.2200584992844805,0.22038884840782913,0.21717277100593074,0.21211967255356143
t171,0.22193705326486912,0.21268095131435688,0.21383253727715087,0.21587363937667778,0.21297887909802377,0.21806502995940902,0.21861089249389337,0.22005845467780077,0.22038884240776,0.21717278249258906,0.21211967287907899
t172,0.21934683459075377,0.21268046064187293,0.21383204410342468,0.21587314256435836,0.21297838562906424,0.21806452725533834,0.22052059979560903,0.22198085439262125,0.22231408110944692,0.21917127413766552,0.21211967326886505
t173,0.21934675161038966,0.21692569112882465,0.21810026110972452,0.2201821019509801,0.21722955356088608,0.22241722877554343,0.22492232996730674,0.22641173258112876,0.22675160965249994,0.23010953707319862,0.21211967320162722
t174,0.21934693444111025,0.21692588237611404,0.21810045340959536,0.22018229615309934,0.21439582322331815,0.2224174256270867,0.22492252935287468,0.22641193341475796,0.2267518124709604,0.2301097581458884,0.21211967343111332
t175,0.21934716500468615,0.21757681891323502,0.21875491478192427,0.22084300511688523,0.21439566861358747,0.22308484327340758,0.2255974642443567,0.22709133776579096,0.22743223764340312,0.24565105321008487,0.2121196737118333
t176,0.2488655157707336,0.23848631519617497,0.23977762812729542,0.2420663890102435,0.2353636236729587,0.24452369220853834,0.24727778048793753,0.24891521759161725,0.2492888790801083,0.2529805597461817,0.23320261963035321
t177,0.2156093026718462,0.21100231768234753,0.2121448147500176,0.21416980854141576,0.19342772742017125,0.21634390291129382,0.21878060001343239,0.22022933283917007,0.2212889780388198,0.2456510531011146,0.21211971280396733
t178,0.20936251778270687,0.2006308304400535,0.20171717086736884,0.20364263145862302,0.19342772322226823,0.20570986244839343,0.20802678764442373,0.20940431044850472,0.20971865764281963,0.21282434182267856,0.21211967325396644
t179,0.21560927175418548,0.1995937595070584,0.2006744902515993,0.20258999776896056,0.19342772200901096,0.20570982230838858,0.20802674776201882,0.20940427049118385,0.21007525615006203,0.21186170644215443,0.2121196731591645
t180,0.21560929812809707,0.19959376184926317,0.20067449432653936,0.20259002004944654,0.1934277235195024,0.20570982447804353,0.2080267503603147,0.2094042732178651,0.2100753757950621,0.2128243394770698,0.21211967322597464
t181,0.22166222817845282,0.19959376245489313,0.20067449200669474,0.20259000254752504,0.1934277227811313,0.20570982151276138,0.20802674684543376,0.20940426949431368,0.21041182533548758,0.21282434024501717,0.21211967321510217
t182,0.22166222735967175,0.19959376299734596,0.20067449300463555,0.2025900047205725,0.19342772273360903,0.2057098218076275,0.20802674703506485,0.20940426964327896,0.21041182765277566,0.21282435124020962,0.2121196732354012
t183,0.22166223264904247,0.19959376754045335,0.20067449926214434,0.2036431899485551,0.19342772236513595,0.20571043473178371,0.2080273672157252,0.20940489404773877,0.21597297324815595,0.21917128368327482,0.21211967316767005
t184,0.24844293431978537,0.19959380419864053,0.20067453300682467,0.2043524349673842,0.19342772256457486,0.2064268727334203,0.20875187414856217,0.21013419838555308,0.24206631537007647,0.2456510383157028,0.21211967328168452
t185,0.24844295121130208,0.20679940877512024,0.2079191520255014,0.2099038328255105,0.193427724720745,0.23743918944074752,0.24011348474367147,0.24170348091553384,0.24206633097540547,0.2456510525089478,0.2121196798969519
t186,0.28749592833874504,0.27550563139225676,0.2769973896283711,0.2796414240039642,0.2758915560904344,0.2824801375575682,0.28566172936242845,0.28755333914938563,0.2879849971312704,0.28378248351230384,0.28170505917253025
t187,0.2874959269178706,0.27550563655714144,0.2769973944523294,0.27964142716484314,0.2758915142911865,0.28248013878371786,0.28566172757364555,0.2875533372799985,0.2879849960824672,0.2837824731300734,0.2825935020936231
t188,0.2874959457860465,0.2755056382312829,0.2769973966443338,0.2796414313619386,0.27587332930771263,0.2824801451049175,0.28566173930809835,0.287553349275676,0.2879850080696934,0.2837824766174021,0.28259350076731754
t189,0.28749593198735873,0.27550563713515536,0.2769973952044866,0.2796414288346004,0.275870823231765,0.282480141649833,0.2856617346224926,0.28755334441878866,0.28798500333335586,0.28378249763231667,0.2825934979380195
t190,0.28749592847468863,0.2755056333545715,0.2769973914703294,0.2796414253772623,0.27589155180423613,0.2824801387887583,0.2856617323099526,0.2875533421485184,0.287985000765613,0.2837824715061217,0.26940177602782117
t191,0.2785803874704337,0.2755055320198902,0.27699728931371337,0.27964131961950905,0.27589146119408736,0.2824800325428477,0.2856616252132985,0.28755323451795683,0.28798488568580577,0.2837823945403485,0.26859555059623735
t192,0.26349605431176143,0.25250669980674734,0.25387392723868396,0.2562972379999508,0.25286041606795445,0.2588989789641551,0.261814975151266,0.26354867529397696,0.26394429832460836,0.24565105941132112,0.24691236751975004
t193,0.2659684248760467,0.25313460285712736,0.2545052300841224,0.2569345682076709,0.2534891992109263,0.25954277892219335,0.26246602703743926,0.26420403833937534,0.2646006448966326,0.24565105486012903,0.2469123680542296
t194,0.26342624652770896,0.25144030417270385,0.25280175710179076,0.25446185511283803,0.25104963543657866,0.25704496405726357,0.25994004182291314,0.2616613263675255,0.26205411530970596,0.24565105363712111,0.24691236754581655
t195,0.2502962582240982,0.2491967287989438,0.250546033453646,0.25218062398354035,0.24879900088396723,0.2547405716411312,0.2566585289090839,0.25835808382104397,0.2568896681903477,0.2456510535270478,0.2429465221236741
t196,0.23752796674571275,0.23577680561795125,0.2370534469831651,0.23931620139620793,0.23610708377429498,0.24174556338071812,0.2444683609135055,0.24608719452203717,0.24645660656656146,0.24565105309329144,0.22986317466070252
t197,0.23769478214849168,0.23577679158958348,0.23705343236169685,0.2386000182074931,0.2354005063258744,0.24102210969524965,0.24373675803935224,0.2453507468940669,0.24571905363938712,0.24565105312986074,0.22986316746500365
t198,0.24114801526408336,0.24008865325686832,0.2413886412029928,0.24296350134668054,0.23970547309762408,0.2454298869657339,0.2472777751183533,0.2489152121545771,0.24928886405657316,0.24565105336237242,0.23406688563077035
t199,0.2411480141188176,0.23848632546251047,0.2397776378699014,0.24206639550801867,0.19342772793528998,0.24452367531278313,0.24727776281939085,0.24891519990554004,0.24928885644311588,0.24565105350568123,0.24691236228853833
t200,0.24843281705962875,0.23435310132631793,0.23562203643850224,0.23787113313468825,0.19342772346949652,0.24409851978061634,0.24684781965032762,0.2484824099879152,0.248855419183743,0.245651053036837,0.24691236640624542
t201,0.24843271574437803,0.2099375397869037,0.21107427208258953,0.2130890473083148,0.19342772284390605,0.21525217101886052,0.2176765718888375,0.21911799368441978,0.24027833041160174,0.24565105223422887,0.2469123677987671
t202,0.2558183326354353,0.20993753469686888,0.21107426687806471,0.21308904173326076,0.19342772289397414,0.21525216518854282,0.217676566108904,0.2191179880000996,0.24747436918060006,0.2456510531655196,0.24691236801142788
t203,0.26596842483404737,0.20993753667930506,0.21107427203578227,0.2130890490443625,0.19342772275576542,0.21525217420587198,0.2176765777643935,0.2191180002307201,0.2474743789866825,0.24565105324765188,0.24691236808382586
t204,0.2659684256163524,0.20959311969174146,0.21073651152518463,0.21274808436362103,0.19342772229747912,0.21490775123312586,0.2549504619924064,0.256638710150661,0.25702395882595064,0.24565105419812272,0.2469123682059421
t205,0.2659684258356367,0.20959310763266067,0.21073650835174154,0.2127480764834182,0.19342772235727987,0.21490774277352834,0.254950455675405,0.25663871353529605,0.2570239521989457,0.24565105527729664,0.24691237921094608
t206,0.26596842583066255,0.20959310570734477,0.21073658310940857,0.21274816559202317,0.19342772206604533,0.2149078328995782,0.2549504611129231,0.25663877852196615,0.257023957812066,0.24565108894878251,0.329235805245123
t207,0.26596842621603406,0.20244020050417952,0.24721752599785513,0.24957731469412148,0.1934277223438332,0.2521108435931333,0.25495039035773226,0.258260566003814,0.2570238869611231,0.26250383657565607,0.3292358098502291
t208,0.2659684295456189,0.19586979340634394,0.24083082698332403,0.24312968167042698,0.19342772242052564,0.24559775885986926,0.25665850420581793,0.25835807568823443,0.25874589478607285,0.27856401682381227,0.32923581034171806
t209,0.2659684400746453,0.18509455198417563,0.2488738235458607,0.25124946290819794,0.19342772312601467,0.2537999652984191,0.25665853730301386,0.25835809328901366,0.2652801551172105,0.29605006536275597,0.3292358086155222
t210,0.2966797014373897,0.16179248168862667,0.26276878954483,0.2652770985742777,0.19342772305494452,0.26796999808800037,0.27098816465279113,0.27278260880767385,0.2731920972954602,0.32755378510210603,0.3292358086736178
t211,0.29767289320479257,0.2613538052626408,0.26276894373067755,0.26527719434418723,0.19342772407234277,0.2679700942280528,0.27098826151452277,0.27278270626374945,0.2731921933757558,0.33050027222882805,0.32923581018819487
t212,0.2844021778194891,0.2613538273665955,0.2627689642500047,0.2652772060789688,0.26171995693965233,0.2679701049342744,0.2709882720960911,0.27278271686992517,0.27319220428446406,0.3305002801410342,0.32923581059768436
t213,0.2844021745660618,0.2613538545009386,0.26276898681441185,0.2652772086014108,0.2617199147997713,0.2679701072465412,0.2709882743665939,0.27278271914409224,0.2731922062483582,0.3305002769867025,0.32923580840020283
t214,0.29682125434303885,0.2613538578588352,0.2627689901140381,0.26527721147816025,0.2617199256218577,0.2679701102607649,0.27098827733831504,0.27278272208191884,0.27319220889836404,0.3305002663744726,0.3292358034563849
t215,0.2844021700187511,0.2796951567256941,0.2812095990586276,0.28306510623064746,0.27926932563585394,0.2859385739300267,0.2891591209569899,0.29107389015445584,0.29151083481818474,0.2993363814498212,0.2761191397772217
t216,0.2659684263430117,0.2627961989360554,0.26421914000805785,0.26674119877775426,0.2631643244992155,0.2694489588902252,0.27248378123472533,0.27428812865459595,0.27297469650481054,0.2551206097008338,0.24691236805530792
t217,0.2659684257681528,0.25487594740470737,0.25625600335897986,0.2587020520719456,0.25523298195254196,0.26132820481022034,0.264271562306621,0.2660215295770842,0.26642086456447306,0.24565105504520954,0.246912367549718
t218,0.2659684244517067,0.25487593829296185,0.2562559943120302,0.25870204394452995,0.25523297208543727,0.26132819683533365,0.26198242740137345,0.2637172362892656,0.2641131110440458,0.24565105342679125,0.23774747943835048
t219,0.258306842461062,0.24753389010138277,0.24887419172202244,0.25124977959527217,0.24788063925385398,0.25380028263490145,0.2566585324605915,0.2583580873187821,0.25874591548045955,0.24565105330334872,0.21211967387186287
t220,0.25830649978901987,0.2475335769232621,0.24887387690257473,0.2512494619604458,0.2478803256851713,0.2537999618161793,0.2566585283059233,0.25835808330049576,0.2587459085516733,0.2456510532626239,0.21211967355623812
t221,0.2583059920164503,0.24753309502602125,0.24887339228499852,0.2512489723437945,0.2478798424099871,0.25379946718423424,0.25665802860091647,0.2583575803647914,0.2587454042791368,0.24565105322402236,0.21211967369115411
t222,0.25830651042599334,0.24753358233347444,0.24887388237528735,0.25124946749446725,0.24788033134955031,0.2537999674003988,0.256658532664319,0.2583580875979406,0.2587459163781861,0.24565105347190527,0.23774748008553553
t223,0.23752796878114774,0.21004963715540614,0.21118697703891662,0.21320283023276415,0.19342772330624589,0.23338393091423187,0.23601255185084208,0.23757539272869174,0.24206632100671718,0.24565104904958948,0.21211967521697037
t224,0.23752797034943626,0.2100495062101344,0.21118684494897888,0.21320269584014137,0.1934277227540401,0.21536697846333833,0.23163990149183186,0.23317378841105305,0.24206631147385602,0.24565104627559448,0.22130630048526684
t225,0.2558557388818736,0.2100163535644939,0.21115351212246805,0.21316904305459447,0.19342772236195688,0.21533297949375776,0.24727774579456396,0.24891518437095117,0.24928884214927877,0.245651051273204,0.24691236694231133
t226,0.2659684242146814,0.20993752952569034,0.21107426147647795,0.21308903475134455,0.19342772185227133,0.215252158800321,0.2510206690685261,0.25268290539752597,0.25306220501142834,0.24565105276267488,0.2469123678809421
t227,0.2659684257989689,0.20389067855344364,0.20499468322919542,0.20695142923430207,0.19342772016298093,0.20905231936168905,0.25102066258662326,0.2542798482444969,0.253062198268466,0.24565105299306073,0.24691236800110367
t228,0.26596842599603543,0.20158996354328898,0.2026939688936946,0.204628755762097,0.19342772044769277,0.20675159956469932,0.2510206580248138,0.2566387843775245,0.2530621938739523,0.24565105320163416,0.24691236818438517
t229,0.2659684259240354,0.20158996509200816,0.20269396479209872,0.2046287527034389,0.19342771570962708,0.20675158935526317,0.2510206514742421,0.2583580430107738,0.2530621874205572,0.24565105332883083,0.24691236953010817
t230,0.26596842574740065,0.20158997122260922,0.2026940100421202,0.20462880381523912,0.193427718237429,0.2067516045590975,0.2510206668926801,0.25663877676390645,0.2530622028668359,0.2456510533855636,0.3292358039320287
t231,0.2659684257842223,0.2015899784908535,0.20273851763109338,0.20467374241434136,0.19342772238774644,0.20675159940833152,0.25102065699282683,0.2542797823680764,0.25306219258806123,0.24565105340339227,0.32923580984941353
t232,0.26596842528272746,0.20389118625912003,0.2049952325365419,0.20695199006358173,0.1934277221768433,0.20905282629310554,0.2510211475067504,0.2526833748313914,0.2530626874158757,0.24565105348647073,0.333978086348783
t233,0.26596842539386367,0.20551073645610898,0.20662356074102478,0.2085958674395544,0.19342772229217342,0.21071339225047991,0.2526070123934654,0.2542797414363949,0.2546614499511561,0.24565105361951523,0.35060638978761083
t234,0.26596842582412805,0.24362612539079384,0.24494526976690026,0.24728335721235822,0.193427723078779,0.24979359695162062,0.2526070417223813,0.2542797748429936,0.25466147914553683,0.2456510538313626,0.574863815026926
t235,0.265968428985936,0.24753357920507196,0.24887387945451386,0.2512494647835666,0.1934277452965714,0.25379996321359183,0.2566585308738386,0.2583580862430325,0.258745918082398,0.24565105914698082,0.574863814525221
t236,0.29767291328305606,0.2939097707504893,0.2955011808321483,0.2983218424546369,0.2943214778261534,0.30135016728871894,0.30474429625766164,0.30676226817203706,0.30722276325328624,0.3232327769740839,0.5748637757384967
t237,0.2976729102744667,0.29390975549790754,0.2955011656864715,0.2983218282171524,0.29432144509088176,0.3013501692491657,0.30474429795415675,0.30676226976254245,0.3072227647434224,0.32323268293328355,0.33397808306648297
t238,0.2814214590771974,0.2807471276088738,0.28226726655491213,0.2849616026246623,0.28114036452857827,0.2864184213476323,0.28857488325536174,0.29048578271605763,0.2909218447384974,0.30558715607839754,0.32923580627598276
t239,0.2659684259496398,0.2544861521327819,0.25586409699221585,0.25344488091784556,0.2500463008539674,0.2560176665393634,0.25665853281904305,0.2583580840317664,0.2587459204378729,0.24565105423815298,0.2533933798406495
t240,0.26596842551122996,0.25042946693087326,0.2517854467256022,0.25344488324314335,0.25004630729697375,0.2560176697964877,0.25665853499808094,0.258358088197827,0.2587459222773454,0.2456510535021863,0.24691236804773303
t241,0.260563594254795,0.2532645994816414,0.2546359303289335,0.2534448759024889,0.2500463027083904,0.25601766208741833,0.2566585273799354,0.25835808000812627,0.2587459138666034,0.2456510532974681,0.2469123623325783
t242,0.24289053511235104,0.23848632837423914,0.23977764095200074,0.24206639907456892,0.23882040501142715,0.24452367910835707,0.24727776667179763,0.24891520354237517,0.24928886154061042,0.2456510530411491,0.2121196740223115
t243,0.23752796227391257,0.2343533370270716,0.2356222708779983,0.23787136355005467,0.23468162296340306,0.24028605858711558,0.24299241737045416,0.24460147726128828,0.24496865965382666,0.24565105282172772,0.21211967359020156
t244,0.23752794052501272,0.23435329749430336,0.23562223107285646,0.237871323202741,0.23468158161243716,0.24028601784335168,0.24299237628630374,0.24460143594557954,0.2449686181624767,0.24565105272690285,0.2121196736863009
t245,0.2375279606422364,0.2343531641850695,0.23562209709192333,0.23787118640600094,0.23468144552444645,0.24028587966601223,0.24299223622384936,0.24460129489051505,0.244968476913428,0.24565105233777002,0.21211967369553847
t246,0.24289049478914954,0.2392021496882155,0.2404973376278397,0.24206640180336247,0.23882040733384804,0.24452368161953986,0.24727776863944084,0.24891520554294821,0.24928886184453194,0.24565105304526588,0.2332026098061456
t247,0.24886550425787876,0.23848632621046897,0.23977763943652985,0.24206639898373636,0.19342772493478627,0.2445236796509314,0.24727776759387535,0.2489152046926265,0.24928886205787829,0.24565105307767707,0.2446217943437185
t248,0.2488655031651786,0.2343531304584201,0.23562206444931733,0.23787115742084455,0.19342772353349758,0.24452366384936758,0.2472777520005236,0.24891518929512738,0.249288847342071,0.24565105148655764,0.24691236682451423
t249,0.2637947048688873,0.2343531027136082,0.2356220364250778,0.23787112864351323,0.19342772335195116,0.25211098309217644,0.2549505278189143,0.25663877301425814,0.25702402457938994,0.24565105291124628,0.2469123678724337
t250,0.26596842133125503,0.2343530944225134,0.2356220281718732,0.2378711202966717,0.19342772278299636,0.2402858494721407,0.24727772926999753,0.24891516736656208,0.24928882540687541,0.2456510532339658,0.2469123680573994
t251,0.2659684256822661,0.2205323371844859,0.2218014580958544,0.22391865021681406,0.19342772301833008,0.22646500688158205,0.24572473966255576,0.2489151217842552,0.24772320386538588,0.2456510536391731,0.24691236825999327
t252,0.26596842445477276,0.192114261420102,0.1942029547504761,0.19605670095883132,0.19342767069497113,0.1980469308120372,0.22396785591974103,0.25835807833784064,0.2257893732414402,0.2456510540519626,0.24691237764863064
t253,0.26596842702579276,0.1830449266410161,0.18530965579829065,0.18707850721240815,0.1845698744336805,0.18897759502628714,0.21920789117148268,0.2583580851405624,0.22099069603914434,0.26869966722517175,0.32923581056555207
t254,0.265968425693901,0.18304492510449433,0.18530965181386175,0.18707850193401238,0.1845698593992744,0.1889775921690113,0.2192078804263236,0.25835808335591326,0.22099068527018223,0.2456510765064757,0.34229226510454414
t255,0.2659684261850583,0.061431573110369155,0.06605674368478068,0.06668728255778877,0.06579303365457635,0.06736424510420337,0.22396787657389078,0.2583580861591419,0.27433632091661264,0.24565105738668644,1.1926923291985847
t256,0.26596842615740673,0.03868211869256767,0.06605659837454736,0.06668713516322233,0.0657928885648328,0.06736409488438466,0.25665740127493847,0.25835808740466903,0.34119083791286325,0.24565109042126476,0.3422922643861857
t257,0.26596842774199647,0.01963264001997035,0.06605673031790886,0.06668726845010342,0.0657930231561167,0.06736422964128237,0.25665843962359386,0.2583580852877732,0.34119276633263296,0.30850434296365536,0.3422922612234083
t258,0.2659684362109433,-0.1541028110103562,0.248873866049478,0.2512494566064548,0.19342772290127114,0.2537999574618116,0.256658527862122,0.2583580841311636,0.9784760619950243,0.3275539673768223,0.34229225766431787
t259,0.26596844177857887,0.26244767496819,0.2638687309749738,0.26638744956254085,0.19342772337665065,0.26909161878982685,0.27212241789184566,0.2739243726466861,0.9023211084361378,0.3275540038137193,0.3422922610557399
t260,0.26596846720248624,0.26244768102659993,0.2638687360273493,0.2663874547754898,0.2628152746006784,0.2687522002098116,0.27177917580839417,0.2735788573154661,0.2739895414738984,0.3894340257054406,0.389182157456472
t261,0.29767287059397735,0.2624476791547334,0.26386873379077747,0.2663874506968828,0.2628153074186685,0.2690916180175584,0.27212241644674356,0.273924370884122,0.2743355727334141,0.9136205270275799,0.8842257361733531
t262,0.29767291463949497,0.26244767754348014,0.263868731640587,0.26638744676553794,0.2628153170970741,0.26909161544031324,0.27212241287605116,0.27392436732013314,0.27433556648577634,1.008074790256511,0.3422922646771257
t263,0.29767291544220414,0.26279792057973406,0.26422087084302254,0.2663874489982635,0.26281532275401737,0.26909161605797316,0.2712440309979388,0.27304016888730087,0.2734500402733258,0.3275539660829167,0.329235805719114
t264,0.2659684263260686,0.25315771955632144,0.25452847183469746,0.2521218976043124,0.24874106573316265,0.2546812527484969,0.2566585127438265,0.2583580675442842,0.25874589551756977,0.2456510621518975,0.2469123681095844
t265,0.2659684256168486,0.24753358320808067,0.2488738830441944,0.2512494638310634,0.24788033096005122,0.2537999631622189,0.2566585272056246,0.2583580819802777,0.25874591448900275,0.24565105541392535,0.2469123678134237
t266,0.2659684210008975,0.249696457345079,0.25104846842602885,0.2534448095473613,0.2500462366617565,0.2560175946678467,0.2566585285477514,0.258358083336644,0.25874591545959125,0.24565105387350353,0.24691236635752067
t267,0.24289054373249214,0.2384844119496665,0.2397757139344751,0.24206445193312143,0.2388184842761083,0.24452171196958233,0.24727577676234758,0.2489132003845756,0.2492868549694678,0.2456510532109929,0.2121196751652583
t268,0.24289054308437033,0.23848441081860186,0.23977571285270413,0.24206445179846092,0.238818481791662,0.24452171195416267,0.247275777163529,0.24891320086542593,0.24928685513721408,0.24565105308658694,0.21211967347864724
t269,0.24289054832580995,0.23848441459640538,0.23977571662943703,0.24206445611216396,0.23881848658563878,0.2445217163907671,0.24727578171010392,0.248913205477679,0.24928685912984097,0.245651053388737,0.21211967346368402
t270,0.24289058573001682,0.23848441666025483,0.2397757189014167,0.2420644586581809,0.2388184922755388,0.24452171898489877,0.2472757844076008,0.24891320818196486,0.2492868625571617,0.24565105353981884,0.21211968995978683
t271,0.24517560059563354,0.23494835297967764,0.2362205088792456,0.23847531343057535,0.1934277254554686,0.24089613975541194,0.24360937065786253,0.24522251612018053,0.24559063180599283,0.24565105306437077,0.23774746464911056
t272,0.24859967988979156,0.21111050608301815,0.21225358929777316,0.21427961993049477,0.19342772319779558,0.21645482965939397,0.2188927766357236,0.22034225257142703,0.2206730206547394,0.24565105260799533,0.24671708287091204
t273,0.2517458799811358,0.21075784801965025,0.21189903751601263,0.21392168675152848,0.19342772239470638,0.21609326552677832,0.21889278613903082,0.22034226235085674,0.2214024175471218,0.24565105276668114,0.24691236728070992
t274,0.2659684252285445,0.20260963683468894,0.20381232505196864,0.20575779103635877,0.19342772195707283,0.20794504034682512,0.22538325091770303,0.22687570862933443,0.2272162795734647,0.24565105341398671,0.24691236791470716
t275,0.2659684259359732,0.19909849407865135,0.20046588184697817,0.20237940713233327,0.1934277205930486,0.2044338969580237,0.22396785670944494,0.2268757705640913,0.22578937402800958,0.24565105411468224,0.24691236815346784
t276,0.2659684271234728,0.18252063445457675,0.1842098663891335,0.18596821818357423,0.1834744704804871,0.18785603648056512,0.21808077339787688,0.2583580853931581,0.21985441146962562,0.24565106484528712,0.2469123684620417
t277,0.29767289714100137,0.12983513296678095,0.13254695830075022,0.13381216891461958,0.13201781010728547,0.13517053513260208,0.21807997363330192,0.2583580974179906,0.2198536050604013,0.3204978649099628,0.31018618560042216
t278,0.2976729082336317,0.018890826238311117,0.06605668692790674,0.06668722472431257,0.06579297554695025,0.06736418635381292,0.21808027763292764,1.7993914703164322,0.21985391144980165,0.3204978347279333,0.310186193063316
t279,0.2976729018524496,-0.15410282973655337,0.11455830092918748,0.11565180236253095,0.11410096749094503,0.11682581944752053,0.23458311832269926,0.2727824265585468,0.23649096880986611,0.4182709553605179,0.31018618902849165
t280,0.29767289759289667,-0.15410282922528137,0.06605669399598317,0.06668723060364216,0.06579298730381751,0.06736437756258898,0.2692861049399669,0.27278242421284016,0.2714761927245617,0.41827088095501913,0.31018618886642696
t281,0.2976729044457516,-0.15410282510157133,0.06605668636819388,0.06668722243203314,0.06579298013841536,0.2679698082762052,0.27098797926509116,0.27278242458633445,0.2731919083028531,0.4182708846323195,0.31018618822853233
t282,0.2976729051624857,0.05502041305400028,0.06605669248358549,0.06668722970228994,0.0657929873998445,0.26796980028277645,0.2709879658776774,0.2727824103304206,0.2731918951542209,0.4182708646209592,0.31018618874630904
t283,0.2976729038401064,0.23502602032506648,0.23629859876933898,0.23855415053899523,0.19342772647277207,0.26796983530473273,0.27098799993373746,0.27278244325898815,0.2731919291181101,0.4182708648361014,0.3101861893955422
t284,0.29767290872252683,0.2350260512354082,0.2363691317879914,0.26527722417486843,0.26171995816021265,0.26797014261959595,0.27098831148409286,0.2727827571395048,0.273192243742624,0.9446286893073833,0.614137689044901
t285,0.29767291278890007,0.23502661973915112,0.23644143860427394,0.2652771977022945,0.2617199523780517,0.26797009803237043,0.2709882649188369,0.2727827095138629,0.27319219507154324,0.4360800672096479,0.3292358043123296
t286,0.2976729128561927,0.2613537055839828,0.2627688373876968,0.2652770581325489,0.2617198187402671,0.2679699562061711,0.27098812121651006,0.2727825647128562,0.27319205006886926,0.41827084025626093,0.2469124657176439
t287,0.29767291379138994,0.26341863373541974,0.26484494486900134,0.2652771468925724,0.2617199108540739,0.26797004405293473,0.2709882058946527,0.2727826497391308,0.2731921352406553,0.3275539599226091,0.2469123679921299
t288,0.26596842597292,0.2544861504799582,0.2558640951510793,0.2534448787653488,0.25004630829740276,0.256017664347199,0.25665853153608703,0.25835808555916945,0.25874591952508036,0.2456510600338705,0.24691236749211054
t289,0.2139719726299043,0.21718944293570414,0.218365422114216,0.216302984430251,0.21340233609605486,0.21777139656612898,0.21941101883621664,0.2208639097398783,0.22120409905236352,0.22448063957743694,0.21211964500196268
t290,0.21397039270977858,0.21718983180706544,0.2183658085051328,0.21630141461301977,0.21340079059414765,0.2177712577267468,0.21940933841638682,0.22086221049073984,0.22119505835387906,0.2244806373184332,0.21211965108295106
t291,0.21397160330105802,0.21718957762468497,0.21836554871800481,0.21630101195061924,0.21340039353036816,0.21777126270179173,0.2194143409858191,0.22086726285101954,0.22119900042956406,0.22448134181976415,0.21174422285724498
t292,0.2139722961527549,0.21239509193364606,0.21354511225084338,0.215583236346418,0.21269220281707102,0.21777167249614426,0.22022444265185095,0.22168273743106007,0.22201563196066054,0.24565099449654434,0.207689201467996
t293,0.2139725053077808,0.2123951247589986,0.21354515298118268,0.2155834729807469,0.2126923317196829,0.2177719259040663,0.2202247079701937,0.22168301110502628,0.2220158765319508,0.23767874145936876,0.20768926648199618
t294,0.21397216617862402,0.21239456159113107,0.21354460618781015,0.21558297834659285,0.21269153388485298,0.21777150152679078,0.22022428209342348,0.2216825874308724,0.22201543921206163,0.2456510351954359,0.20706697296016308
t295,0.23416346338664215,0.2315762969513014,0.23283020888654427,0.2350526826056837,0.21553195085200624,0.2374412331955731,0.24011555498733117,0.24170558006059314,0.24206841821264863,0.24565320753880718,0.20143489436042117
t296,0.26457868178789357,0.23108527049055338,0.2323365260782207,0.23455429182052367,0.2314052350236061,0.2599625835068718,0.26289056578375264,0.26463140474956215,0.2650286647444205,0.26788948241580235,0.2014348664466652
t297,0.2720094881966513,0.20661780498526697,0.20773657626150643,0.20971952090455864,0.19539897229968453,0.2599622981509057,0.26289027971476886,0.26463111556085644,0.26502836803251656,0.26116130794584885,0.20143484138406245
t298,0.27438879609835315,0.0657016101996324,0.06605748550616537,0.19405883897596696,0.19145655372022768,0.19804705160590916,0.20027770665052766,0.2016039349566091,0.2019067408054202,0.20489625665876224,0.20143483860120015
t299,0.27438885510921757,0.06570100206794229,0.06605696587354906,0.19405867713573127,0.19145639425133892,0.19602900366102055,0.19823694804443223,0.19954966628373652,0.1998492604032439,0.19693294093107336,0.20143483024109848
t300,0.2743889103151995,0.06570095237960598,0.06605674799313868,0.06668732419517777,0.06579301892572297,0.06736434167620889,0.06812309501690933,0.06857421049451495,0.0686771811687818,0.06767498624378333,0.20143482690046327
t301,0.2743887892244372,0.06570092174111934,0.06605667631382388,0.06668720686888521,0.06579291397181024,0.06736418191714458,0.06812291974972433,0.06857402901141876,0.06867698435253326,0.06767468538229164,0.20143482528767168
t302,0.27438878855929644,0.06570092207102257,0.06605666439335793,0.06668715031354866,0.06579286352527071,0.06736410617984506,0.06812282956243015,0.068573925025185,0.06867692721732899,0.06767472391253575,0.20143482556235293
t303,0.2743887962200377,0.06570096317662874,0.06605671810204038,0.06668725117897374,0.06579297560084837,0.06736420513394448,0.06812292744504972,0.06857402128213912,0.06867701538494134,0.06767479567433515,0.2014348247923225
t304,0.2743888308881189,0.06570508548843855,0.06606088968723316,0.06669153066152937,0.06579721615285243,0.06736852941947924,0.06812730140768779,0.06857841829628755,0.06868162446570082,0.06767940287672203,0.20143482494030768
t305,0.27438959214461445,0.20599861137763953,0.207114055784839,0.20909114740925966,0.20628721862288016,0.21121395571991558,0.2135928719598635,0.21500724157539716,0.2476330597011343,0.2513000866719188,0.20143483484124847
t306,0.27438863139365455,0.20599932815578442,0.20711476691834382,0.20909186496379187,0.20628779373729186,0.26407806926930144,0.26705240554258425,0.26882078603667886,0.26922463632522387,0.2732115370357157,0.20143486109334724
t307,0.2738405908608767,0.20599933984322183,0.2071147903680368,0.2090919471351295,0.20628770826603798,0.26407807832565594,0.26705241618261233,0.2688207996987098,0.2692246411719192,0.2732114932002548,0.20143494424042407
t308,0.2687670479378051,0.2059993317571322,0.2071147782964827,0.20909189217849714,0.2062867514277569,0.26407798634581614,0.2670523203704243,0.26882070222564924,0.2692245472322129,0.2732114001579995,0.20143488356746708
t309,0.26004355879865937,0.20599930145175208,0.20711473857241275,0.20909182873393012,0.20628615873817893,0.2555067196127473,0.2583845103688597,0.2600954909037856,0.26689354141800037,0.27084596381348136,0.20143486210247985
t310,0.20829803232364574,0.2059991694140965,0.2071145737011734,0.209091543041087,0.2062871392963804,0.21121409652684942,0.21359300863414252,0.21500738484983253,0.21604255963424726,0.27084530106859434,0.20143484224463984
t311,0.20752866975783052,0.20599875699670017,0.20711415309621262,0.20909109287050806,0.2062869792158254,0.21121361962598237,0.21359251659533032,0.21500688691180606,0.21604154132517384,0.2456515074715293,0.20143483073712726
t312,0.20577802072121754,0.20426118280101938,0.20536716694245657,0.20732736368666202,0.20454702552800452,0.20943190266027,0.211790701235921,0.21319313541900917,0.21351420103782093,0.21667635612335864,0.20143482821684783
t313,0.1945935844608199,0.19638278714802118,0.19744610634434961,0.1960588515024202,0.19342961050004082,0.1980488974723546,0.20027949817275378,0.2016057127114869,0.20190844899317967,0.20489856209003934,0.20143482619536118
t314,0.1936209718315935,0.19638264230793892,0.1974459615853627,0.19605683701071544,0.19342777058221036,0.19804674615471618,0.1985429199440732,0.1998576204653356,0.20015777611750266,0.20312214036174697,0.20143482478199617
t315,0.19362045213036833,0.19638256482124664,0.19744587393612814,0.19605665552118057,0.19342763416090558,0.19804665878511996,0.1985426475546481,0.1991990548924652,0.20015744873374627,0.2031220399748352,0.2014348241520542
t316,0.06668726729960002,0.19638252696561911,0.1974458251260886,0.1960563616159971,0.19342735138949807,0.1980464366221191,0.19854234430693962,0.19919785513542784,0.20015711940033948,0.2031219956973392,0.20143482417496655
t317,7.490400145404242e-6,0.19638248848925863,0.19744578056973636,0.19605471897628465,0.19342573171736951,0.19804480939351543,0.19854068012631437,0.19723649839809732,0.20015544167341348,0.2031220144856107,0.20143482570179044
t318,0.1333671542684766,0.19638249079248207,0.19744579567873696,0.19605646066940174,0.19342744709849474,0.1980464721456967,0.1985424478586608,0.19919885752805605,0.2001572448620029,0.20312205833755614,0.20143482687784983
t319,0.19459144193695077,0.19638251518686725,0.19744582717213396,0.19605678136828558,0.1934277353567415,0.19804676780511615,0.1985428067145301,0.19985683798117018,0.20015764779082706,0.20813130924737924,0.20143482995216583
t320,0.19459164572999635,0.1963825353801683,0.19744584772225057,0.19605681374339537,0.19342775808999113,0.19804687642359653,0.19854284970488478,0.1998541448847082,0.20015769659842217,0.24265373192673861,0.201434834445229
t321,0.19094036241107415,0.1963822353698985,0.1959111930053506,0.19405884932900877,0.19145662174079342,0.19433074808719858,0.19651949743233002,0.19782076617657282,0.19811790072702132,0.2031220050688225,0.20143483243636953
t322,0.0631244516317481,0.06320714974034844,0.06354938440269331,0.06415539852904219,0.06329509563206807,0.06424530249343613,0.06496889373727807,0.06539908847786288,0.0654976699854474,0.06668736856367974,0.2014348286893163
t323,0.06335827831256594,0.0632070574029364,0.06354929288029044,0.06415540579921566,0.06329509155361325,0.06424530768719666,0.06496890398743888,0.06539910620722801,0.06570985313825105,0.06668725955572231,0.20143482949048291
t324,0.06538610653188265,0.06320701174806767,0.06354924651266375,0.06415552001681413,0.063295207797262,0.06424541127691434,0.0649690159723403,0.06539922366902608,0.06571406853514737,0.0666872750373497,0.20143482941769753
t325,0.06538548291305445,0.06320700615614232,0.06354924111218921,0.06415567997438247,0.06329536654656226,0.06424557255188108,0.06496917967394177,0.06539938947266913,0.06571418999113197,0.06668738343892784,0.20143483130649484
t326,0.0653852133294248,0.06320701655437666,0.06354925830305692,0.06415582708204189,0.06329551311238356,0.06424572339552277,0.06496933192902665,0.06539954364089545,0.06571440043349187,0.06668759735874398,0.201434833010175
t327,0.06538681444981145,0.06320715059123194,0.06354942596412574,0.06415606264919048,0.06329574391364241,0.06424610272642167,0.06496971407874573,0.06539993400385082,0.06710946652121505,0.19495357616193895,0.2014348390111485
t328,0.0653867222268149,0.06320787203200304,0.06355015454550782,0.06415681040989632,0.06329648950986841,0.06425755891017608,0.0649812947901121,0.06541158789479029,0.06710987850090663,0.20312197128204817,0.20143487441478683
t329,0.20577797838557696,0.20133009787671086,0.20242022472326351,0.20435238530765476,0.20161201562480185,0.20642679003131967,0.2087517891339934,0.21013410876792918,0.21119981239839708,0.21917135262565438,0.21211966749857314
t330,0.27438999201214814,0.2629461026376918,0.26436989115333115,0.26689348028910637,0.2633143233191249,0.26960292677594067,0.2726394908847317,0.27444487198904516,0.2748570476698526,0.272136675808368,0.24691238042440877
t331,0.27569774425293986,0.262946135784421,0.264369987609775,0.26689596981379854,0.2633166611094962,0.27088774713664726,0.2739387825785754,0.2757527687087992,0.27616676517249006,0.2721367468815228,0.24691238600687904
t332,0.2809021797879961,0.26294614186622045,0.2643700085722703,0.26689511089373813,0.2633155924837184,0.2708878724060374,0.2739389162412828,0.2757529065838016,0.27616688552440877,0.27213684071462846,0.2469124207475984
t333,0.27569801898940915,0.2629461259893951,0.2643699743081413,0.2668944403295628,0.26331504064355693,0.27088762865328264,0.27393865870635,0.2757526410360557,0.27616663734611796,0.2721366158983534,0.2469123702282527
t334,0.2756965851175781,0.2629461125246629,0.2643699449016749,0.2668939871314823,0.26331472617717755,0.27088618698138556,0.2739371980636142,0.2757511675494539,0.2761652106445475,0.27213524975745007,0.24691237306037558
t335,0.2743901523471587,0.2629460826113534,0.26436987864975786,0.26689348421141756,0.26331431349323875,0.2696029579904605,0.27263951676196746,0.2744448933863836,0.2748570601945366,0.2708464101098337,0.24691234771547962
t336,0.2743888483093642,0.26294587472883274,0.2643696363263139,0.2668931449890683,0.2633140175763862,0.26960247103046703,0.27263902573498133,0.2744444022559973,0.2748564469306288,0.2708456558064692,0.21212104477199212
t337,0.24165473560971246,0.2315762956977288,0.23283019610460265,0.2350526370765949,0.23190051393597233,0.23743873343220134,0.24011301402707858,0.2417029964902076,0.24206628773614808,0.2456510006928715,0.21211967383451938
t338,0.24165319087384513,0.22728464399042866,0.22851530469215972,0.23069655570825776,0.22760289446328796,0.23303843161366689,0.2356628221015825,0.23722331758375573,0.2375794758104479,0.234112568682454,0.21211967261262663
t339,0.24165722328830838,0.227219729753628,0.228450036196168,0.23063065855027445,0.22753791099191092,0.23297186404776432,0.2335555181775516,0.23510203326104448,0.2354550257386525,0.23201909365317896,0.21211967165982712
t340,0.23641331431115142,0.2203637553470583,0.2215569423229654,0.22367177545620043,0.22067230282666386,0.22594234501824303,0.2284870879289012,0.22999999784213399,0.23034540547068155,0.22698407878509366,0.212119672864728
t341,0.23225263783217806,0.22035154400005563,0.22154466714769194,0.22365938703465127,0.22066000232945424,0.2259299017717817,0.22649540831926462,0.22799508466889506,0.22833751313873532,0.22698369769864862,0.21211967466956286
t342,0.22994155705737188,0.22035158188648762,0.22154470372184137,0.22365942060011487,0.2206598354783018,0.22592986919362812,0.22847447166715273,0.22998735769832157,0.23109444318109604,0.23451676054702855,0.21482478738968444
t343,0.2634960103209127,0.2525066327300814,0.2538738555534606,0.25629714673546117,0.2528586166381102,0.2588988912417203,0.2595470055983876,0.26126565041451333,0.26165790316094223,0.25783961323382976,0.24691237377405892
t344,0.2743890742611036,0.2629452129380743,0.26436896807857796,0.26689247935638555,0.26331315411192147,0.2696017790649829,0.2726383165772284,0.2744436820746516,0.2748557336046727,0.2708456349339369,0.2685956130608775
t345,0.25593748911901654,0.24071943536417606,0.2420228357017151,0.2443329971652582,0.19342775661982184,0.24681328973184655,0.24959314218644457,0.25124590562633775,0.25162307228099806,0.2479510124349819,0.2469123924877216
t346,0.20577952861785037,0.19315710976716635,0.1942030274960693,0.19605681713689785,0.19342768110292888,0.19804706152196744,0.20027768241468136,0.20160388824240993,0.2022992504033454,0.2052950116614124,0.21212021853083682
t347,0.06668709301583975,0.06390453232761045,0.064250609344906,0.0648639273947765,0.06399408961853456,0.06552238156835094,0.06626036644244147,0.06669913212920595,0.1796433058967938,0.1823038504432923,0.21211968835587539
t348,0.06668696556430938,0.06390447412128875,0.0642505237312766,0.06486383194818876,0.06399397311645308,0.06552227486266403,0.06626025958491248,0.06669902505433065,0.17964322434738697,0.1823037147752489,0.2121196762711909
t349,0.06668690815894948,0.06390442297553808,0.06425045502524834,0.06486374754337865,0.0639938750428678,0.06552218507215304,0.06626016953477074,0.0666989349788467,0.17964318676680266,0.18230363879810954,0.21211967480733046
t350,0.0666857263023742,0.06390440435440206,0.06425043508774643,0.06486372376437674,0.06399383955255038,0.0655221647563915,0.06626014905691699,0.06669891439268993,0.17964313862900563,0.18230362476860143,0.2121196737534986
t351,0.0666860861354841,0.0639044392600887,0.06425047475326967,0.06486377150595073,0.06399391534391341,0.06552221323268233,0.06626019762285028,0.06669896341025454,0.1796432156601326,0.18230368145156786,0.2121196731422676
t352,0.06668609523870563,0.06390458584969108,0.06425073848870208,0.06486413794168139,0.06399430970136656,0.06552259637106464,0.06626058668343088,0.06669935553975175,0.2001579766738218,0.20312220012940707,0.2121196747370473
t353,0.205779523113227,0.20350813090026673,0.2046100712911496,0.20656316498088823,0.19342787038867026,0.20866004235268237,0.211010200258194,0.21240748046347663,0.2420660494075842,0.2456509920985688,0.24691227565732923
t354,0.27153339833746615,0.26660986510602136,0.2680534547666863,0.2706121004146248,0.26698311411471015,0.2733590683108785,0.27643790027489384,0.2782684296191301,0.2786861463357479,0.26694435286179696,0.26859572909264995
t355,0.2743888217151675,0.2666099516723051,0.2680535513226026,0.27061221987349404,0.2669831501407539,0.2733592563944084,0.2764381162050848,0.2782686487048643,0.2786863784620563,0.2669444341123374,0.27581834069493066
t356,0.27438883743444215,0.2666099691893901,0.2680535690608692,0.27061223731179906,0.2669829375726039,0.2733592735988976,0.2764381332552312,0.2782686658434504,0.2786863951634088,0.2669444056528752,0.2758181785765756
t357,0.27438882105272894,0.26660993204774686,0.26805352822080436,0.27061219049643587,0.266982927229216,0.2733592228231261,0.2764380797744901,0.2782686115172689,0.2786863394058447,0.2669428428395081,0.2734693181663221
t358,0.27438871983509644,0.2666098626184473,0.2680534556221169,0.27061210993819357,0.26698302793514567,0.27335913197471345,0.27643798205520376,0.2782685121572789,0.2786862375980702,0.2456514419909032,0.268595699259298
t359,0.27153381195132137,0.2666097363733862,0.26805332233404167,0.27061195519807546,0.2669829521611564,0.2733587501414129,0.2764375554698057,0.27826808078225346,0.27868580149235805,0.24565107316873724,0.2685952674154914
t360,0.2543820055525134,0.25326460815294516,0.25463592885271347,0.25629706812355735,0.25286008162717893,0.2588987952272739,0.2595469089285033,0.2612655843062799,0.2616572440748749,0.24565105466701045,0.2469123938836612
t361,0.2340484699696318,0.2407193569331881,0.24014175390837234,0.23787119577485974,0.23468126738542572,0.2382045097628093,0.24088739151602795,0.24248250448696115,0.24284652797665904,0.24565103733538554,0.24691235232821923
t362,0.21995977090446503,0.24071891363454945,0.24014083602855146,0.23787028887436681,0.23468041821227645,0.23820357518629753,0.24088645847547688,0.2424815580328893,0.24284558288104433,0.24565101086905072,0.2469118651104332
t363,0.21996024496992944,0.225394148522544,0.22485328903475058,0.22272728840417105,0.2197405258500827,0.22498717212226016,0.22555146633143405,0.22704501435151567,0.22738588976837154,0.2307532189914231,0.23119280756298013
t364,0.21995915434874388,0.2253930978275389,0.2248522078754186,0.22272621793231495,0.2197394527960234,0.22498710547348655,0.22555037415013893,0.22704390744640088,0.2273847879952642,0.23075210677194624,0.23119176759037516
t365,0.213996274476033,0.2253932120852917,0.22485236389098187,0.22272637292566744,0.219739540636886,0.22498708433194242,0.22555052866836178,0.22704405654460633,0.22738496013512888,0.23075231781439234,0.23119197997607066
t366,0.21399607525222783,0.24066458950372827,0.23937001418513412,0.23710675786098348,0.23392700914345516,0.2374389735152632,0.24011324832904438,0.24170320965103304,0.2420661586181269,0.2456510314857948,0.246912352916315
t367,0.23972465517537275,0.24373762487241635,0.24505722004713038,0.24274019969784397,0.2394844937669103,0.2439812763137809,0.24581813702028532,0.24744588594352415,0.2478173656238928,0.245651055767226,0.2519664924737145
t368,0.2732552733218876,0.26294531374046415,0.26436905116117304,0.26659898794224557,0.26302355182720033,0.26848791317476123,0.26997967282355084,0.27176743525178443,0.2721753833134372,0.2610326646395621,0.2697100661628364
t369,0.2743887877380106,0.26185881987632886,0.26327668082747846,0.26578968624911875,0.19342794493797777,0.26848778307390864,0.27151177208235855,0.27330968659995325,0.27371994810316824,0.24565106102513448,0.26859557262848843
t370,0.2308850935233171,0.21715666824588165,0.21833251014557287,0.22041657792521638,0.19342770179267596,0.22265409045501422,0.22516186331873775,0.22665285493651516,0.23548096714751438,0.23896818578333542,0.24691236781100476
t371,0.23088540901545523,0.2171564620889782,0.21833228927084422,0.22041632212500192,0.19342770871356713,0.22265383191756474,0.2251616006518,0.22665258818951986,0.2269929068217699,0.22368056197048916,0.24691236187370424
t372,0.2659685689097001,0.2171562198058901,0.21833205854780485,0.22041610308686233,0.19342768273307123,0.2226536210021335,0.2251613863644023,0.22665237042862132,0.22699283520948751,0.2236804467933589,0.24691237224806262
t373,0.2659680792661924,0.2171563228598158,0.21833217147549255,0.2204162413813547,0.19342770263207892,0.222653761163743,0.22516153450312437,0.22665252406541292,0.22699289498522396,0.2236804875522988,0.24691236472288966
t374,0.26596839129732974,0.21715647071260638,0.21833254427475815,0.22041677962277703,0.19342771399571296,0.22265434855495192,0.2251621515511109,0.2266531531585651,0.2425061120203114,0.23896739606569053,0.24691236248528284
t375,0.26596841375490426,0.21715650167951353,0.21833352185492963,0.23787111418368648,0.19342770610639978,0.2402866621554723,0.24299318470431858,0.24460226917546352,0.2492880800125972,0.24565038932843838,0.24691236769730443
t376,0.2659684182579473,0.21715766021556837,0.218334581800381,0.23787115772487294,0.1934277085263108,0.24621340151347448,0.2489865589133856,0.25063533112145064,0.2510115893211192,0.24565105396189604,0.24691237556675355
t377,0.2660287786929837,0.25493323563023507,0.25631362565604854,0.2587602516714133,0.19342776104365106,0.26138701569205613,0.26433104029274074,0.26608141263998614,0.26648082511337823,0.25995350211726737,0.268595651115482
t378,0.5022127218831529,0.47233831742965765,0.4748958920074482,0.5005084476465959,0.49379653743157376,0.5055893045679904,0.511283806129707,0.5146694683148836,0.5154420620964579,0.5079205773191533,0.48218146861150374
t379,0.5147152751322163,0.4258320098063314,0.4281378171334356,0.45489777646829355,0.44879705497975336,0.45951561044846895,0.46469118173339435,0.46776830971861494,0.4684705307613607,0.5079205894925497,0.48401359580652586
t380,0.4810378320386942,0.42571316728214986,0.4280187006912465,0.43210463527096743,0.42630955046190366,0.4364911495933535,0.44140738920519074,0.44433032710141657,0.4464683416665033,0.5000506208923692,0.46107634792364033
t381,0.47703602395974376,0.4479476695840657,0.4503731757369253,0.45467233309479055,0.4485750605671984,0.45928790128274083,0.4644609025670156,0.4675365036142568,0.4682383565980928,0.49973863653390077,0.26859557956998015
t382,0.2660289745139639,0.26406775996273263,0.2654975902770107,0.2680318460582679,0.26443747152501645,0.2707527104050764,0.27380222102764534,0.2756153278198254,0.27602896978949576,0.2708456126433988,0.24691237713203526
t383,0.26596842590319875,0.262945816146912,0.2643695720796784,0.26689306293585036,0.26331400562132745,0.26960236852061664,0.2726389165229401,0.2744442990276877,0.27485616592652756,0.24565143941196205,0.24691234525520844
t384,0.26596841216248995,0.25487730397950864,0.25625737017047134,0.2587034247819185,0.25523421777651173,0.2613295963006202,0.26427295484348573,0.266022931759927,0.2664222673314568,0.24565113958054147,0.2121197144062256
