Region,Resource,Zone,Cluster,CapRes_1,CapRes_2,CapRes_3,AnnualSum
NENG_Rest,NENG_Rest_conventional_hydroelectric_1,1,1,258270.74955127898,0.0,0.0,258270.74955127898
NY_Z_A,NY_Z_A_conventional_hydroelectric_1,2,1,0.0,748991.4838858759,0.0,748991.4838858759
NY_Z_B,NY_Z_B_conventional_hydroelectric_1,3,1,0.0,0.0,0.0,0.0
NY_Z_C&E,NY_Z_C&E_conventional_hydroelectric_1,4,1,0.0,14132.715785724082,0.0,14132.715785724082
NY_Z_D,NY_Z_D_conventional_hydroelectric_1,5,1,0.0,331646.6892575032,0.0,331646.6892575032
NY_Z_F,NY_Z_F_conventional_hydroelectric_1,6,1,0.0,61901.708632237765,0.0,61901.708632237765
PJM_EMAC,PJM_EMAC_conventional_hydroelectric_1,10,1,0.0,0.0,186563.2497910933,186563.2497910933
PJM_Rest,PJM_Rest_conventional_hydroelectric_1,11,1,0.0,0.0,397578.056553676,397578.056553676
NENG_Rest,NENG_Rest_conventional_steam_coal_1,1,1,292614.14774405543,0.0,0.0,292614.14774405543
NENG_Rest,NENG_Rest_natural_gas_fired_combined_cycle_1,1,1,2.4864853802463734e6,0.0,0.0,2.4864853802463734e6
NENG_Rest,NENG_Rest_natural_gas_fired_combined_cycle_2,1,2,7.023608036094368e6,0.0,0.0,7.023608036094368e6
NENG_Rest,NENG_Rest_natural_gas_fired_combustion_turbine_1,1,1,623441.8321339817,0.0,0.0,623441.8321339817
NENG_Rest,NENG_Rest_natural_gas_fired_combustion_turbine_2,1,2,402444.66216615227,0.0,0.0,402444.66216615227
NENG_Rest,NENG_Rest_nuclear_1,1,1,1.9196099003613335e6,0.0,0.0,1.9196099003613335e6
NY_Z_A,NY_Z_A_natural_gas_fired_combined_cycle_1,2,1,0.0,217589.0291327648,0.0,217589.0291327648
NY_Z_A,NY_Z_A_natural_gas_fired_combustion_turbine_1,2,1,0.0,22991.64557407019,0.0,22991.64557407019
NY_Z_A,NY_Z_A_natural_gas_steam_turbine_1,2,1,0.0,6.349421301651819,0.0,6.349421301651819
NY_Z_B,NY_Z_B_natural_gas_fired_combined_cycle_1,3,1,0.0,58261.810403750285,0.0,58261.810403750285
NY_Z_B,NY_Z_B_natural_gas_fired_combustion_turbine_1,3,1,0.0,0.0,0.0,0.0
NY_Z_B,NY_Z_B_natural_gas_steam_turbine_1,3,1,0.0,58506.40195526185,0.0,58506.40195526185
NY_Z_B,NY_Z_B_nuclear_1,3,1,0.0,0.14072054927491115,0.0,0.14072054927491115
NY_Z_C&E,NY_Z_C&E_natural_gas_fired_combined_cycle_1,4,1,0.0,864975.092184092,0.0,864975.092184092
NY_Z_C&E,NY_Z_C&E_natural_gas_steam_turbine_1,4,1,0.0,52000.255628172665,0.0,52000.255628172665
NY_Z_C&E,NY_Z_C&E_nuclear_1,4,1,0.0,1.3207959326584828e6,0.0,1.3207959326584828e6
NY_Z_D,NY_Z_D_natural_gas_fired_combined_cycle_1,5,1,0.0,136971.51101609485,0.0,136971.51101609485
NY_Z_D,NY_Z_D_natural_gas_fired_combined_cycle_2,5,2,0.0,44515.74089920591,0.0,44515.74089920591
NY_Z_F,NY_Z_F_natural_gas_fired_combined_cycle_1,6,1,0.0,1.7120460514937707e6,0.0,1.7120460514937707e6
NY_Z_F,NY_Z_F_natural_gas_fired_combined_cycle_2,6,2,0.0,143477.65790321812,0.0,143477.65790321812
NY_Z_F,NY_Z_F_natural_gas_fired_combustion_turbine_1,6,1,0.0,0.0,0.0,0.0
NY_Z_G-I,NY_Z_G-I_natural_gas_fired_combined_cycle_1,7,1,0.0,365175.83008895477,0.0,365175.83008895477
NY_Z_G-I,NY_Z_G-I_natural_gas_fired_combined_cycle_2,7,2,0.0,10615.291265428428,0.0,10615.291265428428
NY_Z_G-I,NY_Z_G-I_natural_gas_fired_combustion_turbine_1,7,1,0.0,40993.61409347139,0.0,40993.61409347139
NY_Z_G-I,NY_Z_G-I_natural_gas_fired_combustion_turbine_2,7,2,0.0,12131.760516930726,0.0,12131.760516930726
NY_Z_J,NY_Z_J_natural_gas_fired_combined_cycle_1,8,1,0.0,370116.59058633365,0.0,370116.59058633365
NY_Z_J,NY_Z_J_natural_gas_fired_combined_cycle_2,8,2,0.0,1.3836079345919946e6,0.0,1.3836079345919946e6
NY_Z_J,NY_Z_J_natural_gas_fired_combustion_turbine_1,8,1,0.0,370018.7509246692,0.0,370018.7509246692
NY_Z_J,NY_Z_J_natural_gas_fired_combustion_turbine_2,8,2,0.0,792967.2095602354,0.0,792967.2095602354
NY_Z_K,NY_Z_K_natural_gas_fired_combined_cycle_1,9,1,0.0,107669.3911964342,0.0,107669.3911964342
NY_Z_K,NY_Z_K_natural_gas_fired_combined_cycle_2,9,2,0.0,258240.21211223298,0.0,258240.21211223298
NY_Z_K,NY_Z_K_natural_gas_fired_combustion_turbine_1,9,1,0.0,163974.46444397335,0.0,163974.46444397335
NY_Z_K,NY_Z_K_natural_gas_fired_combustion_turbine_2,9,2,0.0,260979.64391436812,0.0,260979.64391436812
PJM_EMAC,PJM_EMAC_conventional_steam_coal_1,10,1,0.0,0.0,0.0,0.0
PJM_EMAC,PJM_EMAC_natural_gas_fired_combined_cycle_1,10,1,0.0,0.0,1.6024484349896011e6,1.6024484349896011e6
PJM_EMAC,PJM_EMAC_natural_gas_fired_combined_cycle_2,10,2,0.0,0.0,9.707219954589576e6,9.707219954589576e6
PJM_EMAC,PJM_EMAC_natural_gas_fired_combined_cycle_3,10,3,0.0,0.0,631751.0090042908,631751.0090042908
PJM_EMAC,PJM_EMAC_natural_gas_fired_combustion_turbine_1,10,1,0.0,0.0,449883.2929581424,449883.2929581424
PJM_EMAC,PJM_EMAC_natural_gas_fired_combustion_turbine_2,10,2,0.0,0.0,2.398804886824624e6,2.398804886824624e6
PJM_EMAC,PJM_EMAC_natural_gas_steam_turbine_1,10,1,0.0,0.0,1.248939511009594e6,1.248939511009594e6
PJM_EMAC,PJM_EMAC_nuclear_1,10,1,0.0,0.0,6.011288376815993e6,6.011288376815993e6
PJM_EMAC,PJM_EMAC_nuclear_2,10,2,0.0,0.0,0.7083479379781805,0.7083479379781805
PJM_Rest,PJM_Rest_conventional_steam_coal_1,11,1,0.0,0.0,2.4219249085927144e7,2.4219249085927144e7
PJM_Rest,PJM_Rest_natural_gas_fired_combined_cycle_1,11,1,0.0,0.0,1.7457828001983925e6,1.7457828001983925e6
PJM_Rest,PJM_Rest_natural_gas_fired_combined_cycle_2,11,2,0.0,0.0,1.983675261139911e7,1.983675261139911e7
PJM_Rest,PJM_Rest_natural_gas_fired_combustion_turbine_1,11,1,0.0,0.0,502979.16861484625,502979.16861484625
PJM_Rest,PJM_Rest_natural_gas_fired_combustion_turbine_2,11,2,0.0,0.0,1.990302019858977e7,1.990302019858977e7
PJM_Rest,PJM_Rest_natural_gas_fired_combustion_turbine_3,11,3,0.0,0.0,682719.7828505015,682719.7828505015
PJM_Rest,PJM_Rest_natural_gas_fired_combustion_turbine_4,11,4,0.0,0.0,296077.0370708997,296077.0370708997
PJM_Rest,PJM_Rest_nuclear_1,11,1,0.0,0.0,2.425721627803613e6,2.425721627803613e6
NENG_Rest,NENG_Rest_naturalgas_ccavgcf_moderate_0,1,0,0.7960600359115911,0.0,0.0,0.7960600359115911
NENG_Rest,NENG_Rest_naturalgas_ctavgcf_moderate_0,1,0,4.366112915906054,0.0,0.0,4.366112915906054
NENG_Rest,NENG_Rest_nuclear_nuclear_moderate_0,1,0,0.1057928853880682,0.0,0.0,0.1057928853880682
NENG_Rest,NENG_Rest_naturalgas_ccs100_moderate_0,1,0,0.21026966779323691,0.0,0.0,0.21026966779323691
NY_Z_A,NY_Z_A_naturalgas_ccavgcf_moderate_0,2,0,0.0,1.033120671740355,0.0,1.033120671740355
NY_Z_A,NY_Z_A_naturalgas_ctavgcf_moderate_0,2,0,0.0,0.411450116265653,0.0,0.411450116265653
NY_Z_A,NY_Z_A_nuclear_nuclear_moderate_0,2,0,0.0,0.08499112379372453,0.0,0.08499112379372453
NY_Z_A,NY_Z_A_naturalgas_ccs100_moderate_0,2,0,0.0,0.1393422941078038,0.0,0.1393422941078038
NY_Z_B,NY_Z_B_naturalgas_ccavgcf_moderate_0,3,0,0.0,0.6308943473805876,0.0,0.6308943473805876
NY_Z_B,NY_Z_B_naturalgas_ctavgcf_moderate_0,3,0,0.0,0.9782397751269866,0.0,0.9782397751269866
NY_Z_B,NY_Z_B_nuclear_nuclear_moderate_0,3,0,0.0,0.08787455895319275,0.0,0.08787455895319275
NY_Z_B,NY_Z_B_naturalgas_ccs100_moderate_0,3,0,0.0,0.12063305752925658,0.0,0.12063305752925658
NY_Z_C&E,NY_Z_C&E_naturalgas_ccavgcf_moderate_0,4,0,0.0,0.7437388174887053,0.0,0.7437388174887053
NY_Z_C&E,NY_Z_C&E_naturalgas_ctavgcf_moderate_0,4,0,0.0,0.3304776316522185,0.0,0.3304776316522185
NY_Z_C&E,NY_Z_C&E_nuclear_nuclear_moderate_0,4,0,0.0,0.08400178843384173,0.0,0.08400178843384173
NY_Z_C&E,NY_Z_C&E_naturalgas_ccs100_moderate_0,4,0,0.0,0.1287333253984099,0.0,0.1287333253984099
NY_Z_D,NY_Z_D_naturalgas_ccavgcf_moderate_0,5,0,0.0,1.702025844848954,0.0,1.702025844848954
NY_Z_D,NY_Z_D_naturalgas_ctavgcf_moderate_0,5,0,0.0,0.33463875027558343,0.0,0.33463875027558343
NY_Z_D,NY_Z_D_nuclear_nuclear_moderate_0,5,0,0.0,0.08879378512472831,0.0,0.08879378512472831
NY_Z_D,NY_Z_D_naturalgas_ccs100_moderate_0,5,0,0.0,0.1423214999919279,0.0,0.1423214999919279
NY_Z_F,NY_Z_F_naturalgas_ccavgcf_moderate_0,6,0,0.0,1.8928403834874548e6,0.0,1.8928403834874548e6
NY_Z_F,NY_Z_F_naturalgas_ctavgcf_moderate_0,6,0,0.0,0.8665201631843092,0.0,0.8665201631843092
NY_Z_F,NY_Z_F_nuclear_nuclear_moderate_0,6,0,0.0,0.09714571038483695,0.0,0.09714571038483695
NY_Z_F,NY_Z_F_naturalgas_ccs100_moderate_0,6,0,0.0,0.12494646520769921,0.0,0.12494646520769921
NY_Z_G-I,NY_Z_G-I_naturalgas_ccavgcf_moderate_0,7,0,0.0,2.0966598536365657,0.0,2.0966598536365657
NY_Z_G-I,NY_Z_G-I_naturalgas_ctavgcf_moderate_0,7,0,0.0,4.006844872920894,0.0,4.006844872920894
NY_Z_G-I,NY_Z_G-I_nuclear_nuclear_moderate_0,7,0,0.0,0.09480139018499197,0.0,0.09480139018499197
NY_Z_G-I,NY_Z_G-I_naturalgas_ccs100_moderate_0,7,0,0.0,0.1572738406029573,0.0,0.1572738406029573
NY_Z_J,NY_Z_J_naturalgas_ccavgcf_moderate_0,8,0,0.0,0.3719994424086513,0.0,0.3719994424086513
NY_Z_J,NY_Z_J_naturalgas_ctavgcf_moderate_0,8,0,0.0,0.31591571078899755,0.0,0.31591571078899755
NY_Z_J,NY_Z_J_nuclear_nuclear_moderate_0,8,0,0.0,0.0695889967804229,0.0,0.0695889967804229
NY_Z_J,NY_Z_J_naturalgas_ccs100_moderate_0,8,0,0.0,0.12889903674462672,0.0,0.12889903674462672
NY_Z_K,NY_Z_K_naturalgas_ccavgcf_moderate_0,9,0,0.0,1.120789863449616,0.0,1.120789863449616
NY_Z_K,NY_Z_K_naturalgas_ctavgcf_moderate_0,9,0,0.0,0.3981154122203261,0.0,0.3981154122203261
NY_Z_K,NY_Z_K_nuclear_nuclear_moderate_0,9,0,0.0,0.06803231866199402,0.0,0.06803231866199402
NY_Z_K,NY_Z_K_naturalgas_ccs100_moderate_0,9,0,0.0,0.13594015918508606,0.0,0.13594015918508606
PJM_EMAC,PJM_EMAC_naturalgas_ccavgcf_moderate_0,10,0,0.0,0.0,2.395889212014729,2.395889212014729
PJM_EMAC,PJM_EMAC_naturalgas_ctavgcf_moderate_0,10,0,0.0,0.0,3.5669081687161404,3.5669081687161404
PJM_EMAC,PJM_EMAC_nuclear_nuclear_moderate_0,10,0,0.0,0.0,0.1371389139040381,0.1371389139040381
PJM_EMAC,PJM_EMAC_naturalgas_ccs100_moderate_0,10,0,0.0,0.0,0.29290132992954243,0.29290132992954243
PJM_Rest,PJM_Rest_naturalgas_ccccsavgcf_moderate_0,11,0,0.0,0.0,0.2998526764335462,0.2998526764335462
PJM_Rest,PJM_Rest_naturalgas_ccavgcf_moderate_0,11,0,0.0,0.0,6.2357210975806555e6,6.2357210975806555e6
PJM_Rest,PJM_Rest_naturalgas_ctavgcf_moderate_0,11,0,0.0,0.0,2.816018977330131e6,2.816018977330131e6
PJM_Rest,PJM_Rest_nuclear_nuclear_moderate_0,11,0,0.0,0.0,0.16378027113232532,0.16378027113232532
PJM_Rest,PJM_Rest_naturalgas_ccs100_moderate_0,11,0,0.0,0.0,0.2679279840761367,0.2679279840761367
NENG_Rest,NENG_Rest_offshore_wind_turbine_1,1,1,16838.20791050825,0.0,0.0,16838.20791050825
NENG_Rest,NENG_Rest_onshore_wind_turbine_1,1,1,108700.07023768176,0.0,0.0,108700.07023768176
NENG_Rest,NENG_Rest_solar_photovoltaic_1,1,1,16402.90589488683,0.0,0.0,16402.90589488683
NY_Z_A,NY_Z_A_onshore_wind_turbine_1,2,1,0.0,18516.258537295722,0.0,18516.258537295722
NY_Z_A,NY_Z_A_solar_photovoltaic_1,2,1,0.0,35.48332968950441,0.0,35.48332968950441
NY_Z_B,NY_Z_B_onshore_wind_turbine_1,3,1,0.0,0.0,0.0,0.0
NY_Z_B,NY_Z_B_solar_photovoltaic_1,3,1,0.0,0.02292914195161954,0.0,0.02292914195161954
NY_Z_C&E,NY_Z_C&E_onshore_wind_turbine_1,4,1,0.0,60253.36111639322,0.0,60253.36111639322
NY_Z_C&E,NY_Z_C&E_solar_photovoltaic_1,4,1,0.0,307.13165415559774,0.0,307.13165415559774
NY_Z_D,NY_Z_D_onshore_wind_turbine_1,5,1,0.0,41909.17005055024,0.0,41909.17005055024
NY_Z_D,NY_Z_D_solar_photovoltaic_1,5,1,0.0,6.901656549674208,0.0,6.901656549674208
NY_Z_F,NY_Z_F_solar_photovoltaic_1,6,1,0.0,58.854299100322564,0.0,58.854299100322564
NY_Z_G-I,NY_Z_G-I_solar_photovoltaic_1,7,1,0.0,33.55388218228629,0.0,33.55388218228629
PJM_EMAC,PJM_EMAC_solar_photovoltaic_1,10,1,0.0,0.0,2835.607129375902,2835.607129375902
PJM_Rest,PJM_Rest_onshore_wind_turbine_1,11,1,0.0,0.0,590419.951511802,590419.951511802
PJM_Rest,PJM_Rest_solar_photovoltaic_1,11,1,0.0,0.0,17134.444484522213,17134.444484522213
NENG_Rest,NENG_Rest_offshorewind_class3_moderate_fixed_1_0,1,0,0.17686415209160605,0.0,0.0,0.17686415209160605
NENG_Rest,NENG_Rest_offshorewind_class3_moderate_fixed_1_1,1,1,0.10684994683940238,0.0,0.0,0.10684994683940238
NENG_Rest,NENG_Rest_offshorewind_class3_moderate_fixed_1_2,1,2,0.12929928516634803,0.0,0.0,0.12929928516634803
NENG_Rest,NENG_Rest_offshorewind_class3_moderate_fixed_1_3,1,3,488990.92894904397,0.0,0.0,488990.92894904397
NENG_Rest,NENG_Rest_offshorewind_class3_moderate_fixed_1_4,1,4,0.09010212006861819,0.0,0.0,0.09010212006861819
NENG_Rest,NENG_Rest_offshorewind_class3_moderate_fixed_1_5,1,5,0.03431182794412759,0.0,0.0,0.03431182794412759
NENG_Rest,NENG_Rest_offshorewind_class3_moderate_fixed_0_0,1,0,272532.66286249284,0.0,0.0,272532.66286249284
NENG_Rest,NENG_Rest_offshorewind_class3_moderate_fixed_0_1,1,1,180386.4208939528,0.0,0.0,180386.4208939528
NENG_Rest,NENG_Rest_offshorewind_class3_moderate_fixed_0_2,1,2,417580.21824443014,0.0,0.0,417580.21824443014
NENG_Rest,NENG_Rest_offshorewind_class3_moderate_fixed_0_3,1,3,0.27466454532790435,0.0,0.0,0.27466454532790435
NENG_Rest,NENG_Rest_offshorewind_class3_moderate_fixed_0_4,1,4,60819.166401372575,0.0,0.0,60819.166401372575
NENG_Rest,NENG_Rest_offshorewind_class3_moderate_fixed_0_5,1,5,0.03179910622854537,0.0,0.0,0.03179910622854537
NENG_Rest,NENG_Rest_offshorewind_class12_moderate_floating_0_0,1,0,0.03473594377176467,0.0,0.0,0.03473594377176467
NENG_Rest,NENG_Rest_offshorewind_class12_moderate_floating_0_1,1,1,0.031091752479436057,0.0,0.0,0.031091752479436057
NENG_Rest,NENG_Rest_offshorewind_class12_moderate_floating_0_2,1,2,0.04366024260423291,0.0,0.0,0.04366024260423291
NENG_Rest,NENG_Rest_offshorewind_class12_moderate_floating_0_3,1,3,0.02833722222910432,0.0,0.0,0.02833722222910432
NENG_Rest,NENG_Rest_offshorewind_class12_moderate_floating_0_4,1,4,0.036297371431441815,0.0,0.0,0.036297371431441815
NENG_Rest,NENG_Rest_offshorewind_class12_moderate_floating_0_5,1,5,0.017963536889386934,0.0,0.0,0.017963536889386934
NENG_Rest,NENG_Rest_offshorewind_class12_moderate_floating_1_0,1,0,0.02064123297309708,0.0,0.0,0.02064123297309708
NENG_Rest,NENG_Rest_offshorewind_class12_moderate_floating_1_1,1,1,0.01378767316411053,0.0,0.0,0.01378767316411053
NENG_Rest,NENG_Rest_offshorewind_class12_moderate_floating_1_2,1,2,0.021803871355130403,0.0,0.0,0.021803871355130403
NENG_Rest,NENG_Rest_offshorewind_class12_moderate_floating_1_3,1,3,0.015674903198667545,0.0,0.0,0.015674903198667545
NENG_Rest,NENG_Rest_offshorewind_class12_moderate_floating_1_4,1,4,0.015049148707199126,0.0,0.0,0.015049148707199126
NENG_Rest,NENG_Rest_offshorewind_class12_moderate_floating_1_5,1,5,0.015119169488997266,0.0,0.0,0.015119169488997266
NENG_Rest,NENG_Rest_landbasedwind_class1_moderate_1,1,1,0.06346427632071765,0.0,0.0,0.06346427632071765
NENG_Rest,NENG_Rest_landbasedwind_class1_moderate_2,1,2,98111.80328258165,0.0,0.0,98111.80328258165
NENG_Rest,NENG_Rest_landbasedwind_class1_moderate_3,1,3,0.2618706755413353,0.0,0.0,0.2618706755413353
NENG_Rest,NENG_Rest_landbasedwind_class1_moderate_4,1,4,1.4795679781598423e6,0.0,0.0,1.4795679781598423e6
NENG_Rest,NENG_Rest_landbasedwind_class1_moderate_5,1,5,0.025759789559321462,0.0,0.0,0.025759789559321462
NENG_Rest,NENG_Rest_landbasedwind_class1_moderate_6,1,6,0.027461897179770163,0.0,0.0,0.027461897179770163
NENG_Rest,NENG_Rest_utilitypv_class1_moderate_1,1,1,0.005789581700376285,0.0,0.0,0.005789581700376285
NENG_Rest,NENG_Rest_utilitypv_class1_moderate_2,1,2,410613.7885266768,0.0,0.0,410613.7885266768
NENG_Rest,NENG_Rest_utilitypv_class1_moderate_3,1,3,0.008469710498882215,0.0,0.0,0.008469710498882215
NENG_Rest,NENG_Rest_utilitypv_class1_moderate_4,1,4,0.04298731848073993,0.0,0.0,0.04298731848073993
NENG_Rest,NENG_Rest_utilitypv_class1_moderate_5,1,5,0.007228419343314775,0.0,0.0,0.007228419343314775
NENG_Rest,NENG_Rest_utilitypv_class1_moderate_6,1,6,0.007048607810476811,0.0,0.0,0.007048607810476811
NY_Z_A,NY_Z_A_landbasedwind_class1_moderate_1,2,1,0.0,0.1094653493943126,0.0,0.1094653493943126
NY_Z_A,NY_Z_A_landbasedwind_class1_moderate_2,2,2,0.0,0.4514050532692681,0.0,0.4514050532692681
NY_Z_A,NY_Z_A_landbasedwind_class1_moderate_3,2,3,0.0,0.029794750434732835,0.0,0.029794750434732835
NY_Z_A,NY_Z_A_landbasedwind_class1_moderate_4,2,4,0.0,0.17139550306072002,0.0,0.17139550306072002
NY_Z_A,NY_Z_A_landbasedwind_class1_moderate_5,2,5,0.0,0.017774061575397078,0.0,0.017774061575397078
NY_Z_A,NY_Z_A_landbasedwind_class1_moderate_6,2,6,0.0,0.03411856940138338,0.0,0.03411856940138338
NY_Z_A,NY_Z_A_utilitypv_class1_moderate_1,2,1,0.0,0.0032185362063323775,0.0,0.0032185362063323775
NY_Z_A,NY_Z_A_utilitypv_class1_moderate_2,2,2,0.0,189832.40052003993,0.0,189832.40052003993
NY_Z_A,NY_Z_A_utilitypv_class1_moderate_3,2,3,0.0,0.0027712589568479593,0.0,0.0027712589568479593
NY_Z_A,NY_Z_A_utilitypv_class1_moderate_4,2,4,0.0,0.00214740788361984,0.0,0.00214740788361984
NY_Z_A,NY_Z_A_utilitypv_class1_moderate_5,2,5,0.0,0.0047242055235227984,0.0,0.0047242055235227984
NY_Z_A,NY_Z_A_utilitypv_class1_moderate_6,2,6,0.0,0.004022365029700338,0.0,0.004022365029700338
NY_Z_B,NY_Z_B_landbasedwind_class1_moderate_1,3,1,0.0,0.043012616187448116,0.0,0.043012616187448116
NY_Z_B,NY_Z_B_landbasedwind_class1_moderate_2,3,2,0.0,0.0766471345609538,0.0,0.0766471345609538
NY_Z_B,NY_Z_B_landbasedwind_class1_moderate_3,3,3,0.0,0.04415036604752819,0.0,0.04415036604752819
NY_Z_B,NY_Z_B_landbasedwind_class1_moderate_4,3,4,0.0,0.10116534422189967,0.0,0.10116534422189967
NY_Z_B,NY_Z_B_landbasedwind_class1_moderate_5,3,5,0.0,0.02505980989662449,0.0,0.02505980989662449
NY_Z_B,NY_Z_B_landbasedwind_class1_moderate_6,3,6,0.0,0.40644406829254814,0.0,0.40644406829254814
NY_Z_B,NY_Z_B_utilitypv_class1_moderate_1,3,1,0.0,91593.04421126448,0.0,91593.04421126448
NY_Z_B,NY_Z_B_utilitypv_class1_moderate_2,3,2,0.0,0.003579736075388738,0.0,0.003579736075388738
NY_Z_B,NY_Z_B_utilitypv_class1_moderate_3,3,3,0.0,0.0028701285895510126,0.0,0.0028701285895510126
NY_Z_B,NY_Z_B_utilitypv_class1_moderate_4,3,4,0.0,0.001656800520378406,0.0,0.001656800520378406
NY_Z_B,NY_Z_B_utilitypv_class1_moderate_5,3,5,0.0,0.006223962317983647,0.0,0.006223962317983647
NY_Z_B,NY_Z_B_utilitypv_class1_moderate_6,3,6,0.0,0.001481119096026262,0.0,0.001481119096026262
NY_Z_C&E,NY_Z_C&E_landbasedwind_class1_moderate_1,4,1,0.0,147338.31892432456,0.0,147338.31892432456
NY_Z_C&E,NY_Z_C&E_landbasedwind_class1_moderate_2,4,2,0.0,0.06789699035918141,0.0,0.06789699035918141
NY_Z_C&E,NY_Z_C&E_landbasedwind_class1_moderate_3,4,3,0.0,0.02367893351899708,0.0,0.02367893351899708
NY_Z_C&E,NY_Z_C&E_landbasedwind_class1_moderate_4,4,4,0.0,117958.74103382193,0.0,117958.74103382193
NY_Z_C&E,NY_Z_C&E_landbasedwind_class1_moderate_5,4,5,0.0,0.011958678453441195,0.0,0.011958678453441195
NY_Z_C&E,NY_Z_C&E_landbasedwind_class1_moderate_6,4,6,0.0,0.045040785364050116,0.0,0.045040785364050116
NY_Z_C&E,NY_Z_C&E_utilitypv_class1_moderate_1,4,1,0.0,0.2135526538460497,0.0,0.2135526538460497
NY_Z_C&E,NY_Z_C&E_utilitypv_class1_moderate_2,4,2,0.0,0.0026044113840769287,0.0,0.0026044113840769287
NY_Z_C&E,NY_Z_C&E_utilitypv_class1_moderate_3,4,3,0.0,0.003018593274839036,0.0,0.003018593274839036
NY_Z_C&E,NY_Z_C&E_utilitypv_class1_moderate_4,4,4,0.0,0.003643408083123735,0.0,0.003643408083123735
NY_Z_C&E,NY_Z_C&E_utilitypv_class1_moderate_5,4,5,0.0,0.004567238335402919,0.0,0.004567238335402919
NY_Z_C&E,NY_Z_C&E_utilitypv_class1_moderate_6,4,6,0.0,0.003567657141448155,0.0,0.003567657141448155
NY_Z_D,NY_Z_D_landbasedwind_class1_moderate_1,5,1,0.0,0.03490313308710445,0.0,0.03490313308710445
NY_Z_D,NY_Z_D_landbasedwind_class1_moderate_2,5,2,0.0,160582.10155758652,0.0,160582.10155758652
NY_Z_D,NY_Z_D_landbasedwind_class1_moderate_3,5,3,0.0,0.10738227377848965,0.0,0.10738227377848965
NY_Z_D,NY_Z_D_landbasedwind_class1_moderate_4,5,4,0.0,0.0744545726869018,0.0,0.0744545726869018
NY_Z_D,NY_Z_D_landbasedwind_class1_moderate_5,5,5,0.0,0.015315452369761668,0.0,0.015315452369761668
NY_Z_D,NY_Z_D_landbasedwind_class1_moderate_6,5,6,0.0,0.033375966488400764,0.0,0.033375966488400764
NY_Z_D,NY_Z_D_utilitypv_class1_moderate_1,5,1,0.0,0.0031382357297204434,0.0,0.0031382357297204434
NY_Z_D,NY_Z_D_utilitypv_class1_moderate_2,5,2,0.0,104740.1125230846,0.0,104740.1125230846
NY_Z_D,NY_Z_D_utilitypv_class1_moderate_3,5,3,0.0,0.0024871153745266565,0.0,0.0024871153745266565
NY_Z_D,NY_Z_D_utilitypv_class1_moderate_4,5,4,0.0,0.008792986733736173,0.0,0.008792986733736173
NY_Z_D,NY_Z_D_utilitypv_class1_moderate_5,5,5,0.0,0.004786255261472001,0.0,0.004786255261472001
NY_Z_D,NY_Z_D_utilitypv_class1_moderate_6,5,6,0.0,0.001676467124356663,0.0,0.001676467124356663
NY_Z_F,NY_Z_F_landbasedwind_class1_moderate_1,6,1,0.0,0.017306900863896073,0.0,0.017306900863896073
NY_Z_F,NY_Z_F_landbasedwind_class1_moderate_2,6,2,0.0,0.047685461554838944,0.0,0.047685461554838944
NY_Z_F,NY_Z_F_landbasedwind_class1_moderate_3,6,3,0.0,0.010014541430819873,0.0,0.010014541430819873
NY_Z_F,NY_Z_F_landbasedwind_class1_moderate_4,6,4,0.0,0.02670952431497259,0.0,0.02670952431497259
NY_Z_F,NY_Z_F_landbasedwind_class1_moderate_5,6,5,0.0,0.007654987683427512,0.0,0.007654987683427512
NY_Z_F,NY_Z_F_landbasedwind_class1_moderate_6,6,6,0.0,0.010462626686545087,0.0,0.010462626686545087
NY_Z_F,NY_Z_F_utilitypv_class1_moderate_1,6,1,0.0,0.005331787618062508,0.0,0.005331787618062508
NY_Z_F,NY_Z_F_utilitypv_class1_moderate_2,6,2,0.0,171745.72885438817,0.0,171745.72885438817
NY_Z_F,NY_Z_F_utilitypv_class1_moderate_3,6,3,0.0,0.0043728266789014765,0.0,0.0043728266789014765
NY_Z_F,NY_Z_F_utilitypv_class1_moderate_4,6,4,0.0,0.001711657010225939,0.0,0.001711657010225939
NY_Z_F,NY_Z_F_utilitypv_class1_moderate_5,6,5,0.0,0.04792156474836859,0.0,0.04792156474836859
NY_Z_F,NY_Z_F_utilitypv_class1_moderate_6,6,6,0.0,0.0018372457393554394,0.0,0.0018372457393554394
NY_Z_G-I,NY_Z_G-I_landbasedwind_class1_moderate_1,7,1,0.0,1614.8204808474638,0.0,1614.8204808474638
NY_Z_G-I,NY_Z_G-I_landbasedwind_class1_moderate_2,7,2,0.0,1559.9343934319245,0.0,1559.9343934319245
NY_Z_G-I,NY_Z_G-I_landbasedwind_class1_moderate_3,7,3,0.0,0.012186468591464609,0.0,0.012186468591464609
NY_Z_G-I,NY_Z_G-I_landbasedwind_class1_moderate_4,7,4,0.0,288.85639821066474,0.0,288.85639821066474
NY_Z_G-I,NY_Z_G-I_landbasedwind_class1_moderate_5,7,5,0.0,0.0050392153595347705,0.0,0.0050392153595347705
NY_Z_G-I,NY_Z_G-I_landbasedwind_class1_moderate_6,7,6,0.0,0.004026953965955734,0.0,0.004026953965955734
NY_Z_G-I,NY_Z_G-I_utilitypv_class1_moderate_1,7,1,0.0,3479.4498717284278,0.0,3479.4498717284278
NY_Z_G-I,NY_Z_G-I_utilitypv_class1_moderate_2,7,2,0.0,0.0037795779704559,0.0,0.0037795779704559
NY_Z_G-I,NY_Z_G-I_utilitypv_class1_moderate_3,7,3,0.0,0.0011473147121638248,0.0,0.0011473147121638248
NY_Z_G-I,NY_Z_G-I_utilitypv_class1_moderate_4,7,4,0.0,0.798706303331126,0.0,0.798706303331126
NY_Z_G-I,NY_Z_G-I_utilitypv_class1_moderate_5,7,5,0.0,0.007152605900250813,0.0,0.007152605900250813
NY_Z_G-I,NY_Z_G-I_utilitypv_class1_moderate_6,7,6,0.0,0.007517975489688297,0.0,0.007517975489688297
NY_Z_J,NY_Z_J_offshorewind_class3_moderate_fixed_1_0,8,0,0.0,101805.57244718657,0.0,101805.57244718657
NY_Z_J,NY_Z_J_offshorewind_class3_moderate_fixed_1_1,8,1,0.0,119302.18177029293,0.0,119302.18177029293
NY_Z_J,NY_Z_J_offshorewind_class3_moderate_fixed_1_2,8,2,0.0,151542.3514797109,0.0,151542.3514797109
NY_Z_J,NY_Z_J_offshorewind_class3_moderate_fixed_1_3,8,3,0.0,66866.05124188894,0.0,66866.05124188894
NY_Z_J,NY_Z_J_offshorewind_class3_moderate_fixed_1_4,8,4,0.0,165266.51298761103,0.0,165266.51298761103
NY_Z_J,NY_Z_J_offshorewind_class3_moderate_fixed_1_5,8,5,0.0,46948.07798309927,0.0,46948.07798309927
NY_Z_J,NY_Z_J_offshorewind_class3_moderate_fixed_0_0,8,0,0.0,61649.787804014435,0.0,61649.787804014435
NY_Z_J,NY_Z_J_offshorewind_class3_moderate_fixed_0_1,8,1,0.0,18206.79495977522,0.0,18206.79495977522
NY_Z_J,NY_Z_J_offshorewind_class3_moderate_fixed_0_2,8,2,0.0,56490.081548351554,0.0,56490.081548351554
NY_Z_J,NY_Z_J_offshorewind_class3_moderate_fixed_0_3,8,3,0.0,2.895262647602697,0.0,2.895262647602697
NY_Z_J,NY_Z_J_offshorewind_class3_moderate_fixed_0_4,8,4,0.0,54543.18324439602,0.0,54543.18324439602
NY_Z_J,NY_Z_J_offshorewind_class3_moderate_fixed_0_5,8,5,0.0,241.166444075398,0.0,241.166444075398
NY_Z_J,NY_Z_J_offshorewind_class12_moderate_floating_0_0,8,0,0.0,0.015219151312886748,0.0,0.015219151312886748
NY_Z_J,NY_Z_J_offshorewind_class12_moderate_floating_0_1,8,1,0.0,0.011556548730780707,0.0,0.011556548730780707
NY_Z_J,NY_Z_J_offshorewind_class12_moderate_floating_0_2,8,2,0.0,0.013185174123187012,0.0,0.013185174123187012
NY_Z_J,NY_Z_J_offshorewind_class12_moderate_floating_0_3,8,3,0.0,0.01693254160128772,0.0,0.01693254160128772
NY_Z_J,NY_Z_J_offshorewind_class12_moderate_floating_0_4,8,4,0.0,0.01720376075484167,0.0,0.01720376075484167
NY_Z_J,NY_Z_J_offshorewind_class12_moderate_floating_0_5,8,5,0.0,0.017196521075469064,0.0,0.017196521075469064
NY_Z_J,NY_Z_J_offshorewind_class12_moderate_floating_1_0,8,0,0.0,0.011219362075412043,0.0,0.011219362075412043
NY_Z_J,NY_Z_J_offshorewind_class12_moderate_floating_1_1,8,1,0.0,0.010944326234905698,0.0,0.010944326234905698
NY_Z_J,NY_Z_J_offshorewind_class12_moderate_floating_1_2,8,2,0.0,0.012890103222905517,0.0,0.012890103222905517
NY_Z_J,NY_Z_J_offshorewind_class12_moderate_floating_1_3,8,3,0.0,0.012624543048500384,0.0,0.012624543048500384
NY_Z_J,NY_Z_J_offshorewind_class12_moderate_floating_1_4,8,4,0.0,0.010499433391155713,0.0,0.010499433391155713
NY_Z_J,NY_Z_J_offshorewind_class12_moderate_floating_1_5,8,5,0.0,0.014981682486703058,0.0,0.014981682486703058
NY_Z_K,NY_Z_K_utilitypv_class1_moderate_1,9,1,0.0,17.65109576306997,0.0,17.65109576306997
PJM_EMAC,PJM_EMAC_offshorewind_class3_moderate_fixed_1_0,10,0,0.0,0.0,0.1876423054781165,0.1876423054781165
PJM_EMAC,PJM_EMAC_offshorewind_class3_moderate_fixed_1_1,10,1,0.0,0.0,294190.1967263493,294190.1967263493
PJM_EMAC,PJM_EMAC_offshorewind_class3_moderate_fixed_1_2,10,2,0.0,0.0,0.17261296174885443,0.17261296174885443
PJM_EMAC,PJM_EMAC_offshorewind_class3_moderate_fixed_1_3,10,3,0.0,0.0,0.12552843092573984,0.12552843092573984
PJM_EMAC,PJM_EMAC_offshorewind_class3_moderate_fixed_1_4,10,4,0.0,0.0,0.11984489200450706,0.11984489200450706
PJM_EMAC,PJM_EMAC_offshorewind_class3_moderate_fixed_1_5,10,5,0.0,0.0,0.023938692072585723,0.023938692072585723
PJM_EMAC,PJM_EMAC_offshorewind_class3_moderate_fixed_0_0,10,0,0.0,0.0,1.3206923623433467e6,1.3206923623433467e6
PJM_EMAC,PJM_EMAC_offshorewind_class3_moderate_fixed_0_1,10,1,0.0,0.0,0.14748940551590065,0.14748940551590065
PJM_EMAC,PJM_EMAC_offshorewind_class3_moderate_fixed_0_2,10,2,0.0,0.0,0.04410907974179897,0.04410907974179897
PJM_EMAC,PJM_EMAC_offshorewind_class3_moderate_fixed_0_3,10,3,0.0,0.0,0.016920919556842214,0.016920919556842214
PJM_EMAC,PJM_EMAC_offshorewind_class3_moderate_fixed_0_4,10,4,0.0,0.0,0.01105626294445417,0.01105626294445417
PJM_EMAC,PJM_EMAC_offshorewind_class3_moderate_fixed_0_5,10,5,0.0,0.0,0.012873828801815927,0.012873828801815927
PJM_EMAC,PJM_EMAC_offshorewind_class12_moderate_floating_0_0,10,0,0.0,0.0,0.02203659554510551,0.02203659554510551
PJM_EMAC,PJM_EMAC_offshorewind_class12_moderate_floating_0_1,10,1,0.0,0.0,0.035339477290854696,0.035339477290854696
PJM_EMAC,PJM_EMAC_offshorewind_class12_moderate_floating_0_2,10,2,0.0,0.0,0.008383236940864968,0.008383236940864968
PJM_EMAC,PJM_EMAC_offshorewind_class12_moderate_floating_0_3,10,3,0.0,0.0,0.016174268724002423,0.016174268724002423
PJM_EMAC,PJM_EMAC_offshorewind_class12_moderate_floating_0_4,10,4,0.0,0.0,0.009617032538864758,0.009617032538864758
PJM_EMAC,PJM_EMAC_offshorewind_class12_moderate_floating_0_5,10,5,0.0,0.0,0.008047166529415362,0.008047166529415362
PJM_EMAC,PJM_EMAC_offshorewind_class12_moderate_floating_1_0,10,0,0.0,0.0,0.01755811102654519,0.01755811102654519
PJM_EMAC,PJM_EMAC_offshorewind_class12_moderate_floating_1_1,10,1,0.0,0.0,0.026113722326278073,0.026113722326278073
PJM_EMAC,PJM_EMAC_offshorewind_class12_moderate_floating_1_2,10,2,0.0,0.0,0.016885822332644084,0.016885822332644084
PJM_EMAC,PJM_EMAC_offshorewind_class12_moderate_floating_1_3,10,3,0.0,0.0,0.0262283421743676,0.0262283421743676
PJM_EMAC,PJM_EMAC_offshorewind_class12_moderate_floating_1_4,10,4,0.0,0.0,0.016857528157564815,0.016857528157564815
PJM_EMAC,PJM_EMAC_offshorewind_class12_moderate_floating_1_5,10,5,0.0,0.0,0.032877957921881536,0.032877957921881536
PJM_EMAC,PJM_EMAC_landbasedwind_class1_moderate_1,10,1,0.0,0.0,0.14448640642583974,0.14448640642583974
PJM_EMAC,PJM_EMAC_landbasedwind_class1_moderate_2,10,2,0.0,0.0,0.030357791736164205,0.030357791736164205
PJM_EMAC,PJM_EMAC_landbasedwind_class1_moderate_3,10,3,0.0,0.0,0.03386420337978599,0.03386420337978599
PJM_EMAC,PJM_EMAC_landbasedwind_class1_moderate_4,10,4,0.0,0.0,0.0444820587709664,0.0444820587709664
PJM_EMAC,PJM_EMAC_landbasedwind_class1_moderate_5,10,5,0.0,0.0,0.01388694175316613,0.01388694175316613
PJM_EMAC,PJM_EMAC_landbasedwind_class1_moderate_6,10,6,0.0,0.0,0.016116814404666543,0.016116814404666543
PJM_EMAC,PJM_EMAC_utilitypv_class1_moderate_1,10,1,0.0,0.0,122684.51127811932,122684.51127811932
PJM_EMAC,PJM_EMAC_utilitypv_class1_moderate_2,10,2,0.0,0.0,0.004966665302236771,0.004966665302236771
PJM_EMAC,PJM_EMAC_utilitypv_class1_moderate_3,10,3,0.0,0.0,0.004530655908739591,0.004530655908739591
PJM_EMAC,PJM_EMAC_utilitypv_class1_moderate_4,10,4,0.0,0.0,0.0020947884109825854,0.0020947884109825854
PJM_EMAC,PJM_EMAC_utilitypv_class1_moderate_5,10,5,0.0,0.0,0.004134330930316057,0.004134330930316057
PJM_EMAC,PJM_EMAC_utilitypv_class1_moderate_6,10,6,0.0,0.0,0.009684543880415494,0.009684543880415494
PJM_Rest,PJM_Rest_offshorewind_class3_moderate_fixed_1_0,11,0,0.0,0.0,0.07171468708025139,0.07171468708025139
PJM_Rest,PJM_Rest_offshorewind_class3_moderate_fixed_1_1,11,1,0.0,0.0,0.045819683206243904,0.045819683206243904
PJM_Rest,PJM_Rest_offshorewind_class3_moderate_fixed_1_2,11,2,0.0,0.0,0.2548497977159473,0.2548497977159473
PJM_Rest,PJM_Rest_offshorewind_class3_moderate_fixed_1_3,11,3,0.0,0.0,0.10418449567899221,0.10418449567899221
PJM_Rest,PJM_Rest_offshorewind_class3_moderate_fixed_1_4,11,4,0.0,0.0,0.07491477444546182,0.07491477444546182
PJM_Rest,PJM_Rest_offshorewind_class3_moderate_fixed_1_5,11,5,0.0,0.0,0.2537007752135483,0.2537007752135483
PJM_Rest,PJM_Rest_offshorewind_class3_moderate_fixed_0_0,11,0,0.0,0.0,738750.3192541144,738750.3192541144
PJM_Rest,PJM_Rest_offshorewind_class3_moderate_fixed_0_1,11,1,0.0,0.0,0.301093423843212,0.301093423843212
PJM_Rest,PJM_Rest_offshorewind_class3_moderate_fixed_0_2,11,2,0.0,0.0,0.08341548476742691,0.08341548476742691
PJM_Rest,PJM_Rest_offshorewind_class3_moderate_fixed_0_3,11,3,0.0,0.0,447478.5719283607,447478.5719283607
PJM_Rest,PJM_Rest_offshorewind_class3_moderate_fixed_0_4,11,4,0.0,0.0,0.057981281162494964,0.057981281162494964
PJM_Rest,PJM_Rest_offshorewind_class3_moderate_fixed_0_5,11,5,0.0,0.0,0.07243898272024918,0.07243898272024918
PJM_Rest,PJM_Rest_offshorewind_class12_moderate_floating_0_0,11,0,0.0,0.0,0.01831122559605526,0.01831122559605526
PJM_Rest,PJM_Rest_offshorewind_class12_moderate_floating_0_1,11,1,0.0,0.0,0.02383393785012314,0.02383393785012314
PJM_Rest,PJM_Rest_offshorewind_class12_moderate_floating_0_2,11,2,0.0,0.0,0.02093616075521389,0.02093616075521389
PJM_Rest,PJM_Rest_offshorewind_class12_moderate_floating_0_3,11,3,0.0,0.0,0.02356277363000227,0.02356277363000227
PJM_Rest,PJM_Rest_offshorewind_class12_moderate_floating_0_4,11,4,0.0,0.0,0.01702043860008822,0.01702043860008822
PJM_Rest,PJM_Rest_offshorewind_class12_moderate_floating_0_5,11,5,0.0,0.0,0.019712772325675667,0.019712772325675667
PJM_Rest,PJM_Rest_landbasedwind_class1_moderate_1,11,1,0.0,0.0,0.10016687149574305,0.10016687149574305
PJM_Rest,PJM_Rest_landbasedwind_class1_moderate_2,11,2,0.0,0.0,2.5108073950635795e6,2.5108073950635795e6
PJM_Rest,PJM_Rest_landbasedwind_class1_moderate_3,11,3,0.0,0.0,0.052527957630423235,0.052527957630423235
PJM_Rest,PJM_Rest_landbasedwind_class1_moderate_4,11,4,0.0,0.0,0.18949761496603407,0.18949761496603407
PJM_Rest,PJM_Rest_landbasedwind_class1_moderate_5,11,5,0.0,0.0,0.025343567919480597,0.025343567919480597
PJM_Rest,PJM_Rest_landbasedwind_class1_moderate_6,11,6,0.0,0.0,0.14983270792440853,0.14983270792440853
PJM_Rest,PJM_Rest_utilitypv_class1_moderate_1,11,1,0.0,0.0,4.270176889151385e6,4.270176889151385e6
PJM_Rest,PJM_Rest_utilitypv_class1_moderate_2,11,2,0.0,0.0,0.01126320325868608,0.01126320325868608
PJM_Rest,PJM_Rest_utilitypv_class1_moderate_3,11,3,0.0,0.0,0.0059607493652199545,0.0059607493652199545
PJM_Rest,PJM_Rest_utilitypv_class1_moderate_4,11,4,0.0,0.0,0.04593902672985508,0.04593902672985508
PJM_Rest,PJM_Rest_utilitypv_class1_moderate_5,11,5,0.0,0.0,0.006594234505498998,0.006594234505498998
PJM_Rest,PJM_Rest_utilitypv_class1_moderate_6,11,6,0.0,0.0,0.025034677887021736,0.025034677887021736
NENG_Rest,NENG_Rest_hydroelectric_pumped_storage_1,1,1,1.247066567332216e6,0.0,0.0,1.247066567332216e6
NY_Z_A,NY_Z_A_hydroelectric_pumped_storage_1,2,1,0.0,118824.84325193505,0.0,118824.84325193505
NY_Z_F,NY_Z_F_hydroelectric_pumped_storage_1,6,1,0.0,580791.864245887,0.0,580791.864245887
PJM_EMAC,PJM_EMAC_hydroelectric_pumped_storage_1,10,1,0.0,0.0,1.2444931273435808e6,1.2444931273435808e6
PJM_Rest,PJM_Rest_hydroelectric_pumped_storage_1,11,1,0.0,0.0,3.086195348788045e6,3.086195348788045e6
NENG_Rest,NENG_Rest_battery_moderate_0,1,0,1.7518546395116532,0.0,0.0,1.7518546395116532
NY_Z_A,NY_Z_A_battery_moderate_0,2,0,0.0,922331.7593379131,0.0,922331.7593379131
NY_Z_B,NY_Z_B_battery_moderate_0,3,0,0.0,477535.24145799276,0.0,477535.24145799276
NY_Z_C&E,NY_Z_C&E_battery_moderate_0,4,0,0.0,2.6140079070839746,0.0,2.6140079070839746
NY_Z_D,NY_Z_D_battery_moderate_0,5,0,0.0,283350.5204345465,0.0,283350.5204345465
NY_Z_F,NY_Z_F_battery_moderate_0,6,0,0.0,14.939095504381092,0.0,14.939095504381092
NY_Z_G-I,NY_Z_G-I_battery_moderate_0,7,0,0.0,5.237204995909897,0.0,5.237204995909897
NY_Z_J,NY_Z_J_battery_moderate_0,8,0,0.0,4.587118846203946,0.0,4.587118846203946
NY_Z_K,NY_Z_K_battery_moderate_0,9,0,0.0,4.612471183423182,0.0,4.612471183423182
PJM_EMAC,PJM_EMAC_battery_moderate_0,10,0,0.0,0.0,576354.833449465,576354.833449465
PJM_Rest,PJM_Rest_battery_moderate_0,11,0,0.0,0.0,5.4039850511966925e6,5.4039850511966925e6
NY_Z_A,NY_Z_A_res_water_heat_1,2,1,0.0,0.0,0.0,0.0
NY_Z_B,NY_Z_B_res_water_heat_1,3,1,0.0,0.0,0.0,0.0
NY_Z_C&E,NY_Z_C&E_res_water_heat_1,4,1,0.0,0.0,0.0,0.0
NY_Z_D,NY_Z_D_res_water_heat_1,5,1,0.0,0.0,0.0,0.0
NY_Z_F,NY_Z_F_res_water_heat_1,6,1,0.0,0.0,0.0,0.0
NY_Z_G-I,NY_Z_G-I_res_water_heat_1,7,1,0.0,0.0,0.0,0.0
NY_Z_J,NY_Z_J_res_water_heat_1,8,1,0.0,0.0,0.0,0.0
NY_Z_K,NY_Z_K_res_water_heat_1,9,1,0.0,0.0,0.0,0.0
PJM_EMAC,PJM_EMAC_res_water_heat_1,10,1,0.0,0.0,0.0,0.0
PJM_Rest,PJM_Rest_res_water_heat_1,11,1,0.0,0.0,0.0,0.0
NENG_Rest,NENG_Rest_res_water_heat_1,1,1,0.0,0.0,0.0,0.0
NY_Z_A,NY_Z_A_trans_light_duty_1,2,1,0.0,0.0,0.0,0.0
NY_Z_B,NY_Z_B_trans_light_duty_1,3,1,0.0,0.0,0.0,0.0
NY_Z_C&E,NY_Z_C&E_trans_light_duty_1,4,1,0.0,0.0,0.0,0.0
NY_Z_D,NY_Z_D_trans_light_duty_1,5,1,0.0,0.0,0.0,0.0
NY_Z_F,NY_Z_F_trans_light_duty_1,6,1,0.0,0.0,0.0,0.0
NY_Z_G-I,NY_Z_G-I_trans_light_duty_1,7,1,0.0,0.0,0.0,0.0
NY_Z_J,NY_Z_J_trans_light_duty_1,8,1,0.0,0.0,0.0,0.0
NY_Z_K,NY_Z_K_trans_light_duty_1,9,1,0.0,0.0,0.0,0.0
PJM_EMAC,PJM_EMAC_trans_light_duty_1,10,1,0.0,0.0,0.0,0.0
PJM_Rest,PJM_Rest_trans_light_duty_1,11,1,0.0,0.0,0.0,0.0
NENG_Rest,NENG_Rest_trans_light_duty_1,1,1,0.0,0.0,0.0,0.0
NENG_Rest,NENG_Rest_biomass_1,1,1,20376.09933189927,0.0,0.0,20376.09933189927
NENG_Rest,NENG_Rest_biomass_2,1,2,38681.18528908091,0.0,0.0,38681.18528908091
NENG_Rest,NENG_Rest_biomass_3,1,3,72485.46811511707,0.0,0.0,72485.46811511707
NENG_Rest,NENG_Rest_small_hydroelectric_1,1,1,71709.24081480075,0.0,0.0,71709.24081480075
NY_Z_A,NY_Z_A_biomass_1,2,1,0.0,12082.84402803117,0.0,12082.84402803117
NY_Z_A,NY_Z_A_small_hydroelectric_1,2,1,0.0,233.01705767207088,0.0,233.01705767207088
NY_Z_B,NY_Z_B_biomass_1,3,1,0.0,5527.778846832073,0.0,5527.778846832073
NY_Z_B,NY_Z_B_small_hydroelectric_1,3,1,0.0,11650.672239722535,0.0,11650.672239722535
NY_Z_C&E,NY_Z_C&E_biomass_1,4,1,0.0,37080.14483096205,0.0,37080.14483096205
NY_Z_C&E,NY_Z_C&E_small_hydroelectric_1,4,1,0.0,41535.61065258051,0.0,41535.61065258051
NY_Z_D,NY_Z_D_small_hydroelectric_1,5,1,0.0,9879.067405711572,0.0,9879.067405711572
NY_Z_F,NY_Z_F_small_hydroelectric_1,6,1,0.0,17119.29828093148,0.0,17119.29828093148
NY_Z_G-I,NY_Z_G-I_small_hydroelectric_1,7,1,0.0,3594.5245287452663,0.0,3594.5245287452663
PJM_EMAC,PJM_EMAC_biomass_1,10,1,0.0,0.0,126971.97179789162,126971.97179789162
PJM_EMAC,PJM_EMAC_small_hydroelectric_1,10,1,0.0,0.0,1053.276908245532,1053.276908245532
PJM_Rest,PJM_Rest_biomass_1,11,1,0.0,0.0,109791.48592317691,109791.48592317691
PJM_Rest,PJM_Rest_biomass_2,11,2,0.0,0.0,63404.17406144717,63404.17406144717
PJM_Rest,PJM_Rest_small_hydroelectric_1,11,1,0.0,0.0,42388.485303831,42388.485303831
NENG_Rest,NENG_Rest_distributed_generation_1,1,1,0.0,0.0,0.0,0.0
NY_Z_A,NY_Z_A_distributed_generation_1,2,1,0.0,0.0,0.0,0.0
NY_Z_B,NY_Z_B_distributed_generation_1,3,1,0.0,0.0,0.0,0.0
NY_Z_C&E,NY_Z_C&E_distributed_generation_1,4,1,0.0,0.0,0.0,0.0
NY_Z_D,NY_Z_D_distributed_generation_1,5,1,0.0,0.0,0.0,0.0
NY_Z_F,NY_Z_F_distributed_generation_1,6,1,0.0,0.0,0.0,0.0
NY_Z_G-I,NY_Z_G-I_distributed_generation_1,7,1,0.0,0.0,0.0,0.0
NY_Z_J,NY_Z_J_distributed_generation_1,8,1,0.0,0.0,0.0,0.0
NY_Z_K,NY_Z_K_distributed_generation_1,9,1,0.0,0.0,0.0,0.0
PJM_EMAC,PJM_EMAC_distributed_generation_1,10,1,0.0,0.0,0.0,0.0
PJM_Rest,PJM_Rest_distributed_generation_1,11,1,0.0,0.0,0.0,0.0
