Zone,1,2,3,4,5,6,7,8,9,10,11,Total
CO2_Price_1,7.991419971312459e-12,7.991419971312459e-12,7.991419971312459e-12,7.991419971312459e-12,7.991419971312459e-12,7.991419971312459e-12,7.991419971312459e-12,7.991419971312459e-12,7.991419971312459e-12,7.991419971312459e-12,7.991419971312459e-12,0.0
AnnualSum,1.884126644079281e7,111112.21415424517,1.1214914244893928,1.1980390416698878,1.5273268583127375,758004.3668719929,1.2130130627795061e7,2.810752699245088e6,1.128548615693754e6,2.8724695616286397e7,2.856479459500793e8,3.50152460377776e8
t1,1030.6045126987817,7.043441549233049,6.923173806160545e-5,8.63419675136187e-5,7.99333816069048e-5,0.00010513551336038768,1335.8657655123986,0.00016590382591280732,43.945750192409115,1337.3632364215428,30080.29822684298,33835.121439763774
t2,805.361993201692,3.63650224067657,6.61790941864754e-5,8.282754164278474e-5,7.671694733798855e-5,9.834131735859345e-5,1335.865654243645,0.00015625826348011733,43.945732028499506,1337.3631806598762,24746.206094943253,28272.379637640806
t3,805.3619851584374,3.636406644183052,6.39468988666513e-5,8.080526633253565e-5,7.389437667469643e-5,9.23330683854999e-5,1013.8513789901347,0.00014797644130783397,43.945508354594075,1337.3630799922557,22767.019400039662,25971.17821813532
t4,805.3619827220564,3.6364067367228428,6.1925701133863e-5,7.938440364023599e-5,7.143766561881046e-5,8.62795490837065e-5,576.0173964348776,0.00014068820892390333,43.944181433827076,1337.3630731324579,22265.823118294615,25032.146598470084
t5,805.3619819480607,3.636407020042343,5.7818631130103916e-5,7.57648259913438e-5,6.760398381737076e-5,7.789156997068418e-5,273.4467024429355,0.00012593370978194454,36.914126615928105,1337.3630727742009,22720.765813517344,25177.488509331233
t6,715.4266645625263,3.6363179450128733,4.296609973648972e-5,5.76901261482418e-5,5.2738700508150275e-5,5.608455988410366e-5,267.17319850170776,8.145791475453925e-5,8.789210101721139,1337.3630725501173,24730.284067424443,27062.67282202293
t7,520.9338678202068,3.6363167024360634,4.145753177371826e-5,5.649755881531794e-5,5.08870911071421e-5,5.290879601422093e-5,267.17319594639065,7.768448874988717e-5,8.789206738802694,1337.3630735583858,21454.486947347934,23592.382887549622
t8,520.9338638390055,3.636316075052414,4.0654238496067514e-5,5.5909872801094124e-5,4.97885466425423e-5,5.1372434004246165e-5,267.1731946495897,7.58034539077314e-5,8.789204758567136,1337.3630739185464,16392.87140336267,18530.767330131977
t9,520.9338660079954,3.6363158074375312,4.02217515934455e-5,5.5634630342868766e-5,4.910765457918088e-5,5.057744783212432e-5,267.17319399323605,7.467655610034962e-5,8.789203548609336,1337.3630750587142,16335.097397254294,18472.993321888327
t10,520.9338646773863,3.6363157948311966,4.0039035382822656e-5,5.5587875821433824e-5,4.874886660085695e-5,5.0165325346683396e-5,267.1731937346576,7.42388294483154e-5,8.78920284453215,1337.3630758289385,16352.726471182323,18490.6223928426
t11,520.9338681679548,3.636316010293493,4.0071365290481365e-5,5.573609534473357e-5,4.8679357113633735e-5,5.023896886289644e-5,267.17319377994727,7.421000515481881e-5,8.789202528263274,1337.3630776961108,16376.081292381641,18513.977219500004
t12,520.9338630289493,3.6363166122667647,4.0418348656469274e-5,5.622797096201452e-5,4.887279081425762e-5,5.054728446232053e-5,267.1731943204769,7.484573407023261e-5,8.789202496789214,1337.363227082245,16404.341292179965,18542.23736663282
t13,520.9338652610124,3.636317345707763,4.093054331232517e-5,5.689340917482721e-5,4.9348574582761764e-5,5.147732016981885e-5,267.17319511235644,7.589665079912193e-5,8.789202826129562,1337.3632550175819,17402.364656659927,19540.260766769214
t14,520.9338566793784,3.6363184154381587,4.170087945524424e-5,5.772124941736936e-5,5.004902822920222e-5,5.261570896205546e-5,267.17319609184426,7.738244683951115e-5,8.789204053752695,1337.363271438311,20764.230355853375,22902.12648200141
t15,520.9338535974888,3.636319650598133,4.274501015141555e-5,5.873242881523475e-5,5.102618569723908e-5,5.44517387392199e-5,267.1731977569334,7.974067317525311e-5,8.789206105982865,1337.3632842652962,21775.91540008379,23913.81154815613
t16,520.9338518037181,3.6363214285461467,4.442807226186438e-5,6.012874387095351e-5,5.243924051940937e-5,5.7532295879902485e-5,267.1732003863966,8.360924850765581e-5,8.789210246614847,1519.600219124461,23261.53454120294,25581.667642330278
t17,805.3619694480882,3.6363833618146244,5.97595938486879e-5,7.691997251062216e-5,5.445433381252218e-5,8.609419413937923e-5,422.60402483615354,0.00013152808320402497,36.91442627088202,1428.611838806543,25945.847103318203,28642.976154797863
t18,1022.3151129657874,7.043350942681963,6.736906760446659e-5,8.449841151543812e-5,5.799754091259815e-5,0.000101435004000634,1212.6963647051005,0.0001565460608258573,43.945769714418276,1363.9765233485043,29980.41698092023,33630.394570442804
t19,1923.2852277785612,16.37964936525499,7.991673580587471e-5,0.00010192570088040426,8.730037335987331e-5,0.00013940874548729328,1464.8998585308887,0.00020371388987818558,43.945845213102,2083.731770912145,33607.02368467104,39139.26664873643
t20,1931.5746087814905,16.379653038395166,8.274829844823489e-5,0.00010459495862013437,9.506154133973526e-5,0.00014800177455991692,1474.8212046392366,0.00021199873439530143,43.94585659154731,2437.979932854778,37175.905891207665,43080.60778951842
t21,1931.574626567443,16.379660172394036,8.664278243077889e-5,0.00011089375357957096,0.00010144769221150328,0.0001672089264128742,1474.8212260936068,0.0002333294232011486,43.945890741903625,2762.238065967317,37651.95649001986,43880.9166590851
t22,1931.5746246157833,16.379657663852583,8.66871538313475e-5,0.00010870924626803096,0.00010208137386767789,0.00016145319208025647,1474.8212186288442,0.00022580337339855503,43.94587345333943,2140.321048714333,37644.03206016512,43251.07516797561
t23,1931.574627211378,16.37965928995615,8.790683115158717e-5,0.00011000840259491081,0.00010429349605132484,0.00016430533740834774,1474.8212229642781,0.00022927008569938756,43.945875949525686,2207.9016630163437,37633.93326720397,43308.5570114196
t24,1931.5746218467148,16.379661224143998,8.923146286145233e-5,0.00011192668077823172,0.00010658412059962232,0.00016779550158444877,1474.8212268350364,0.00023367060010670638,43.94588093418735,1863.7010656621983,36685.62229402347,42016.045459734116
t25,1931.5746269316148,16.37966170018027,8.982049130901824e-5,0.00011269615346576441,0.00010770718440596418,0.00017004038743632227,1474.8212295586757,0.00023738662451353102,43.94588422540369,1611.9320536311316,34753.73782844365,39832.392002141496
t26,1931.5746286233166,16.379662356780724,9.018546356883053e-5,0.00011291120837678739,0.00010848077269953942,0.0001712201497016296,1474.82123218326,0.00023955452633806054,43.94588619632999,1337.3633902392146,33484.0756704101,38288.16119236112
t27,1208.1976815475803,16.379643860366013,8.639197864733183e-5,0.00010555387367804813,0.00010429345631938054,0.00015108676479197518,1411.5964927524235,0.0002233822208425145,43.94586292480124,1337.3633041313947,33289.994516969185,37307.47817289404
t28,805.3620512052107,16.379628578120816,8.431555121803657e-5,0.00010232538994663521,0.0001025178044964973,0.0001482584424980937,1411.5964731954414,0.00021879132230902035,43.94585475661077,1337.3633056494598,33289.99445628941,36904.64242588276
t29,805.3620502485235,16.37963085658756,8.548604318391998e-5,0.00010361117850859835,0.00010422787827619346,0.00015084121952733983,1411.596471984098,0.00022139675176385053,43.9458566968301,1337.3633149151715,33289.99445707325,36904.64244733753
t30,805.362073441306,16.379643344946835,8.625562120121206e-5,0.0001048169385666219,0.00010558787480706354,0.00015314889132263157,1411.5964809171305,0.000225680642945748,43.94586636410999,1337.3633262599058,33379.75876844318,36994.406834260546
t31,1059.4058048238696,16.379656195313828,8.931347466453912e-5,0.00010951903626296143,0.00010948818724132831,0.00016017482127393763,1411.59658071715,0.00024245919063869506,43.9458914352276,1337.3634487889167,33310.03824672756,37178.73033964275
t32,805.3620391977281,12.973643361214991,8.531635270604008e-5,0.00010271993117055233,0.0001057922549552083,0.00015363667044063868,1411.5964722385745,0.0002314130810924743,43.945886662380474,2033.2573109284042,33210.91147819775,37518.04750946434
t33,806.4770458187133,3.637473351411183,8.343919662969976e-5,0.00010007742470598721,0.00010470979335482299,0.0001535364716138312,1411.5964323189737,0.0002285394019178182,43.94590086096845,2080.8792467676753,31196.499872123517,35543.03664154355
t34,1028.5074161272144,3.6365205685463993,8.358073665567649e-5,9.986981850965365e-5,0.00010546361601951614,0.0001555474598666476,1411.5964293961013,0.0002321252843940474,43.945909364879945,2299.3825963883487,30093.154422885367,34880.22397131738
t35,1017.4255184537362,3.636523229212226,8.4165079992294e-5,0.00010026801409155416,0.0001067612029609445,0.0001580651148264079,1411.5964323799342,0.00023828896268909618,43.945919056744664,2817.287512895626,30666.84741925261,35960.74001281623
t36,1302.4368306561205,3.636524658385197,8.475732001784947e-5,0.00010069267261235152,0.00010827996922711187,0.00016114225470574843,1411.5964380275923,0.0002477535029524599,43.945933505635814,3038.747083947184,31444.12070448083,37244.48421790147
t37,1676.8918451719414,3.636531480192649,8.701806539430878e-5,0.0001030626878951359,0.00011152430528151662,0.00016653139275915832,1411.5964456799325,0.00027164276710849066,43.94595504694125,3068.3623031825077,31497.310615063947,37701.74443540468
t38,1891.1341002157012,3.6365255445630815,8.777703043856658e-5,0.00010315442102716504,0.00011294791698417788,0.00017086491901982512,1411.596445363937,0.0003661841149035899,43.946082372515015,3096.034777343335,32227.891357146837,38674.24012891529
t39,2116.6716474031346,3.6365306624204345,9.014217874380022e-5,0.00010504812863499387,0.00011638865062921065,0.00017858810639861627,1411.596504597927,0.013279381338701305,237.46329280996355,3199.1525504878396,32542.900806810892,39511.43510232058
t40,2135.56542485181,7.043458763503322,9.361109301029927e-5,0.00010851368588981658,0.00012115054212304856,0.00019081993036105223,1412.708290500582,0.01482344292645669,258.7846791294866,3194.1115047718326,32966.41000618101,39974.6387017364
t41,2135.5654241866428,16.379667381926645,0.00010291370072413439,0.00012032076674350877,0.00013253847217275044,0.000246583147067724,1482.6896108972737,0.014849415082322001,258.78469540117504,3194.111511275031,33289.99449698061,40377.54085789383
t42,2135.5654456840407,16.37969240360206,0.00011332128869238462,0.0001406444890055788,0.00014996104201407578,0.0004146066217243539,1636.4425011656995,0.014880332634815115,258.7847190655148,3194.1115144636306,34048.70230126133,41290.001872909896
t43,2135.5655771692213,16.379789720473795,0.00014086400484185322,0.00021264791410917304,0.00022629008021924236,0.00047288024195136943,1610.3580878074742,0.01493395283327384,258.78478272947376,3194.1115177414035,36083.627539053516,43298.843280856636
t44,2135.565538843777,16.379794272584906,0.0001438755897945289,0.0002226759716566538,0.00023431028721755136,0.0004750461521970316,1610.3580886104796,0.014937175343524182,258.7847868987882,3194.1115177791185,37651.9561312745,44867.17187076259
t45,2135.5655391680866,16.379798308917007,0.00014501143192294114,0.00022707708153732575,0.00023738629304694773,0.00047733427309854854,1610.3580943267546,0.014939611118275456,258.78479004981926,3194.1115790827726,37651.95621563207,44867.17204298862
t46,2135.56553402797,16.379793280768013,0.000143808692564602,0.00022413315854144828,0.00023534627205267495,0.0004763992418997482,1610.3580904306402,0.01493862712297876,258.7847887188611,3194.1115822826337,37651.95618140923,44867.17198846459
t47,2135.5655340067133,16.3797943709529,0.00014449936148457461,0.00022416689855598782,0.00023637606107735064,0.0004767913020071328,1610.3580910851194,0.014939760648965674,258.78478972159013,3194.1115249024697,37651.956121507596,44867.17187718871
t48,2135.5655315944528,16.379790817448175,0.0001435775966683729,0.00021860618613296517,0.00023318936814857696,0.00047569871976808783,1610.3580910719693,0.014938475888365423,258.7847879132791,2981.3817447512915,37462.06382439873,44464.54978009492
t49,2135.5654380798696,16.379699932815164,0.00011945723056981939,0.00015561477348720302,0.00016296372735237195,0.00042670883422677564,1610.358049189644,0.014871010417085499,258.78472046312004,2181.000129095135,36239.46599506363,42441.569767579196
t50,2135.564135370523,16.379692794871175,0.00011514416905352325,0.00014490945996860046,0.0001523843106324177,0.0004156236348963285,1610.3580416222583,0.014744497790757682,258.784681112742,2162.0101090579333,34442.649110035505,40625.761342553196
t51,2015.8229915643492,16.379691832382413,0.00011405476152919181,0.00014299794100055814,0.00015050290298814224,0.00040951058157008216,1610.358038049353,0.014258440705346168,258.78461331255676,2101.4962771454243,33627.995385105656,39630.852072516616
t52,2015.8229354562557,16.379690321564183,0.00011263531142781902,0.00014149947405064364,0.00014823810203841342,0.0004058655214915837,1610.358033999473,0.014230636114482458,258.78442775839795,1962.5823418397108,33527.84702751848,39391.789495768404
t53,2015.8229272968056,16.379687092770144,0.00011044149404499966,0.0001391528011203092,0.0001444022094171469,0.00039778425890992295,1610.3580266744725,0.01420114967776423,258.7844203270265,2021.817988277832,33789.71794739083,39712.89598999018
t54,2015.8229269378544,16.37968578459362,0.0001084899318281557,0.0001367477524703864,0.00014203168672635453,0.0003879795369668803,1610.358020182384,0.01414743199674042,258.78462283404826,2421.4848126422416,34631.38894337249,40954.23393443452
t55,1647.6705493880268,16.37954869035713,9.785800099324906e-5,0.00011728993328815049,0.00012804489858655427,0.00025863852787309734,1485.4640649460932,0.008874944887453731,138.26010754498873,1739.7720356613852,33067.79113945326,38095.346922460354
t56,1574.5041556815574,7.043228486485696,9.010909347342457e-5,0.00010557798876544553,0.00011842151244445362,0.00023697265810957108,1485.463228947602,0.00885256586552666,138.2601096984823,2314.220986521917,25086.819481029717,30606.32059401288
t57,2015.822835330359,3.6364088323407,8.681035450576395e-5,0.0001018919180926823,0.00011475805854285549,0.00023067192057653086,1485.4631284110835,0.0089078887556158,138.26013527419977,2566.7690353485823,20071.977006361558,26281.93799157913
t58,2015.822825490174,3.636412032255342,8.548052806478203e-5,0.00010071900297327429,0.00011286619582585308,0.00022679394784880369,1485.4632109614652,0.0088947785962497,138.26013467557053,2887.4674584524923,18981.628994622864,25512.28845687309
t59,2015.8228257172132,3.636412492147562,8.462430481706503e-5,9.989334917507204e-5,0.00011141794984035438,0.00022374202295126695,1485.4631686040289,0.008910004878231797,138.26015770560977,3193.969775767638,19229.05359088065,26066.21536084979
t60,2036.146756332026,3.636413625411963,8.437902856304136e-5,9.973373603794669e-5,0.00011092363588479696,0.00022148478917939085,1485.4631295549375,0.01456647163258304,258.7846361920294,3194.111507655668,19545.438557892816,26523.59608424571
t61,2072.854741770013,3.6364115988598407,8.334800711072634e-5,9.851294529454947e-5,0.0001093220933435696,0.0002189914444527986,1485.4631439618934,0.014831842352725434,258.7846790702937,3194.111520508638,20113.981730714608,27128.847569641148
t62,2095.364605567335,3.6364122101412137,8.353086753063019e-5,9.877984700114318e-5,0.0001091577631230674,0.00021774956845791406,1485.463086450412,0.014849411461251632,258.7846819486586,3194.1115162038896,21626.60901993698,28663.984680946924
t63,2135.5653374533463,3.636409218035654,8.221628640476308e-5,9.714735685325373e-5,0.00010774501811917839,0.0002154252500379275,1485.463201186144,0.014891583953628466,258.78468043788035,3194.1115169727304,21955.45014279048,29033.02668217648
t64,2135.5653415403,3.636408212741976,8.162696821569472e-5,9.64696025865028e-5,0.00010692423280173292,0.00021408088583583045,1485.4632280803353,0.01484996158461328,258.7846792212104,3194.1115249350037,21778.710778052035,28856.2873091049
t65,2135.565333383837,3.6364073215122215,8.164399471446358e-5,9.683647774395404e-5,0.0001070067565561609,0.0002139117541642899,1485.463244915108,0.014851320537434948,258.78467641240974,3194.111522131419,22649.797316152108,29727.373851035914
t66,2135.565321525273,7.043213914359012,8.251994411248256e-5,9.792465295131237e-5,0.00010739665134501688,0.0002156865793729741,1485.4630449695746,0.014830023254488739,258.78466982686984,3194.1115186440325,25586.669235047564,32667.652337478758
t67,2135.5653058608295,16.379526416779083,8.761090308126147e-5,0.00010425456998420527,0.00011196876070600807,0.0003154645267707649,1610.3579652073693,0.014831799557479671,258.7846671491261,3194.1115172692894,32163.868052208338,39379.08248521005
t68,2135.565293737672,16.379676039411724,9.905093434264811e-5,0.0001267216455246722,0.0001257790244290614,0.0003187724041813584,1610.3579647863128,0.014806428714008836,258.7846584001184,3194.111510963453,35140.631253221516,42355.84583390121
t69,2135.565291816654,16.379674427106398,9.84749617050803e-5,0.00012828338713420295,0.00012588617130469576,0.00031701242483510875,1610.357963237005,0.014795502112973997,258.78465100624993,3194.111507284737,37651.95592728649,44867.170480217304
t70,2135.5652822486054,16.3796749576393,9.890073483751124e-5,0.0001295062899770919,0.00012650810494643447,0.00031595483940218737,1610.3579624537838,0.014773577538159308,258.7846441790861,3194.111510579254,37651.95592037395,44867.170439239824
t71,2135.5652691838995,16.379673106498554,9.90208933559412e-5,0.0001303372812341491,0.00012714083836709908,0.00031421493848704263,1610.357960869065,0.014751539377382964,258.78463391697983,3194.1115052001483,37080.43560802091,44295.65007255083
t72,2135.565236728399,16.37967350876817,9.829840417679206e-5,0.00012918431145849494,0.00012598735847009897,0.0003086084142939319,1610.357955958708,0.014687375366587837,258.78460719883725,3159.9963617455783,35076.54919269982,42257.64837729397
t73,2062.1245459778493,16.37967109144162,9.683750893233446e-5,0.0001267046875628189,0.00012342508050412112,0.000298851784879719,1610.3579433193308,0.009558327366380341,181.44298486627375,2439.559431485919,33350.332911585734,39660.20769247298
t74,1931.574777851315,16.379662702001127,9.341217833546732e-5,0.00011915860423375956,0.00011834889101712095,0.0002514004258829626,1533.2290208739912,0.0004922238944034246,43.94627287271818,1437.3504567767577,33289.99442138985,38252.47568701063
t75,1861.1899042051805,16.37962504614884,8.690423325306027e-5,0.00010800722411691758,0.00010996094053798492,0.00018805798897855784,1357.5540630341268,0.0003039201677336258,43.9459436410114,1437.3503890570803,31772.72300484866,36489.14372668276
t76,1450.7954813999713,16.37962065389778,8.400335940058444e-5,0.00010414722192171908,0.00010640595326074738,0.00017033047814626117,1335.866154278614,0.0002707101980772192,43.94591815621187,1437.3503857080445,31363.04322072311,35647.38151651706
t77,1527.172504884726,16.379620282583396,8.371647296621878e-5,0.00010406776172111524,0.00010555412070523582,0.0001640464674162816,1335.8661095392736,0.0002571943251816389,43.94590875873202,1437.350386584873,32379.310289210323,36740.02553383966
t78,1559.716739930241,16.37935507842903,8.166033046731862e-5,0.00010159267817587974,0.0001028279733171586,0.000156876641017585,1335.8661017740583,0.00024437198975640206,43.94590117975994,1437.3503930187221,33289.994263435576,37683.2534417464
t79,805.3620457812425,7.043041707747979,7.63850028077281e-5,9.269274341659181e-5,9.649420661990322e-5,0.00014371154916706055,989.1083619367636,0.00021520650474897703,43.94587309958201,1437.3503849785566,26734.22888963418,30017.03922162808
t80,1277.2292560958963,3.6363966135210983,7.478056637785816e-5,9.057895508921328e-5,9.519996088621518e-5,0.0001392179479138896,675.2893749642909,0.00020521215497661826,43.94588891235578,1773.7108777558938,20933.106412901718,24706.91881223326
t81,1530.3558599398664,3.6363964077728523,7.389756842234974e-5,8.950212154537218e-5,9.349263434880662e-5,0.00013542334445513455,363.5353516534659,0.0001996618033061988,43.94589735542028,2023.4599835883116,16749.51799367505,20714.45207459736
t82,1461.2050346784235,3.636395733755635,7.321523062762828e-5,8.867783850265782e-5,9.234477404815804e-5,0.00013250390118266337,346.0976347886216,0.00019574129076603954,43.9458861138657,2515.0140512435632,16843.863101458963,21213.762686500228
t83,1377.671105485119,3.6363941659018124,7.202420640920125e-5,8.695663544136131e-5,9.127890691769307e-5,0.00012917581772072036,691.4425975486092,0.00019069721013000208,43.94587743809451,2845.4807006853807,17318.35545579859,22280.532701254473
t84,1275.3663330948687,3.6363928598087223,7.104969418672367e-5,8.573552478706923e-5,9.026177229203608e-5,0.0001270752239388702,1152.0682750442747,0.00019094592268565668,43.94587255477895,3194.111479455181,17168.809617121682,22837.938535198733
t85,1092.7810396188354,3.6363933807899094,7.07265365246163e-5,8.549517881665152e-5,9.045524337762522e-5,0.00012604772715209465,1335.8660201480866,0.00025115939799187723,43.94594582117484,3194.111489505629,18112.94200456778,23783.283516926378
t86,805.3619984328274,3.636392533637699,7.027965598107063e-5,8.595349773529212e-5,8.958594476929198e-5,0.00012407039777987268,1329.242699639694,0.00018246370825970808,43.945825457342245,3194.1114944051196,17408.79774046104,22785.096703282863
t87,805.3619912847565,3.6363916060849215,6.981652922863123e-5,8.506644092191987e-5,8.746250473042465e-5,0.00012244341412535997,1189.403502567299,0.00017263005484979257,43.945822062754814,3194.1114814425187,17838.97916806699,23075.438894449348
t88,805.3619964047978,3.6363907576427086,6.932482239165368e-5,8.420565217015548e-5,8.670028927757816e-5,0.00012125363838738255,1190.4137440746895,0.00017379888192578082,43.945818318070266,3194.1114762225225,19529.637401519318,24767.107362580326
t89,805.3620110375373,3.6363897995835006,6.886101159916754e-5,8.343510481890174e-5,8.624684941753418e-5,0.0001198833603381964,1324.0780196331061,0.00017330289035185934,43.94581861581648,3194.111477321124,20423.141565405665,25794.275813542048
t90,1030.6045447288177,3.636386305635853,6.866441683767746e-5,8.311474874464324e-5,8.600950192032026e-5,0.00012043245022731373,1311.9175486206436,0.00018081932659433535,43.945825109112775,3194.1114705723126,22969.100853561762,28553.31716793873
t91,1931.5746677119557,7.043454127517537,7.258083499250896e-5,8.891368696374558e-5,8.782510838857781e-5,0.00015023507468178842,1335.866274742292,0.00022578547088905046,43.94591120115101,3194.1114594337246,27505.822653989653,34018.36504654647
t92,1931.5746956241253,16.379651866126554,8.32805092559391e-5,0.0001075401036097175,9.55036286674519e-5,0.00015027041842750888,1335.8662721442015,0.00022251426844566993,43.94591273494385,3194.1114464173893,33359.08574983586,39880.964387731576
t93,1931.5746658242952,16.379650269033704,8.277670576697937e-5,0.0001061717146537596,9.381333060202617e-5,0.0001456008382115595,1335.8662668107827,0.00021581926197159824,43.94588652256498,3194.111383337209,36002.12710408137,42524.00560102711
t94,1931.5746592560904,16.379649533351373,8.217059435060978e-5,0.00010561077547031628,9.293211429107458e-5,0.00014334873180709359,1335.866263569908,0.00021337632531640493,43.94587936765352,3194.1112455088523,35865.87687141016,42387.755206084556
t95,1931.5746480262483,16.37964896012516,8.160413525066927e-5,0.00010524329243747449,9.189695695075093e-5,0.0001408482294112052,1335.8662569036585,0.00021039883019596868,43.945869735490454,2791.3985544078164,34525.96567361801,40645.131281642796
t96,1931.5746313208085,16.37964579894843,7.972189675085892e-5,0.00010418760206885552,9.051807653154562e-5,0.00013407681176783476,1335.8662229522022,0.00020458550465405934,43.94585702326819,1929.3957909806822,33289.99447997717,38547.15724114297
t97,1931.5748155662425,16.37969944237346,0.00012139728319005866,0.0001504871971492999,0.0001711891020224357,0.0010248962599174055,1610.3580367972056,0.0003579107348187107,43.94632584814805,3089.3426808446907,36378.58569009454,43070.189074473776
t98,1931.574809145583,16.379699650963563,0.00012122258246754404,0.00014721189410503725,0.00016970133587390182,0.0009796742056837524,1610.3580306203942,0.00034339469725545586,43.94624620995755,2756.339372298821,35172.37630962627,41530.97622875671
t99,1931.5748098055162,16.37969983429254,0.00012137809133616944,0.0001470436793930667,0.00016982147878716086,0.000974761746811364,1610.358031539622,0.0003430920749012593,43.9462458258641,2930.273732912026,34974.89085117118,41507.42512718557
t100,1931.5748110439279,16.37970025611015,0.00012165567140276479,0.0001474814153601341,0.0001701253501605164,0.0009668063740413356,1610.3580320897308,0.0003438567731691014,43.94624469554011,1792.960369029192,35360.16607893741,40755.38698597749
t101,1931.5748232997307,16.379700424771112,0.00012177832933102195,0.00014760835482019428,0.00017023984859687398,0.0009798290393766063,1610.3580325327023,0.000345468878437276,43.94624892491064,2225.2091316519345,36194.55874361104,42022.02844536954
t102,1931.57485011046,16.37970160879544,0.00012287373332885238,0.0001526322384218368,0.00017300609602476764,0.0010340796742142526,1610.3580414204644,0.0003695151379486736,43.94636577801373,2935.2250703215664,37892.224395540215,44429.7102768864
t103,1931.5750150517808,16.379720027544618,0.00013084707325053757,0.00016971315124410192,0.00018548708063142915,0.0010645034060407046,1610.358057533271,0.0004367110734647379,43.94666473226397,3859.1326816285136,38575.370656201725,46036.76478243688
t104,1931.575028216589,16.379720739747306,0.00013102097319519463,0.00017041219306887818,0.00018346112817614605,0.0010650976081778836,1610.358058576101,0.00044090233894299375,43.946669728795456,3859.1326834050387,38575.370888080484,46036.765039640995
t105,1931.5750212458038,16.379716943099314,0.00012899163350469197,0.00016625890488572637,0.0001821579097228965,0.0010624966603577108,1610.358056779535,0.00043603932121969016,43.94666439993698,3859.1326814716076,38575.37068353826,46036.76480032268
t106,1931.5749137939636,16.37969900376782,0.00012050203964117932,0.00014546088467300565,0.00016848807682875696,0.0008596386707162706,1610.358030061646,0.0003443838235955813,43.946254340299745,3331.5693893903726,35893.34126736494,42827.17119242849
t107,1931.5748728982276,16.379651765740505,0.0001129989271226453,0.00013297735048224064,0.0001604169727430126,0.0006353527975321432,1485.4640715558032,0.00031124189536384835,43.94624079233271,2703.7866187017185,33322.48652855966,39503.639337261426
t108,1931.5749281156343,16.379650867005736,0.00011168572726629318,0.00013152191356076719,0.00015955676800279424,0.0006347916827650514,1485.4640698555868,0.00030902776535503116,43.94623982492796,3137.0441768335627,28408.128653572196,35022.539065652774
t109,1931.5748236984668,16.379650142624374,0.00011107383292542011,0.00013098139136568147,0.00015895361557325603,0.000634252721948758,1485.464071248511,0.0003098795970769698,43.946240930987045,2567.7579084594954,23670.27123642973,29715.39527605097
t110,1931.574702110144,16.379650177958286,0.00011104807988538991,0.00013079188747104934,0.00015938601300540277,0.0006336699040631139,1485.4640696471959,0.00030927907029094107,43.94621604561231,2435.1386607237764,22749.9238336826,28662.42847656224
t111,1931.5747103774897,16.37965038413337,0.00011122890489526972,0.0001312621093630616,0.00015907430676983064,0.0006340359684314449,1485.4640716303495,0.0003107565563208535,43.94621806125689,2049.4695549624466,21352.348156069143,26879.183707842665
t112,1931.5746786517097,16.379650500284818,0.00011158468216219021,0.0001318286747750893,0.00015932181093584628,0.0006343703992753675,1485.4640725161153,0.00031123164019597997,43.94621880842387,1900.382959410846,24989.138973791112,30366.8879020157
t113,1931.5746993166604,16.379652119178353,0.00011325825665487959,0.00013460201089030496,0.00016108765433832321,0.0006365890274371439,1485.4640781615021,0.00031510396411671155,43.94622091881779,2354.6520907103227,32384.26342095913,38216.281522826524
t114,1931.575021045618,16.37971548456998,0.00012849921581157577,0.00016911787250768634,0.00018572129703121206,0.0010652677520721317,1610.3580583545984,0.0004344274559368402,43.946667546419654,3859.1326814796957,38078.36289045271,45539.757017397205
t115,1931.5750253629124,16.379716245604467,0.00012878189508873277,0.000169844310067817,0.00018592638573948283,0.0010652398941280333,1610.358057675868,0.00043777156565331,43.946670871734106,3859.1326801402784,38119.860311179356,45581.25444903981
t116,1931.5750235593184,16.379715356341638,0.0001280569735778666,0.00016871218305481898,0.00018457381669013606,0.0010635521762573257,1610.3580561426375,0.00043553484017293676,43.946669220214226,3859.1326756799267,38119.86030343625,45581.25442382468
t117,1931.5750227799506,16.3797127975335,0.00012690388753664491,0.00016690192481612145,0.00018254345773837554,0.0010616421069358417,1610.3580547261997,0.0004337002652828261,43.94666703330844,3859.1326733827855,38119.86029627665,45581.25439868807
t118,1931.5750240036598,16.379716150027463,0.00012793602709826478,0.0001669769296540934,0.000182350183929546,0.001060197061899604,1610.358054505079,0.00043371565821045873,43.9466686774123,3859.1326733643723,38119.86032771958,45581.25443559599
t119,1931.5750238619996,16.37971152356023,0.00012815611035139546,0.00016811589428646602,0.00018351457640197272,0.001060980346058821,1610.3580552253886,0.000433802913244438,43.94667049490276,3859.1326737664936,38061.00504651775,45522.39915595993
t120,1931.5750220943942,16.379713241584295,0.00012701147348271146,0.00016731085056897498,0.00018255792726367401,0.0010591304336644764,1610.3580538908539,0.0004309874184479644,43.9466688728906,3859.1326712847576,37057.28442057819,44518.678516960776
t121,1931.5749965259126,16.379712028062222,0.0001243873810893597,0.00016303245396611957,0.00017821587826033229,0.001053253247724023,1610.35804934774,0.0004180154471182614,43.946657182703504,3859.1326253410575,35184.88060135646,42646.274578686345
t122,1931.5749304923488,16.37970096953169,0.00011990436678719999,0.0001538359782043348,0.00016959115586887355,0.0010387747577531006,1610.3580397285446,0.0003861836330227847,43.946618592769376,3689.3834444743084,34188.18791639208,41479.832518939475
t123,1931.574943909785,16.379700277057456,0.0001190390504870897,0.00015416866011321183,0.00016848327556472794,0.001035621408362286,1610.3580374877613,0.0003817624080681337,43.94662004369317,3577.5878523081396,33905.80261327908,41085.65162638031
t124,1931.5749571264935,16.37969938107249,0.00011782804070573419,0.00015377420097671045,0.00016666938770944366,0.0010306815018060293,1610.3580343981373,0.0003778143343895974,43.946620771979774,3538.921534245592,33750.60519069908,40891.78788338982
t125,1931.5749659275332,16.379697923456177,0.00011609377139624313,0.000152387206603354,0.0001640443713566544,0.0010252944775666353,1610.358030412506,0.0003721725429532704,43.94661834902658,3596.1316446062515,34043.05017911031,41241.442966321454
t126,1931.5750073988388,16.379695657802888,0.00011367148768813,0.00014889635671354307,0.00015981293210668568,0.0010171012501216004,1610.3580247199125,0.0003628555445583089,43.946611773665005,3537.9197410129414,35344.60800844431,42484.788891345044
t127,1931.5749976255934,16.37969388674735,0.00011125559907540817,0.00014710164189069618,0.00015582999520960753,0.0010073085764276634,1610.3580177042736,0.0003539532395394231,43.94660824227345,3853.8255094654605,37495.29442593483,44951.38102830823
t128,1931.5750055656335,16.379692332657896,0.00010904694341881231,0.0001432130933597941,0.00015026991185830988,0.0009878007048691204,1610.358005805604,0.0003358808470809718,43.94658197823837,3368.9591500678002,37778.66676918243,44749.88693114387
t129,1931.5749940867017,12.97275613564394,0.00010200514721663427,0.00013127442927354061,0.00013771790350778715,0.0007509053150458106,1434.9922688462314,0.00029292887657590173,43.94631960816417,2692.514054803227,36959.83392018023,43075.83572849187
t130,1931.5747818540917,3.63638075283925,7.622318534328796e-5,9.942832811137749e-5,0.00010972810627047575,0.00024180958366672894,455.14418887140044,0.00019350062394248003,43.94621987990701,1772.3736320229589,27533.41193959239,31740.087863663415
t131,1878.3208658986891,3.636351290624226,6.747645539986817e-5,9.110467880583382e-5,0.00010022510376590191,0.00022859270867987044,416.7713828601128,0.00017430527926734675,43.94618604466233,1736.6099312511785,17349.03552339438,21428.320902443873
t132,1820.8706008500906,3.636350198272106,6.61166086399919e-5,9.03317998065692e-5,9.838800146804335e-5,0.0002258435294033709,416.7713808698164,0.00017152866424550425,43.94618431666128,1736.6099310762875,15544.933744119586,19566.76884363932
t133,1714.1650899487631,3.636349700102341,6.550492669116836e-5,8.997031582700013e-5,9.754109606355648e-5,0.00022460396903495997,416.771379867464,0.0001700734362778605,43.94618302389482,1736.6099311961207,15544.933744910237,19460.063326340325
t134,1591.815423834904,3.636349334103171,6.519615060653407e-5,8.979894026303338e-5,9.72231448584805e-5,0.00022408284008251672,416.77137932744023,0.0001693456801111518,43.94618060927278,1736.6099299137704,15544.933743533704,19337.71365219995
t135,1703.537407390158,3.636348348368699,6.459303590082193e-5,8.971239714452767e-5,9.72912995990444e-5,0.00022409448731374953,416.7713788580987,0.0001689177536692949,43.94617948231509,1736.609928912637,15544.933743630852,19449.435631231405
t136,1591.2124309983433,3.6363488175721193,6.528554809628855e-5,8.994336031845913e-5,9.808598969555761e-5,0.00022443889129544712,416.77137874889735,0.00016933622277754543,43.94617897295872,1736.6099277802177,15544.933743042864,19337.110655450866
t137,1726.1127619976726,7.043514516807063,8.096782846233449e-5,0.00011044706112846704,0.00011382423339546467,0.00024326919544412576,1271.725339237547,0.0002189129250146486,43.9461780334846,1736.6099250020468,17566.78127133252,22352.21975754132
t138,1931.574804421255,16.37967385889722,9.37368011181974e-5,0.00013151379268714933,0.00012825613884563197,0.0003396150644539824,1610.3577730046609,0.0002713808692409243,43.9462766401143,2607.3856452829114,32568.770010167227,38778.415147877735
t139,1931.5748131304736,16.37967545061574,9.56985260351313e-5,0.00013335975829362277,0.00012995220464225807,0.00034845943501667065,1610.3577738374745,0.00027595424905798075,43.94628198013038,2604.317306792406,34847.12989300912,41053.70672762439
t140,1931.574803072982,16.379675899082603,9.656305800560575e-5,0.00013374072652641455,0.00013095404700517131,0.0003497455286127474,1610.3577741988183,0.0002768058555596979,43.946276749042916,2567.2196679506947,34683.343081053674,40852.82226673351
t141,1931.5748142356058,16.37967614739372,9.718975741445832e-5,0.00013405555639308355,0.00013164225561683744,0.0003503483016520452,1610.357774489944,0.00027756603516808327,43.94625284062016,2851.1183692084483,34269.53843708363,40722.91631480755
t142,1931.574808302304,16.379675981008056,9.74688821578389e-5,0.00013436232278435446,0.0001325900506783352,0.0003507539044286151,1610.3577745163707,0.00027803631611121344,43.94624722140761,3572.8175071472506,33552.11257008144,40727.18957646126
t143,1931.57479341906,16.379676461883683,9.808427916907229e-5,0.00013542886136385534,0.00013393959570335838,0.0003528199191106003,1610.3577754778375,0.0002794801794437067,43.946271418247655,2693.409732880123,32619.124360444195,38914.79360985418
t144,1931.5747881400507,16.37967605120138,9.795749055613865e-5,0.00013439347736791393,0.00013420162976921608,0.0003463321342044969,1610.357774625008,0.00027649286671071853,43.94625819744891,2178.3842027360065,32552.068345756958,38332.71203488427
t145,1692.5032409271137,16.37961952488093,9.139163149810567e-5,0.00012120583663869692,0.00012598551359339249,0.0002576312216126614,1485.4639119063318,0.00024535059028721036,43.946155984489145,1736.6099006675026,30548.921415639536,35523.825086214645
t146,971.3807931579245,16.379602930696628,9.018496266663485e-5,0.00011927013806600995,0.00012483884688437374,0.000255814439253033,1485.463903083954,0.00024321785184645343,43.94615100637261,1736.6098967569749,27563.364508739312,31817.145689001474
t147,858.5041164839553,16.379598725708856,9.010762023017192e-5,0.00011907536703159004,0.00012483374467888125,0.00025622715564655607,1485.463901654961,0.00024319741830769573,43.946149005005566,1736.609898232777,26228.452519033825,30369.357016577538
t148,865.0128067111635,16.379616955489336,9.01885182065365e-5,0.00011891326549324644,0.00012486980032482142,0.00025645147280795245,1485.463900756806,0.00024320277934898824,43.94614738847634,1736.6098976083142,25363.008451136684,29510.42165418277
t149,915.6403443056046,16.379599403246615,9.045029766120672e-5,0.00011895340647967495,0.0001250744869846847,0.0002567972430688908,1485.4639018158452,0.00024351722683248726,43.94614710238256,1736.6098977572537,25626.851634139493,29824.892359316487
t150,1161.721694337594,16.379601501324487,9.100953419189068e-5,0.00011902306928428812,0.00012531705867708194,0.00025696363704044917,1485.4639025497925,0.0002437843299022523,43.94614679699182,1736.609895166125,27206.48078336986,31650.60285981932
t151,1481.2241225343855,16.37962033573106,9.252062489905584e-5,0.00012050589593727218,0.00012644648424542168,0.00025856946690626907,1485.4639086623376,0.00024607707520257966,43.9461486266202,1736.6099038680773,30301.447725998765,35065.07227414547
t152,1931.5747587428662,16.37967384506619,9.868582733348443e-5,0.00012906718312871037,0.00013243844103043068,0.0003089812135346542,1610.3577575512609,0.00026631995407436123,43.94618797537861,2111.5900921693947,32552.068354761475,38265.91776053806
t153,1732.995907567151,16.379630018953023,9.413643129354269e-5,0.0001196930632612788,0.00012610064831281793,0.00025904685730663104,1485.4639497039554,0.00024649354679522615,43.946158217441926,1817.2408310878136,32552.06825519236,37648.095577258224
t154,986.863044983813,7.043328427799668,8.814053575058863e-5,0.00011578167702810637,0.00012397456962716266,0.0002553636843144228,1259.7632170655165,0.00023370785793997405,43.94615741541482,1875.3095023562462,20597.23685409014,24770.162921307256
t155,884.2312957643333,3.6364272110136473,8.567124275856711e-5,0.00011306863453862593,0.00012250012837519198,0.00025453777708996485,426.4684252174558,0.0002269094487532292,43.94614135363947,1736.6098969789343,15680.452044695281,18775.345033907888
t156,832.2836944042996,3.636436124501171,8.683305646958153e-5,0.0001142480157951284,0.00012335722823894783,0.0002563102289453439,417.7266339854378,0.00023203561402628255,43.946123034285556,1736.6098963542856,15544.934108241563,18579.137704928515
t157,805.3621620904566,3.636405166704021,8.639521277152158e-5,0.00011367148073853373,0.00012316323925251334,0.0002563227432734546,417.59337971809475,0.00023139002556391163,43.94611006449356,1736.6098934048282,15544.933859966713,18552.08262135399
t158,805.3621629470698,3.6364047393044014,8.628836950311835e-5,0.00011337474698393719,0.00012317533490660825,0.00025661723196405387,417.6608272348698,0.0002312330682531566,43.946105623803014,1736.6098917262661,15544.933863697495,18552.15006665756
t159,822.109917140407,3.636403715152772,8.614017075111683e-5,0.0001129591159786685,0.00012310540521809905,0.00025680436992148593,417.62979165605543,0.00023076290733940678,43.946115445518444,1736.6098937204597,15544.933866835772,18568.866798285337
t160,854.5430538775921,3.636402961148413,8.609576192888085e-5,0.00011242562453033102,0.00012302629290858162,0.00025687321906240306,417.61164508426054,0.00023023310427988108,43.94611437431694,1736.609893607475,15544.93386403671,18601.281782595506
t161,1140.848085141563,7.043260006052429,8.762762274616238e-5,0.00011349449122845103,0.00012404366046224298,0.00025779322399151655,1233.6176055352394,0.00023300006790089907,43.94611798274253,1736.6098925661827,15665.138123114599,19827.203900305445
t162,1931.5742094968937,16.37953906779372,9.406630527455501e-5,0.00012327508312752703,0.00013080586704572553,0.00027194023463006513,1485.4639510924426,0.00025610681082406076,43.946153477968274,1736.6099136290838,31757.966831479553,36971.941474438034
t163,1931.574759173811,16.379669940867327,9.8557089813048e-5,0.00012856808168982737,0.00013405235907663551,0.00029008710871438284,1610.3577180151096,0.0002694018671535601,43.946176286462816,1736.6100033680634,34638.95408427058,39977.8233317214
t164,1931.5747732771201,16.37967300465104,0.00010015986033507236,0.000130395124322143,0.0001360435823494743,0.0002954965497524224,1610.3577605342864,0.0002756137748318632,43.946184102353094,1736.610446041617,35198.262036128035,40537.13181079696
t165,1931.5747568608688,16.37967177211934,0.00010017938381396419,0.0001299306819052007,0.00013601375024280038,0.00029441920104876095,1610.3577230767462,0.00027241797859928337,43.94617619776674,1736.609950489999,34667.56824833584,40006.43745969434
t166,1931.574756274505,16.379671558371285,0.00010028508435256216,0.00012954309605472367,0.00013683078761206696,0.000293150277340319,1610.3577187636736,0.00027181192070073457,43.94617117647568,1736.6099387214122,33800.58398797667,39139.45317609228
t167,1893.5356351247465,16.3796677337495,9.931844027899554e-5,0.00012738010031885665,0.00013596282280525478,0.00028425546907311436,1485.4640738605258,0.0002671134253723839,43.94616373891763,1736.6099223291121,33447.32863645128,38623.265013268596
t168,1318.9797853064156,16.379658259641555,9.822356870412454e-5,0.0001252312789698909,0.0001350177912672183,0.00027713043466930185,1485.4639241953532,0.00026098105433208487,43.94615297786624,1736.609905044912,32843.818711488355,37445.19903385667
t169,892.4158519512775,16.379658556501234,9.835552777274296e-5,0.0001252249231207415,0.00013557672700342704,0.00027816275640515204,1485.4639214417339,0.00026103575331940616,43.946151808402476,1736.6099040986765,32661.730740850366,36836.547127062644
t170,871.7259398233433,16.379658910430283,9.861251350599261e-5,0.00012528938020552264,0.00013592263466972776,0.00027936859285982086,1485.4639217118834,0.00026171896569619996,43.94615232459246,1736.6099042347157,32638.957169439473,36793.08364735652
t171,853.9520172489542,16.37965948175856,9.898669663300176e-5,0.00012551615518810919,0.0001364410860662196,0.00028068726548151167,1485.463922139994,0.00026296414508424315,43.94615315088375,1736.6099051611754,32665.99153871009,36802.344100488204
t172,874.4225036491289,16.379660110500495,9.943014531019639e-5,0.00012579226061760088,0.00013704097108221638,0.00028175544529277186,1485.4639288827732,0.0002653871554561919,43.94615679495341,1736.6099133646737,32767.088553143083,36923.91162535109
t173,1402.895791770413,16.379669447263673,0.00010176684998104204,0.00012953696907721268,0.00014004021107120893,0.00029101794810750415,1485.4641151816522,0.00027571646406710464,43.94617272136386,1736.6099365662567,32867.36426617936,37552.660889944746
t174,1931.5744144677644,16.37967118067874,0.00010214472021964411,0.00012983166039613904,0.00014066758648871661,0.0002919099829433461,1610.3563806909663,0.0002774116760175584,43.946174484860386,1736.6099423787514,33527.53926820467,38866.40679337332
t175,1931.5747066980862,16.37967225090919,0.00010246042471153033,0.0001314457313714808,0.00014207072656579714,0.000301065825320824,1610.3577297920278,0.0002811574948033747,43.94617824069899,1816.577391734855,34384.87563218187,39803.71226909865
t176,1931.574712752993,16.37967632005845,0.00010360920374114204,0.00013059788756201654,0.0001419273085919344,0.0003014896978691121,1610.357733084605,0.0002818708096851975,43.9461808271419,1959.8287363857883,35718.66987305119,41280.757871916685
t177,1142.4101502069598,16.379657572276454,0.00010086390002128192,0.00012668042286058487,0.000139462384661962,0.00029099535848694206,1485.4639927623439,0.00027544693642379267,43.9461718840413,1929.2264952568926,35792.74420748237,40410.171608613884
t178,808.973811539329,7.04335864326497,9.535091668719096e-5,0.00011744617311578966,0.0001341842780695635,0.00028044734442810195,1466.102013759585,0.00025303145536468354,43.94617163286234,1822.7908462540931,31776.2920991974,35925.149181486704
t179,881.1402705102518,3.6364362327559605,9.458213109298159e-5,0.00011653480757966108,0.0001343360292366331,0.0002829201377979984,1455.8964969036654,0.0002518722166053682,43.946175904916046,1945.399137231121,20833.529738198373,25163.549135226407
t180,1038.8532640443643,3.636437069730511,9.472009431409293e-5,0.00011640511934667182,0.00013487234659588358,0.0002853346986986774,1456.0491404250456,0.00025273261270861895,43.94617806987514,1967.0869338361517,17377.50875480211,21887.081592312148
t181,1095.3648091717978,3.6364374907662627,9.532838674303267e-5,0.0001167401453286319,0.00013582048019113312,0.0002885367750135595,1447.719021661934,0.0002546176484810679,43.94617941390502,1781.8327174711299,15885.122675119368,20257.622731372336
t182,1007.7727922752753,3.6364376160944953,9.606157895146632e-5,0.00011696932610627593,0.00013704240150605023,0.0002926303013846736,1449.5627838067605,0.00025641099392005785,43.94617972960831,1878.7998232401942,15850.732961044427,20234.451876826963
t183,1345.5664705815345,3.636435837276211,9.626965111977642e-5,0.0001163966055343964,0.00013831463398487675,0.00029766854639172864,1459.9477570304477,0.00025745390835473555,43.94618280510311,2149.0956932921645,15943.07326571315,20945.266711363023
t184,1904.80460196928,3.636433307937255,9.726562280394374e-5,0.00011717521029357014,0.00013994884349500505,0.000308932213720679,1466.353852503361,0.00026196375067755575,43.946187238729884,2047.1115162980116,20740.896638776376,26206.750155379337
t185,1931.5748009530366,7.043520128553203,0.00010280810190158267,0.00012426450865017492,0.00014624070619607843,0.00044626307228959897,1485.463937290159,0.00028043286143751843,43.9462350358646,2637.5084348190107,32345.13119399797,38450.669222233846
t186,1931.5749911832618,16.379709571406085,0.00012228092692478628,0.00016330016050759895,0.00017571195577474236,0.0011159618532115498,1610.3580733064464,0.00040948121276046,43.94664297690859,3859.1326735805833,38590.93901855359,46052.3330959083
t187,1931.5750002442335,16.379712640742284,0.00012479841497573695,0.00016787315765842565,0.00017986495893330118,0.0010474672827972807,1610.3580434219014,0.0004222959149767475,43.94665020444718,3859.1326725988556,38575.37060667306,46036.764628082965
t188,1931.5750061539748,16.379713859721264,0.0001260663441306426,0.00016926658525726976,0.0001820018420765499,0.001051863077020369,1610.3580468120147,0.00042699527535587894,43.94665371666895,3859.1326733100627,38575.37061077739,46036.764660822955
t189,1931.5750072146911,16.37971464969,0.0001270328500527722,0.00016991169870958297,0.0001832011034112187,0.0010549278027973616,1610.3580493223724,0.0004300303834530022,43.946655910019345,3859.1326741681573,38575.370617116176,46036.764683484944
t190,1931.5750100333769,16.37971539801483,0.000127829153439331,0.00017101660195548943,0.0001847228967085827,0.0010578582953502244,1610.358051528379,0.0004333393701181019,43.94665867148228,3859.132663027433,38575.37060969185,46036.76468311685
t191,1931.5750075774893,16.379715029152386,0.0001279223071487054,0.00016984939329558863,0.00018433989803459127,0.0010585202934800329,1610.3580523671662,0.0004327721475161031,43.94665824101745,3859.1326587531876,38575.37061137669,46036.764676748746
t192,1931.5748991016965,16.37970504776343,0.00012359527254423024,0.00015754012243224646,0.0001749334415026798,0.0010460827002713603,1610.358044316631,0.00039651788287589857,43.94661137916607,2963.363223699853,38518.78751193694,45084.411894151475
t193,3624.3910131578364,16.37977688778367,0.0001658684265415178,0.00016123465220317085,0.00018406978986332655,371.8972725721268,1610.3581713537585,1540.7452364210528,274.397684588793,5003.573542645736,40016.35806665702,52458.101275456975
t194,2980.31010877648,16.3797639748073,0.00016008287714277362,0.0001517084478602282,0.00017766918121300118,371.89725366133115,1610.3581598402295,854.5090998887184,274.39748794432376,4253.662347746344,39997.975893558156,50359.4906048509
t195,2980.3100965599797,16.379757548034522,0.00015671409354413006,0.00014604007142321278,0.00017441572513515258,371.89721593316824,1610.358149458438,732.0750947758132,153.87278059590986,3553.845758296915,39962.26744297323,49381.006773311376
t196,2980.310085664413,16.379754935324463,0.0001550886879295851,0.00014323983164830204,0.0001732941274337185,371.89631139428036,1610.3581382494629,732.0750454714537,153.87270361476024,3248.333398029753,38857.001357666886,47970.22726664898
t197,2980.3100825836723,16.379756528035653,0.00015613464059526175,0.0001449055775196161,0.0001753129280902284,318.50265840824784,1610.3581374270368,732.075047100917,153.87270607895888,3167.793079582758,38221.841772756634,47201.13371681941
t198,2980.3100839631884,16.37975661238278,0.00015674319270969118,0.00014505610677604242,0.00017629601652474725,371.8964141400994,1610.3581365446776,732.0750432750767,153.87270227875126,3406.148493609238,39435.96938745691,48707.01049597564
t199,2980.310082411662,16.379756515992227,0.0001565512291076619,0.0001443000486913605,0.00017620460833709737,200.82798883248915,1610.358131476652,732.075036414718,153.8726949498911,3454.05283910463,39849.58553857028,48997.4625453322
t200,2980.310079198191,16.379756001569692,0.00015678517088374468,0.00014146827130513546,0.00017518910413613433,200.82462272028783,1610.3580888247177,732.075014516957,153.87268125982618,3720.80855188583,35943.46041053571,45358.08967838563
t201,2980.3100760913417,16.37975583682461,0.00015720399605692367,0.00014004735671740884,0.00017439049557748027,200.8246188624522,1610.3580563392102,732.0750110161418,153.87267587656515,3101.439451360443,35504.64940200578,44299.90951903061
t202,2980.3100753441286,16.379755628564382,0.00015745633896812981,0.00014002547582304224,0.0001752441718516441,200.82461871829548,1610.3580598156482,732.0750092537985,153.87267272123904,4120.142148556177,36197.460733824926,46011.42354658876
t203,2980.3100925313256,16.37975531542632,0.00015741930193038307,0.00013874596344542353,0.00017548578935746423,200.82462019093006,1610.3580578963683,732.0750058292599,153.87268362474987,5011.221535731309,37581.05371421526,48286.09593698569
t204,2980.310091266295,16.37975611634858,0.00015851773831681543,0.0001400511118342139,0.00017705909087201385,200.82462535180386,1610.3580649716703,732.0750015390155,153.8726805827184,5684.22089553744,38196.40329646276,49574.444887456
t205,2980.310184191364,16.379758223464858,0.00016040739437085116,0.00014209507307510376,0.00017957554214460638,200.82462942554653,1610.3580732679836,732.0750086383318,183.29328660942008,5702.2330333727505,39648.62135369035,51074.09580949722
t206,3399.245760506992,16.37975963398839,0.00016195422390394726,0.00014333773577270773,0.00018172647235189138,200.82463263447715,1610.358093211384,819.1682231688701,274.39763511215864,5702.2330969091745,39904.34964488693,51926.957333082406
t207,4011.718421906408,16.3797610677772,0.00016360699896216668,0.00014569566704582374,0.0001843267256330117,200.82463793547842,1610.358085050873,919.9195334023177,274.39763349343315,5797.766856025002,40008.412443929905,52839.777866440585
t208,4388.525889788045,16.379769476651813,0.000169278279836034,0.00015868752013109907,0.00019371474218716472,371.897255232216,1610.3581482823558,1174.5105393849958,274.39762441942264,6287.107784891301,40016.35810330526,54139.53563646079
t209,4470.885598745588,16.379787283099965,0.00017981227524829188,0.00017593853269531637,0.0002084081520478877,371.89730400262874,1610.3581612531634,1540.7451966123658,287.43146399834626,6879.071432668607,40016.358161835175,55193.12767055793
t210,4470.885602814528,16.379807199655414,0.00018790860080159722,0.000185980795007424,0.00022389144001784916,371.89731259225255,1610.3581658778628,1540.7452208992318,287.4316714378114,7204.022601989413,40016.35820566097,55518.07918625256
t211,4470.885601488964,16.37980103023292,0.0001865682650500561,0.00018498398849371746,0.0002222189576824145,371.89731047146404,1610.3581635529658,1540.7452162249879,287.431654993381,7293.89881188266,40016.358239607885,55607.95539302375
t212,4470.885606621657,16.379848328352427,0.0001959880610279982,0.00020327283595612732,0.00024908344636302834,371.89732606231956,1610.3581722221816,1540.7452289228688,287.4316958465712,7325.359291670672,43306.494323279476,58929.55214129844
t213,4470.885606511368,16.379851388682436,0.00019691491613721494,0.00020551799553140493,0.00025333703898138834,371.89732714042134,1610.3581728359952,1540.745227872907,287.43169539526536,7084.465002474604,48143.91038369993,63526.07392308912
t214,4470.885606506021,16.37984813058971,0.00019633306440455453,0.00020452262709954225,0.000252357089469669,371.8973257739598,1610.3581714921006,1540.7452253787667,287.4316928111836,6650.742848147915,46385.950302883946,61334.39167433726
t215,4470.885620792876,16.379857880427686,0.00019867734371418832,0.00020903216890276837,0.0002575414147515592,371.89732857378823,1610.358173805082,1540.7452263193336,287.43169460356484,5771.0936970193425,42680.83774770115,56749.630011946494
t216,4470.885622225818,16.379849738538322,0.00019648651035408292,0.00020437252137278972,0.0002479257431118665,371.8973224197239,1610.3581699687022,1540.7452207537217,287.4316862615572,5656.2013137481945,40016.35863472993,53970.25846863096
t217,3695.0480399877115,16.379771479722873,0.00017364668343158567,0.00016779271062503445,0.00019984086997907512,371.897286344557,1610.3581478282583,1540.7450723425593,274.3975835837977,4681.203856705986,40016.35836174803,52206.38866130089
t218,3035.854572837527,16.37976895359671,0.00017185462148474454,0.0001635135541850575,0.00019551035912054128,371.8972774100105,1610.358144638691,1540.7449339888142,274.39756633139143,4152.790261648522,39795.67539801092,50798.098454698
t219,2980.3101984217506,16.379766001549626,0.00016988761562611266,0.000159061787404224,0.0001906107019891894,371.89726444379596,1610.3581398242575,1222.4522860070967,274.39749046463004,3851.7143143311027,38510.26029382255,48837.770272876834
t220,2980.310171209538,16.379767944157837,0.00017090144295299402,0.0001599077511121301,0.00019043526220862718,371.89725681818777,1610.3581396763645,877.907138196603,274.39749850407725,3707.926822655587,38039.93692754753,47879.1142437965
t221,2980.3101405978286,16.379767120350603,0.0001700770363750073,0.00015811851439461472,0.00018775569165663903,371.8972411342036,1610.3581362483908,839.6668691274067,274.3973995689663,3712.235975377858,38453.55193785074,48258.79798297698
t222,2980.310166681994,16.379767004165497,0.00016973797607657096,0.00015669192842755162,0.0001855602456956576,371.8972209385309,1610.3581357182434,1092.2739589635596,274.3975065022528,3973.433859893225,39608.21791898093,49927.26904667306
t223,2980.3100770486294,16.379751365655157,0.00016126256254312633,0.00014160943119456265,0.0001736839458818283,198.8237172138166,1610.3580688760744,732.074983312406,153.87265290458984,3348.0888386321626,38190.75052453434,47230.659090443616
t224,2702.7472314630622,16.379756540586595,0.00016282071780820463,0.0001241149052969087,0.0001602392437235126,198.82365100382148,1345.733443529299,732.074933974653,153.8726253773453,3904.985845714049,35504.44766523128,44559.065600008966
t225,2980.310075847269,16.379757481590133,0.00016341489028154726,0.00012182697040999242,0.00015710454261642155,198.82364370768138,1387.6610978945444,732.0749258678635,153.87264651397868,4366.392068603814,34919.89020273801,44755.40486100115
t226,2980.3100717580655,16.37975946000562,0.00016437344640073714,0.0001231580625295374,0.00015694709826436678,198.82364057988804,1492.54475699791,732.0749485907191,153.87264813684246,4945.096965544315,35467.41042601341,45986.513661559766
t227,2980.3100920422867,16.37975676443795,0.00016266652205493146,0.00012094337687328299,0.0001542478666709263,198.82363537947163,1545.2159009653276,732.0749939854418,153.8726598562947,5669.312456082286,36532.459386702954,47828.44931963627
t228,3300.1120065365235,16.379744609535226,0.00015836222571414909,0.00011480711188662875,0.00014953672612332114,198.82362729774297,1576.9412926608625,732.0753703890082,274.3966778879733,5702.233068178226,38605.04290811851,50406.00511838444
t229,3533.6938075010457,16.379744483341813,0.00015794960225879628,0.0001138792854836698,0.00014861879374002956,198.82362478360338,1591.659240322241,897.722763533777,274.3975005446115,5702.233074823037,39643.94994192911,51858.86011836845
t230,3923.5817616386666,16.3797443454731,0.00015773526336505404,0.00011279288587258755,0.0001479218029846378,198.82362255292597,1600.007079459024,857.1431912664336,274.39753381295105,5702.233080955009,39883.63096162931,52456.197394109746
t231,3497.574894425521,16.379744011264933,0.00015845008517358013,0.00011377626338634197,0.00014868820351865382,198.82362231768735,1599.6179425629516,770.4681614378777,274.3975028541096,5702.233179812636,40016.358570658565,52075.85403899517
t232,3344.3037713906742,16.37975658134096,0.00016287770895879642,0.00011802734991615261,0.00015344352746825008,198.82362511430537,1498.2751689090371,732.0749655362804,274.3976047368161,5702.233110535168,40016.35868623584,51782.847123388055
t233,3172.236150097754,16.37975602095049,0.00016317034328669665,0.00012240676163434897,0.00015838248966345113,198.82362630576964,1535.9890591295293,732.0749692076977,274.39760546629736,5702.233111610494,40178.81729156064,51810.95201335873
t234,3651.7758975235915,16.379755281929825,0.0001633847093785525,0.00013761967933778905,0.00016627312037907478,198.82376620044624,1610.358095538707,732.0749750947509,274.3976095663041,5702.233102128682,41245.8696876551,53431.91335626702
t235,4280.167897573675,16.379768217394,0.00017030547311501138,0.00015226535960492692,0.00017410115910586555,368.1917897558717,1610.3581259294556,1290.9069502351995,274.39758342937665,5702.233103255933,44043.365828761845,57586.001543830746
t236,4470.885585952587,16.379792785169442,0.0001834729207623309,0.00016990158086154384,0.00018917418044197472,368.19181135768486,1610.3581395382037,1540.7451496524309,287.4316148319088,5702.233181855073,47588.52475400836,61584.7505725301
t237,4385.279878358065,16.379772378821226,0.00017407670656406578,0.00015677059201950417,0.00017684388174390715,368.1917970606553,1610.3581299063112,1540.7450966308336,274.39760689055777,5702.2330526758715,48090.26148035639,61987.84732194869
t238,4345.812641348862,16.379771550468462,0.00017317828029203967,0.00015442936800556838,0.00017581082228498865,368.1917898005729,1610.358124819836,1518.3434928264926,274.3975103659467,5373.093373004104,47380.719548136665,60887.29675527142
t239,4266.528085017943,16.379776197744985,0.00017644711645421103,0.00015850495246565088,0.00017882895195743743,368.1917913541017,1610.3581283440549,1460.35422130478,274.39754784869245,4421.132740439933,43627.137819875585,56044.48062416386
t240,3842.8267203311207,16.379776725353413,0.00017707414786183385,0.00015810143649393627,0.0001784169766008951,368.1917886824181,1610.3581283405958,1540.744901707991,274.3975485380236,3857.34585810467,42381.46898362874,53891.714219651476
t241,2980.310103091351,16.379766445846816,0.00017205139141656718,0.00014935097377389195,0.00017193912490072818,368.1917593819885,1610.3581182637688,732.0750327682019,153.8727127443231,3054.5373419197954,42276.817628900215,51192.54295685698
t242,2980.310101267808,16.37976570367241,0.00017188227998360641,0.00014706166402489776,0.00017051858602381236,368.1917408866887,1610.358118229307,732.0750402033065,153.8727314809622,3054.4897083148558,40530.05084160379,49445.72853715292
t243,2980.310075526185,16.379764221900732,0.00017075034611011854,0.0001441169095788673,0.00016810446351904387,338.6581061991437,1610.358109226886,732.0750001227291,153.87266881628673,3051.4085799106965,38376.558155013176,47259.620942008725
t244,2980.3100754184616,16.379765049797108,0.00017159305517020534,0.00014396830915525802,0.00016754762513930687,219.09668091510954,1610.3581100634588,732.0750021946372,153.87267143353947,3057.968962820848,37828.738131894796,46598.799882899635
t245,2980.310076305087,16.379766107508114,0.00017270721973795347,0.00014396060987095546,0.00016701666457385688,251.9853469925357,1610.3581103887466,732.0750041422626,153.8726743766583,3046.2276967247317,38247.04962143436,47038.25878015638
t246,2980.3100826818663,16.379766570008442,0.00017353135852040373,0.0001428977313034835,0.00016590599735433778,368.19065896661795,1610.3581086568158,732.074999535382,153.8726728760645,3075.917176246658,40144.033392970996,49081.137340839494
t247,2980.310075296691,16.37976804834417,0.00017478532550626547,0.00014192219440857897,0.00016473454395827267,198.82745101167296,1610.358107607828,732.0749960907355,153.87267354487668,3150.067629085225,41046.31253744322,49888.20371957066
t248,2980.3100685098275,16.37976720189626,0.0001750689293995039,0.00013744393739943198,0.00016147866270206927,198.82363651711933,1610.3580552444855,732.0749702471959,153.87266054283822,3290.9043623089783,38343.86236880509,47326.58636336896
t249,2980.3100666963414,16.379768151164395,0.0001760479726279696,0.00013446390986824526,0.00015906809766782755,198.82363183784472,1610.3580315493634,732.0749647986097,153.8726606307087,4311.013854246188,37448.09549633965,47450.92894382985
t250,2980.310062400393,16.379768428580235,0.00017719201427083704,0.00013315895119641086,0.00015770079214699284,198.82363022404206,1610.3580176727191,732.0749597811695,153.8726613550796,5078.107629138271,37909.743758810066,48679.67095586208
t251,2980.310073476744,16.379769625430253,0.00017848729373295873,0.0001313391016471499,0.00015583249555329952,198.82362824989767,1610.3580353944492,732.0749564001109,153.87267570351085,5683.083809587489,40155.048265100435,51529.95167919696
t252,2980.310067361291,16.37971174009752,0.0001731536614653741,0.00011925613185326358,0.0001471969045811826,198.82359533409323,1442.394697512937,894.7823608702065,274.3974864132961,5702.2331488016625,42005.255080269184,53514.57658790947
t253,3658.53292127545,16.37975413391362,0.0001777192225704733,0.00011233335840361181,0.00014163875304391534,198.82358879567232,1610.358060155269,1286.4241887369205,274.39757541868977,6685.308523713806,42381.46893286875,56111.69397678981
t254,2980.310060157708,16.37979913035908,0.00020143173133111382,0.00011376057479282066,0.000142126369376806,198.82358995403254,1397.1512377621218,1168.0316212856544,274.3975778897147,7256.405835413622,42381.46904506479,55672.96922397668
t255,2980.310059911355,16.379802432134557,0.00020570455218664197,0.00011377994751250377,0.00014182996884855675,198.823589462716,1294.9030097652753,1179.6819549851837,274.3976228802562,7652.047239670029,42381.469030882814,55978.01277130423
t256,2980.31007263111,16.379842892010476,0.00022727411259799985,0.00011363754444134232,0.00014206307374296318,198.8235891140529,1305.63519627388,1294.6336117601334,302.1304417663839,7437.648524450879,42904.57940744288,56440.14116930606
t257,2980.3102846494403,16.38014231160085,0.0002903884917446948,0.00012984454133214916,0.00015561595911557508,198.82362267025368,1524.2264503535403,1013.5942828567071,374.21469376922414,7049.6244123877705,43270.25381122966,56427.42827607719
t258,4088.1277248490724,16.379826720843266,0.00022395035618208117,0.0001414046268727932,0.00016451995589849354,368.1917181885619,1610.3581321444278,1105.663177020702,315.6228481086246,6791.906544504052,43442.06389867842,57738.31440008964
t259,4470.885586822533,16.37978137287243,0.0001942615410529824,0.00014179216607324794,0.00016170709714058716,368.1917145094,1610.3581298591598,1537.7993030881894,315.62280438399245,6957.5563492234,43861.10679150799,59137.90095852834
t260,4470.8855964597005,16.37980204306188,0.00020614712443750192,0.00015964528435279186,0.0001753138186746307,368.19174202728414,1610.3581481586677,1540.7451679017374,363.0732039739006,5840.881094353882,47480.62783982894,61691.1431358534
t261,4470.8855955910585,16.379799969447273,0.0002036637169085716,0.00016012499309512522,0.00017500431575891826,368.19174000904036,1610.3581496739935,1540.7451722347928,363.0731853802055,5946.767371429602,47978.53265332797,62294.93420640914
t262,4470.885594765555,16.3798070239337,0.00020566295890802098,0.00016668955158145467,0.000181206500713918,368.19174319047056,1610.3581567183917,1540.7451847209177,363.0732781184181,6518.046501890009,47881.78943906362,62769.47025905033
t263,4470.885594543105,16.379797837682094,0.00020097239843090063,0.00016379169433206763,0.00017821370419654267,368.19173856053004,1610.3581572904777,1540.7451859314122,363.07320395041825,6055.346561901762,45089.319927373064,59514.30071036625
t264,4470.885593137059,16.379791377214108,0.00019316924298764477,0.00015827512207460678,0.00017203480799656606,368.1917279237343,1610.358153018447,1540.7451652517077,315.62291836550054,5611.53362227673,40632.1425966353,54565.86009146486
t265,3465.348515179007,16.379776700718647,0.000181411097549179,0.00014885327586740515,0.00016385980112991548,368.19170907304994,1610.3581472188646,1268.9725206323592,315.622809347326,4828.419919779498,40632.14236698732,52505.43625904231
t266,2980.310303474644,16.37977286941057,0.0001762206781684815,0.00014620211615793042,0.00016141123403124933,368.19169372937654,1610.3581487570266,1145.947729723023,315.62280921589263,4401.9010716209805,40610.58000503567,51449.29201826005
t267,2980.310108240238,16.379764856949127,0.0001687820021255436,0.00013951866257327553,0.0001553031501286769,368.19164336508413,1610.3581406148203,732.0750492371907,195.09804546703472,3888.138024297828,40132.96526990496,49923.51650958792
t268,2980.3101095266034,16.37976423928535,0.00016591791703986843,0.0001392507615763907,0.00015395213503555889,368.19162118108136,1610.3581434379914,732.0750640156516,195.0981075750026,3544.193241018325,39020.150035813844,48466.7565459286
t269,2980.3101084607465,16.37976246055719,0.00016274886600470333,0.0001382615833806791,0.000151605471262194,368.1915775840044,1610.3581446524706,732.0750632748915,195.0981039306987,3914.476997276976,38846.43104103482,48663.32125129108
t270,2980.310106516801,16.379761453120768,0.00016003641566179972,0.00013680807614340238,0.0001490559202637533,368.19148071693235,1610.3581465578995,732.075064186046,195.09805016255748,4126.33281479868,39869.53019387585,49898.2760641683
t271,2980.310078191453,16.379752362077838,0.00015322445398194203,0.0001291935791765452,0.000141126897563106,180.64420206187597,1610.358088378748,732.0750089305661,195.09792204729365,3739.7928170218547,40274.195540094464,49728.853832633264
t272,2980.310078090076,16.379754592219616,0.00015204426640455035,0.00012641565957194077,0.00013713315989058623,180.6441141904333,1610.3580581789033,732.075010834064,195.097925137904,4132.212005718012,38235.083149284925,48082.16051161962
t273,2980.3100776396077,16.37975185324662,0.00014884176554936019,0.00012372693288175397,0.00013216441763818707,180.6440711593061,1610.3580938787604,732.0750091599989,195.09792590760205,4876.7087713949395,38119.52965416049,48711.10375988707
t274,2980.310080939076,16.379745739924907,0.00014623177036295407,0.00011953988757758654,0.00012610670681043244,180.64404141927474,1610.3580830394012,732.0750059461858,195.097929584523,5608.870891146857,38608.25625101664,49931.992420710245
t275,3180.613438279487,7.043386157363977,0.0001298551991878539,0.00010101112594085657,0.00010940752518565375,180.64398628912585,1565.4959992613951,732.0750231131418,195.09792816340502,6207.145761951002,40296.56528568256,52364.68114917133
t276,3686.0470991478423,3.636430205938082,0.0001244159386689329,9.669858938940997e-5,0.0001030019959859077,180.64397568923536,1610.3574251220198,1120.1222619085086,195.097921369844,7718.11885890303,40552.53175377707,55066.55605024001
t277,3593.6826105390605,3.636427298981624,0.0001217412051156338,9.503680079548825e-5,9.875245520562607e-5,180.6439695094252,1610.358165486383,1389.077767380699,253.3790818195863,8620.661822028114,40592.25250157719,56243.6926611699
t278,3520.401202380651,3.6364050183512426,0.00011114172105425069,8.390309591669826e-5,8.760985682814203e-5,180.64395600811304,1610.3582250603993,1540.7453258334165,363.07439769107316,8620.661886339021,40632.142487735386,56471.66416872109
t279,3555.474775358256,3.636408489436404,0.0001130497198108292,8.396269268148961e-5,8.720104851040393e-5,180.643955049472,1610.3592332957448,1540.745386955254,363.0744942583173,8620.662215235747,40632.14250875067,56506.73926160636
t280,3680.076467819823,12.97283174333259,0.00015668696411184487,8.368141322625466e-5,8.69136475334288e-5,180.6439544659207,1610.35820613368,1540.7453094387208,363.07407529509385,8620.66190234428,40632.14250223007,56640.67557675295
t281,4062.4690968010614,16.3798023507229,0.000169353669062537,8.554249098615759e-5,8.968422130870456e-5,180.64396060598972,1610.35817727175,1445.8140392099654,296.32913402000275,8569.909912612911,41590.75602771505,57772.66049516783
t282,4433.544917327704,16.379781512585012,0.00016373388024951726,0.00012981888721839285,0.00014343504141702944,381.9567636043045,1610.3581832024192,1236.2282401046757,274.39775861926995,8434.03792355695,41694.41414093104,58081.31814584676
t283,4470.885596174537,16.379761201751755,0.00015480209693668524,0.00013851335139314513,0.00015443763171658011,371.8972187652857,1610.3581752316109,1509.2625246732753,274.3977223473443,7269.8843935784225,44027.69296909582,59550.75880882113
t284,4470.885601061269,16.379782252167896,0.0001655207280789523,0.00015918479346352336,0.0001746482567848708,371.8972611328169,1610.3581858156374,1540.7452823805202,287.43167659218904,6689.120267500529,46530.8085629064,61517.62711899531
t285,4470.885603268976,16.37978821803438,0.00016960521922733746,0.00016522825049728848,0.0001788319970841064,371.8972700236525,1610.3581865627698,1540.745284323468,287.4316930086467,6670.847546830173,46215.922598957695,61184.46848485888
t286,4470.8856031800415,16.379786699680558,0.00017105510738213742,0.00016882772749907316,0.00018991305285477903,371.89727608495957,1610.3581859057065,1540.7452826198196,287.43165293684496,6334.456275856159,46200.55379851169,60832.708391590786
t287,4470.885610148614,16.379788560183453,0.0001705166584571956,0.00016814772778680454,0.0001903571665541746,371.89727771478675,1610.3581824939752,1540.7452740411468,287.43160172895006,5696.623206473211,41274.39480756952,55268.71627775194
t288,4267.120713027582,16.37976860091374,0.00016138821026662033,0.000155277611176817,0.00017769517430212353,371.8972618089027,1610.358165451514,1540.7430782579431,274.3976209291798,5071.36637317519,40016.35807662451,53168.62155223673
t289,1030.6023536275086,16.28087052045858,0.0016460023345300254,0.0011586634478836936,0.0042424201201932245,0.0048909392326327164,1247.7885816327282,0.0049199062719938414,43.938925247951566,1751.3015500754568,34105.742608615365,38195.67174765088
t290,805.3644520542188,7.014281128660378,0.0015009142524699353,0.0011432385980171674,0.00396138147912246,0.00429944027860706,976.05469817315,0.004347416876076683,43.93821267253305,1751.301175066033,33860.60384655013,37444.291918036215
t291,805.3643519930462,3.646600753935632,0.0014019168019584083,0.001135057651296401,0.003777744322198624,0.004019978825535751,1317.1082247749516,0.004062072678823338,43.938510641870614,1751.3010035267396,33760.156556584225,37681.52964504505
t292,805.3643039327732,3.6471632663214506,0.0013264644504070969,0.0011271599603218123,0.0036322035398931017,0.0038081148677421815,1335.866976982222,0.00388093774020375,43.947309544472134,1751.3008717137193,33729.12827948419,37669.268679804256
t293,805.3644930136273,8.939517814139634,0.0012653996479875932,0.001125369561152026,0.003527367008826102,0.003669500470759136,1335.8692788794765,0.0037558955854582357,43.94864043872838,1751.300806459351,33690.38506203208,37635.821142169676
t294,805.365177663983,16.376939440119724,0.0012125486679235413,0.0011211254070045197,0.00343091854716951,0.0035509099163153488,1335.8698665603458,0.003654671429252467,43.94901191289646,1751.3007985910465,33687.31453564955,37640.18929999191
t295,840.4886141975578,16.377008111128852,0.0011486570370065096,0.001092309799741828,0.0032792890682818323,0.0033535476218116166,1335.869829708404,0.0035220735318281984,43.94889874690674,1751.3007952450744,33691.67405192586,37679.67159381199
t296,1310.9134243527828,16.376980673085853,0.001106413499541088,0.001098409787460698,0.003205124859160685,0.0032139608063264545,1335.8699879922203,0.0034126711949590185,43.94896843810027,1751.3009595878332,33701.88495764981,38160.30731527398
t297,806.2108523200365,16.366817755915744,0.0010458740139606684,0.00107500015225077,0.0030519366018747977,0.0029370392275842603,1335.8692451697054,0.0032132094135047928,43.94856650195051,1751.300704243434,33517.661033479715,37471.36854253017
t298,920.134604055602,7.0341606028991635,0.0009816955286963836,0.001045869427416698,0.00288805161935557,0.002599960836444018,849.7627459250208,0.0029545700289570066,43.948148080503586,1751.3005168371042,29459.736725208408,33031.92737085698
t299,1316.9685701647727,3.637052075694814,0.0008993103906676396,0.0009836237043630443,0.0026598259160096832,0.0022399760583145007,802.6081677182277,0.0028266512319462915,43.94800840360502,1751.300444208026,20313.02838440773,24231.50023636536
t300,1259.208813379549,3.6370443911247405,0.0008705714759182223,0.0009796665933807789,0.0025971651566648233,0.0021496546683863176,615.5780765187883,0.002722417568417097,43.94774041876036,1751.3003527824117,16853.49775242391,20527.179099390007
t301,806.2687116141317,3.637036310083016,0.0008510656929111341,0.0009743170415857159,0.0025498117745348862,0.0020938443589849196,267.1815123216127,0.002612746913085185,15.832185722451504,1751.3000372321333,16853.49769104361,19697.726256029804
t302,806.2422452951769,3.6370264490976942,0.0008362897135588589,0.0009672215134082039,0.002510436227470909,0.0020581378861627714,267.17692410057435,0.00237512539426586,8.799122140166908,1751.2999689531516,16853.49763915866,19690.661673307564
t303,1194.755329555348,3.6370102449853094,0.0008257689482946778,0.0009596895562063147,0.0024777646659269446,0.0020315007535225893,267.1768390915393,0.00231577486149055,8.799287482007706,1751.2999238710936,16853.49760053951,20079.17460128327
t304,1684.046250531417,3.636996067833088,0.0008218360047107225,0.0009565922829071107,0.0024606529330700815,0.0020253085012225886,267.17680888868193,0.0022884861241336033,15.826525361443526,1751.2998904471103,16853.497562715063,20575.492586887394
t305,1848.9274565308508,7.046138492817288,0.000850685552900188,0.001008973781224586,0.002575889737356843,0.0021901841386005438,1122.1273398814076,0.0024562355277697517,43.94368007934642,1751.2999567298218,21290.17653925922,26063.530192942202
t306,1907.190344866025,16.372972564837056,0.00085679010889336,0.0010216373963801656,0.0025793628960971795,0.0022521553111695177,1335.8674011332955,0.0025162334933965472,43.947769218658784,1751.3003591412398,33114.47627717852,38169.164350281775
t307,1597.3505796149764,16.376812630845265,0.0008571803865256058,0.0010177050679086056,0.0025629777364072964,0.0022465765643209378,1335.8674125844302,0.0024908638309377963,43.947445897336195,1751.3001814023812,33860.62696423451,38605.47857166806
t308,940.0576428922609,16.376776461908126,0.000853917211306137,0.0010131910838268117,0.0025479886820910496,0.0022304368063509683,1335.8673520775126,0.002454864223527876,43.94733569220241,1751.3001167954073,33860.62693280312,37948.18525712042
t309,805.3718906894529,16.376633884577167,0.0008494519142158225,0.0010099462225137711,0.002533978209073287,0.002211033712717264,1335.8671165323847,0.0024091203023731446,43.94716279551488,1751.299999701699,33860.62699498669,37813.498812120684
t310,805.3634742269592,7.049995527578516,0.0008383025828084287,0.0009949556253870282,0.002491056836906059,0.002141888817529749,1335.8645965899198,0.002319192011160203,43.94520368748421,1751.2998412849413,33673.42291248048,37616.95480919324
t311,805.3630702178978,3.6456658535740196,0.000829920245188859,0.000989383911358526,0.0024686457669931064,0.002107868915408249,1335.8637086684712,0.002269211599656243,43.94381736531032,1751.2997817164453,32194.901144785796,36135.02585363793
t312,805.3628982373968,3.6406266028728305,0.0008201468979266319,0.0009829220549336653,0.0024425799143883314,0.0020693164375946284,891.9696457958983,0.0022202389184799443,43.88934017477666,1751.2997270811602,29445.586345367952,32941.75711846428
t313,805.3628571647452,3.640596199806938,0.0008113960192271024,0.0009812645069477825,0.0024253780211722846,0.002045029751716042,403.58453644289733,0.0021860510532791927,36.858648234467324,1751.2997045084721,26999.317274088455,30000.072065758195
t314,805.3627056750245,3.6384259008262196,0.0007987907469929636,0.0009736761748310973,0.002394682934348347,0.0020018930995695924,267.1794347790397,0.0021302533884577034,8.795741765643402,1751.2996858889373,25339.62636274194,28175.910656047756
t315,805.362606070419,3.6379089377924063,0.0007852862796413644,0.0009671163622061533,0.002364218796021802,0.0019649553952562028,267.17798392457854,0.00207806727813234,8.79390623854661,1751.2996702432606,24668.130708832527,27504.410943891235
t316,805.3625779940704,3.6379059958767344,0.0007724404507786762,0.0009650742071056532,0.002341893761403896,0.001938039885794051,267.1780139710546,0.002043436656553933,8.793880048427399,1751.299684037309,24640.068205875887,27476.348328807588
t317,805.3625378022157,3.637866059924568,0.0007580363833449574,0.0009624295248140567,0.0023154383989442075,0.0019066875079791876,267.17791181253386,0.0020033029364558883,8.793860406257943,1751.2997023718754,25678.590915343895,28514.870739691454
t318,805.3624926189188,3.6378686861048655,0.0007409477554667439,0.0009579883234249059,0.002282248077225673,0.001869584160716212,267.1779864430094,0.0019678950565332094,8.793957230668534,1751.2997171934962,27884.78769362744,30721.06753446301
t319,805.3625263065263,3.6380729966792877,0.0007237430689660519,0.0009635114370061053,0.0022691434340892415,0.001835481295472464,267.17911422747267,0.0019346821009376,8.795621577525615,1751.299777925656,31144.956849921906,33981.239689517104
t320,805.362458322469,3.638159699971122,0.0006993477502435623,0.0009499200559160185,0.0022134550358361145,0.0017805699202997763,267.1793298526834,0.0018838957110358502,8.796264989303763,1751.299800064284,33004.956939025265,35841.24047914245
t321,805.3620287073653,3.6370473642293404,0.0006603568946896945,0.0009130528290777536,0.0021068118655706023,0.0016427301911584777,267.17634298170265,0.0017363567108334963,8.791935701673665,1751.2998381004804,33707.396549498146,36543.67080166209
t322,520.9357481373321,3.6368288318259725,0.0006094248162561556,0.0008534247510615611,0.0019663146595858645,0.0015042238425873502,267.1759900235733,0.001598601413215404,8.791568267022019,1751.2998696110621,29562.335359550507,32114.181896410806
t323,520.9358305834245,3.636832639728085,0.0005960271704671293,0.0008515496445657401,0.0019461869558874449,0.001480845275186236,267.1759729457467,0.0015779533410141943,8.791547166431243,1751.2999331631063,24165.505867786527,26717.35243684735
t324,520.9357564951965,3.6368395353621152,0.0005921651772815347,0.000852540625404049,0.0019402684723025456,0.0014759278144146667,267.17597146283697,0.0015732842594771783,8.79154713759096,1751.3000390293632,22411.16928031004,24963.01586815674
t325,520.9356683570845,3.6368507829561088,0.0005965850556198212,0.0008565933499625113,0.0019488112845421496,0.0014880327406219557,267.17598565507365,0.001583041534682319,8.791572521765064,1751.300129140244,22538.828353160425,25090.675032681513
t326,520.9356956820391,3.636866129322797,0.0006096925608103901,0.0008622595579107874,0.0019709017360819317,0.0015185906344526538,267.1760159221153,0.0016080736483602938,8.791626824786283,1751.3002243558608,22804.92989307618,25356.77689150844
t327,520.9357400503638,3.636886737328937,0.0006373067572791474,0.0008713427266419187,0.002015058482068351,0.001582278120840282,267.1760733350731,0.0016597230479195122,8.79173159343993,1799.9815083928197,24386.360203883905,26986.888909702066
t328,805.3621156129507,3.6371257965222465,0.0007214339573426387,0.0009331455898155324,0.002201541761916956,0.0018230191368448843,267.1765138943517,0.0018675463394785966,8.792327253263851,1761.6686529523172,27239.16183245899,30085.80611465518
t329,1030.5840609164536,7.046619611895918,0.0007994604329081367,0.0009773142108759488,0.00237611860519541,0.0021028537573657123,948.2227978026584,0.002100195205381906,36.908659142759724,1957.39391804276,33380.53797478129,37360.70238624003
t330,1931.5516976131678,16.378380446477067,0.0008742846139423574,0.0010466013026026073,0.002625453471904703,0.0025842797825978464,1335.868514338298,0.002554782758465535,43.948973879717215,3865.229615864016,39488.6364519284,46681.62331947201
t331,1931.571889046489,16.378440849545782,0.0009082008782333417,0.0010495291949601405,0.002661964778694943,0.0027117668910800114,1335.8687154367751,0.0026561859599434517,43.94929424166421,3884.042463442329,39402.31327500387,46614.134065668375
t332,1931.5719983356346,16.378464373836458,0.0009343446798824828,0.0010546175445427291,0.002687497880581955,0.002803824171082504,1335.8688387367974,0.0027332924175332415,43.94956586464656,3878.4930063949596,39401.35869726351,46607.630784546076
t333,1931.5720114303006,16.37848868689125,0.0009544032590820055,0.0010588108994865086,0.002724152297290397,0.0028577085672333038,1335.8689024846879,0.002781809890890526,43.94977903370882,3848.869951663866,39401.35892498879,46578.00843517316
t334,1931.572012573176,16.37851063229767,0.0009688836409987409,0.0010617742733091086,0.0027665637841368753,0.0028953259919193308,1335.8689525713164,0.002816393774832888,43.94996324753312,3518.2620789890866,39401.35628114992,46247.3983081048
t335,1931.5720491583809,16.37852937473022,0.000979559638926763,0.0010663896767876724,0.0027890527225142916,0.0029334022684234847,1335.8689979010883,0.0028582332093758066,43.95013453723696,2549.4369923354698,39400.266208383975,45277.48353832839
t336,1931.572005879354,16.3785453171693,0.000985140646764846,0.001067842504256141,0.0028133499906827157,0.0029292354583410106,1335.869000711294,0.002845773523542407,43.95018311680297,2388.0202570698134,38894.88142875294,44610.682062189495
t337,1929.393748334453,16.378232897958153,0.0009729317306413083,0.0010357353475061624,0.002736431058973433,0.002700660857171475,1335.8682934635176,0.0026005458265439835,43.94933191243161,1751.301526262392,36094.55300179806,41171.45418097364
t338,1212.2417200886468,16.37820103981555,0.0009728220419062578,0.0010366510615076358,0.002738529200944325,0.0026922158956685246,1335.868083125782,0.0025696871938809627,43.94928834125175,1751.3015026367061,35351.09090739781,39710.83971253541
t339,1262.6686175451468,16.377918680392174,0.0009680175868702945,0.0010306950919763413,0.0027216604468951774,0.002645716399639273,1335.8676895060778,0.0025374694773022993,43.9491150996123,1751.3015139409035,34968.5930349297,39378.767793260835
t340,1504.308295034519,16.377934849632684,0.0009657576644300756,0.0010322198097604386,0.00272588355724257,0.00264613990112294,1335.8676775635595,0.002544561243877978,43.949229443908834,1751.3016818971932,35246.26363357246,39898.07836692345
t341,1178.9455175679363,16.377948956017974,0.0009632165602582017,0.0010352104022961636,0.0027287731725599597,0.002649810698501474,1335.8677551995443,0.0025549142759380473,43.94935632870601,1751.30198116751,35981.058413727835,40307.51090487266
t342,1315.6797834157219,16.378269555612075,0.0009625341063786884,0.0010448357677169643,0.0027504778484532004,0.0027045364477119973,1335.868309577705,0.002624465653281883,43.94987370193189,1751.3032200127452,37746.91404704906,42210.1035901626
t343,1842.9626016052523,16.378218023294394,0.0009561461618559619,0.0010456527649785978,0.002748193136940412,0.0027216378576113156,1335.8683664630917,0.0026503790797984253,43.95004332667161,2406.8181485555724,39639.0600591984,45285.04755918128
t344,1900.4143729284758,16.378631987240286,0.0009614893349195569,0.0010802418135007906,0.002841622350874537,0.002918023411110167,1335.86910140526,0.0028605491376912486,43.951213917952984,3548.7674358844192,39920.606450992615,46765.99786904201
t345,999.4467214038957,7.04684142407409,0.0009237030716410512,0.0010207848400763896,0.0026592802087577147,0.0025049760407848485,1096.1878542183822,0.002479495995237451,43.946883896771425,2929.0905865324153,39885.84042803029,44961.56890374599
t346,805.3629027593762,3.6379089062657832,0.0009044572359415492,0.0010102296138332512,0.002622246071633679,0.002442673820999693,267.178351713158,0.0024352659486028116,38.21243203998545,2708.840627710463,37187.40176945663,41010.64340745857
t347,805.3620113673625,3.637067266914917,0.000858816385319311,0.0009516055616168019,0.0024832278844427727,0.002269900708507416,267.17680118559554,0.0022671020274916387,42.653404322419085,2766.0879918305386,34278.461460313316,38163.38756693871
t348,805.3620425876564,3.6370814961256146,0.0008545641546248323,0.0009551911963947559,0.002486648304678415,0.0022700284733880266,267.17681001520646,0.0022777238848668523,43.95224759112303,2538.8111164830552,34129.73869330834,37788.68683563752
t349,805.3620339900157,3.6370998675051758,0.0008586565237448647,0.0009612587167037607,0.00250342524746473,0.0022844797473460508,267.17682786527484,0.002300656538277261,43.95277801126589,2560.899212826355,33638.1000345233,37319.136895560485
t350,805.3619069454093,3.637122374507431,0.0008708360315086242,0.0009696710306464848,0.002534638389370427,0.002319095755270955,267.17686618382356,0.0023421632430453416,43.95322587850644,2619.399020717029,32591.006480681266,36330.543659184994
t351,805.3621020331403,3.637149709366844,0.000893354923025517,0.0009791172361324214,0.0025824958542412105,0.00238225259567068,267.176924847122,0.0024126724784531593,43.95364440435531,2662.7584239448724,32120.659118023617,35903.556612855566
t352,805.3621273873325,3.6371804044874434,0.0009349521582960368,0.0009922459496861933,0.002666865561105691,0.002522631789952642,267.17705223944927,0.002562339796897781,43.954062957350715,2815.4011022195746,33822.56789741656,37758.109101660004
t353,1030.6039561002608,7.050385182878115,0.0010763985560165272,0.0010756577610967297,0.003011596528551595,0.00399976837768847,1169.8001710868696,0.0033752262660640335,43.95435756413422,3611.7541474858617,34830.79274851328,40693.968304580776
t354,1931.5718382244581,16.37918685441965,0.0012191375955387786,0.0011566062255512891,0.0034217969375305865,0.01659508453706984,1607.5741789034262,0.00497387723571082,43.95725933343743,4898.578854884037,39845.333277669284,48343.42196237159
t355,1931.573191126312,16.379231882838358,0.0012876917767726378,0.0011635585098748315,0.003548199115255641,0.017838824695168506,1610.3540525211877,0.005361880601587927,43.9579683679215,4819.152212130761,44269.55834441795,52691.004200601674
t356,1931.5733515615973,16.379263667346862,0.0013451418599919947,0.001173065649443478,0.0036665768516568414,0.01830498088086562,1610.3542544679954,0.00565652019249204,43.958358503036195,4819.153288460617,43336.326454070055,51757.77511701608
t357,1931.5734698940007,16.37929723593136,0.0013929076980713556,0.0011790889102690789,0.0037572222563970466,0.01857535113108018,1610.3544621374508,0.005895676871675149,43.9587080478615,4819.154348022123,43336.3263267528,51757.77741233703
t358,1931.573568791652,16.379327857765052,0.0014357291700023002,0.0011878039856544674,0.0038412821934795307,0.01882483979767631,1610.354623462443,0.006117078141940105,43.95903331627212,4815.62121273443,42887.00951932667,51304.928692222515
t359,1931.5736618716394,16.37935709852543,0.0014743862088056614,0.0011986574824549038,0.003936208655961532,0.019049649030940998,1610.3547508969996,0.006313274835106695,43.95923039351958,4569.592689428737,40923.137924258415,49095.02958612405
t360,1931.5737162224793,16.379387850842754,0.00150734601988007,0.0012058829744653124,0.0040006430946122285,0.019226170559748616,1610.3548372674707,0.006395551256220044,43.958484051508165,3912.927111155669,40228.33405930164,47743.55993144352
t361,1886.513407840456,16.379362065722432,0.0015277568028860139,0.001202748232417794,0.004014477371339567,0.017995546579123386,1610.3546011795438,0.005944062904452197,43.95580517180225,2661.1689144380143,40209.42285933827,46427.825634625704
t362,1702.445365761399,16.379152643609896,0.001527722403089713,0.0011785999171313023,0.00396454115077765,0.012488299125996753,1598.887621305692,0.005586331283742934,43.955049698069736,2168.6271511911837,40133.797235693484,45664.11632178732
t363,1618.5043323226148,16.379172790823123,0.0015530431321097522,0.001183052948197823,0.004012594177029799,0.012515396667145894,1485.469301336071,0.005641807282387262,43.955126932414906,2168.626574818969,39673.74877351284,45006.70818760794
t364,1435.097009347137,16.379197210956587,0.0015806901871104775,0.0011889341828285203,0.0040719587672647115,0.012602521413951,1485.469064906457,0.005748587441747129,43.9553137719207,2168.6273920196154,39327.46815282215,44477.021322770226
t365,1279.506502494912,16.37918463508832,0.00160863751975613,0.0011936113145029552,0.004134924439621101,0.012631730505791331,1485.4696399625118,0.005881825448808619,43.955572561293,2168.631543376756,39567.21908284701,44561.1869766068
t366,1169.9941159314055,16.37920341318647,0.001637788458273739,0.0011982432510525562,0.004191644587890739,0.012746661677862616,1485.4696851606566,0.006008020678383241,43.955891768636434,2434.6911635355063,40177.31799949194,45327.83384165999
t367,1737.1602405487129,16.379186299962225,0.0016731484987970494,0.0012133712919574911,0.004292431828544578,0.012928225173194686,1485.4727956233785,0.006171072806205478,43.956295842625416,3648.7362391542315,40547.11031130889,47478.841347027395
t368,1931.5747575148553,16.37954467587038,0.0017466102623319617,0.001250341582399474,0.004484080161123142,0.02037313147159869,1610.3556803819426,0.0075270828406976045,43.962126472269794,4874.483608548839,40902.08860798117,49378.87970682126
t369,1639.0985364754226,16.379203132921983,0.0017325384556204726,0.0012118976855169622,0.004392149104461994,0.013128105411336698,1485.4740321887668,0.006424924175361882,43.95863837015339,4318.295048498948,40682.04689958871,48185.27924786976
t370,805.368311309646,16.378635445504983,0.0017501515901829799,0.0011995149901017441,0.004398293412073059,0.012915700877890764,1485.4640082306394,0.006406991438117906,43.959263196913454,3695.454533794062,40197.971519382794,46244.62294201187
t371,805.3688972836474,16.378649353206033,0.0017889508743329475,0.0012042987356309818,0.0044775751818277,0.013066093688257785,1485.4633723892216,0.006597064627013752,43.96004527155094,3629.1107346425392,37424.87077342912,43405.17960635239
t372,1659.7470177124999,16.37865670739374,0.0018305732722470572,0.001203357240627435,0.004558377637826983,0.013225317572457757,1485.463952921198,0.006817933331153362,43.96081821649055,3415.237531878991,36715.93661721621,43336.75223021184
t373,1679.4323970158678,16.378685639922562,0.0018873465455526495,0.0012111987191357196,0.004677742330089853,0.013460411005908423,1485.4641370105621,0.007127905502249322,43.9620242077281,3337.297735406274,34915.8805123806,41478.44385626506
t374,1820.1108250898437,16.378723950407892,0.0019549367941253983,0.001214904922135377,0.00481370744066523,0.013809448414487864,1485.4644167412903,0.00759055459395255,43.963843119143846,3509.4164026325516,34867.5851645926,41742.948759678
t375,1931.5779606702602,16.37877158039445,0.0020485844305983894,0.0012292256851746436,0.0050212700007603635,0.014649337227183399,1485.4649030058513,0.008657838526708744,43.967555315328006,4089.969035513023,34870.68436555228,42438.07419789301
t376,2414.8596728774646,16.379632004791972,0.002217149373370291,0.001274072185260402,0.005426424230112186,885.1927962024656,1610.3571726885941,0.015511532703744358,44.02303272499855,4832.666634556612,35416.37920427221,45219.88257450563
t377,3347.6330613233395,16.37972023460234,0.0023862160137116447,0.0013890979747674956,0.005936618149597125,1480.5877708919875,1610.357938547757,52.50168313216515,228.2523237725987,4866.603642395745,39581.173033771534,51183.498886001864
t378,3955.8381263553883,16.38376376529781,0.00299493702026887,0.0026546640537022177,0.010590112136126213,1379.7459635114026,1610.364895135361,114.98061197689955,248.56179321712347,4866.608802137933,41075.54074360922,53268.04093942184
t379,3888.7756516371446,16.384003199268328,0.0030922391164499587,0.0031424924948000557,0.011105769581571001,1379.7457521017652,1610.3692111258854,103.61255109287534,248.55755351328963,4866.608301832921,42232.01835461341,54346.08871961775
t380,3888.7749390155923,16.383735676978546,0.003001269081602865,0.0028876841427319987,0.010673397936551822,1379.7455701734139,1610.3648364737016,103.61240027821762,248.55701634466587,4866.60704411828,41782.18548805492,53896.247592486936
t381,3888.774822648321,16.383689586449908,0.0029660901385068585,0.00280894050496398,0.010560518193079835,1379.7455082200038,1610.3646821914406,103.61234928444647,248.55688411301205,4866.60685746172,41159.03364731038,53273.09477636461
t382,3888.773106333026,16.382772828529983,0.002793093996212564,0.002119356563280159,0.00941042922852932,1379.7452099885293,1610.3589015938996,103.61218208906236,248.55619885519468,4866.605722908128,39803.26682291369,51917.31524038985
t383,2845.599270717844,16.379671378583613,0.0022844285499189106,0.0013280526085554844,0.005742060123258774,1379.7437909590456,1610.3577423651502,103.59679842768891,248.55214245091582,4866.600046861939,39401.361763253866,50472.20058095631
t384,1931.5720332488722,16.37939984053418,0.001969397576758214,0.0012353902990632991,0.004959252545706399,883.0332958295479,1511.5517962817976,37.29142263248895,117.60833274253308,4054.9817098835906,38413.284426503815,46965.7105810036
