region,Resource,zone,Cluster,R_ID,ESR_1,ESR_2,ESR_3,ESR_4,ESR_5,ESR_6,Total
NENG_Rest,NENG_Rest_conventional_hydroelectric_1,1,1,1,0.0,1.8956992400846395e-5,0.0,0.0,0.0,0.0,1.8956992400846395e-5
NY_Z_A,NY_Z_A_conventional_hydroelectric_1,2,1,2,0.0,0.0,0.0,0.0,125740.24516373836,0.0003261322159644589,125740.24548987058
NY_Z_B,NY_Z_B_conventional_hydroelectric_1,3,1,3,0.0,0.0,0.0,0.0,0.0,0.0,0.0
NY_Z_C&E,NY_Z_C&E_conventional_hydroelectric_1,4,1,4,0.0,0.0,0.0,0.0,2032.0202303494025,5.270446703404201e-6,2032.0202356198492
NY_Z_D,NY_Z_D_conventional_hydroelectric_1,5,1,5,0.0,0.0,0.0,0.0,53123.03798138856,0.000137785114647054,53123.038119173674
NY_Z_F,NY_Z_F_conventional_hydroelectric_1,6,1,6,0.0,0.0,0.0,0.0,9827.043952900442,2.5488383743535182e-5,9827.043978388825
PJM_EMAC,PJM_EMAC_conventional_hydroelectric_1,10,1,7,0.0,0.0,0.0,9.351768760269157e-7,0.0,0.0,9.351768760269157e-7
PJM_Rest,PJM_Rest_conventional_hydroelectric_1,11,1,8,0.0,0.0,0.0,1.2926128201148787e-6,0.0,0.0,1.2926128201148787e-6
NENG_Rest,NENG_Rest_conventional_steam_coal_1,1,1,9,0.0,0.0,0.0,0.0,0.0,0.0,0.0
NENG_Rest,NENG_Rest_natural_gas_fired_combined_cycle_1,1,1,10,0.0,0.0,0.0,0.0,0.0,0.0,0.0
NENG_Rest,NENG_Rest_natural_gas_fired_combined_cycle_2,1,2,11,0.0,0.0,0.0,0.0,0.0,0.0,0.0
NENG_Rest,NENG_Rest_natural_gas_fired_combustion_turbine_1,1,1,12,0.0,0.0,0.0,0.0,0.0,0.0,0.0
NENG_Rest,NENG_Rest_natural_gas_fired_combustion_turbine_2,1,2,13,0.0,0.0,0.0,0.0,0.0,0.0,0.0
NENG_Rest,NENG_Rest_nuclear_1,1,1,14,0.0,1.1428408979477065e-11,0.0,0.0,0.0,0.0,1.1428408979477065e-11
NY_Z_A,NY_Z_A_natural_gas_fired_combined_cycle_1,2,1,15,0.0,0.0,0.0,0.0,0.0,0.0,0.0
NY_Z_A,NY_Z_A_natural_gas_fired_combustion_turbine_1,2,1,16,0.0,0.0,0.0,0.0,0.0,0.0,0.0
NY_Z_A,NY_Z_A_natural_gas_steam_turbine_1,2,1,17,0.0,0.0,0.0,0.0,0.0,0.0,0.0
NY_Z_B,NY_Z_B_natural_gas_fired_combined_cycle_1,3,1,18,0.0,0.0,0.0,0.0,0.0,0.0,0.0
NY_Z_B,NY_Z_B_natural_gas_fired_combustion_turbine_1,3,1,19,0.0,0.0,0.0,0.0,0.0,0.0,0.0
NY_Z_B,NY_Z_B_natural_gas_steam_turbine_1,3,1,20,0.0,0.0,0.0,0.0,0.0,0.0,0.0
NY_Z_B,NY_Z_B_nuclear_1,3,1,21,0.0,0.0,0.0,0.0,0.0,2.1343219049511824e-11,2.1343219049511824e-11
NY_Z_C&E,NY_Z_C&E_natural_gas_fired_combined_cycle_1,4,1,22,0.0,0.0,0.0,0.0,0.0,0.0,0.0
NY_Z_C&E,NY_Z_C&E_natural_gas_steam_turbine_1,4,1,23,0.0,0.0,0.0,0.0,0.0,0.0,0.0
NY_Z_C&E,NY_Z_C&E_nuclear_1,4,1,24,0.0,0.0,0.0,0.0,0.0,0.0004878473628932887,0.0004878473628932887
NY_Z_D,NY_Z_D_natural_gas_fired_combined_cycle_1,5,1,25,0.0,0.0,0.0,0.0,0.0,0.0,0.0
NY_Z_D,NY_Z_D_natural_gas_fired_combined_cycle_2,5,2,26,0.0,0.0,0.0,0.0,0.0,0.0,0.0
NY_Z_F,NY_Z_F_natural_gas_fired_combined_cycle_1,6,1,27,0.0,0.0,0.0,0.0,0.0,0.0,0.0
NY_Z_F,NY_Z_F_natural_gas_fired_combined_cycle_2,6,2,28,0.0,0.0,0.0,0.0,0.0,0.0,0.0
NY_Z_F,NY_Z_F_natural_gas_fired_combustion_turbine_1,6,1,29,0.0,0.0,0.0,0.0,0.0,0.0,0.0
NY_Z_G-I,NY_Z_G-I_natural_gas_fired_combined_cycle_1,7,1,30,0.0,0.0,0.0,0.0,0.0,0.0,0.0
NY_Z_G-I,NY_Z_G-I_natural_gas_fired_combined_cycle_2,7,2,31,0.0,0.0,0.0,0.0,0.0,0.0,0.0
NY_Z_G-I,NY_Z_G-I_natural_gas_fired_combustion_turbine_1,7,1,32,0.0,0.0,0.0,0.0,0.0,0.0,0.0
NY_Z_G-I,NY_Z_G-I_natural_gas_fired_combustion_turbine_2,7,2,33,0.0,0.0,0.0,0.0,0.0,0.0,0.0
NY_Z_J,NY_Z_J_natural_gas_fired_combined_cycle_1,8,1,34,0.0,0.0,0.0,0.0,0.0,0.0,0.0
NY_Z_J,NY_Z_J_natural_gas_fired_combined_cycle_2,8,2,35,0.0,0.0,0.0,0.0,0.0,0.0,0.0
NY_Z_J,NY_Z_J_natural_gas_fired_combustion_turbine_1,8,1,36,0.0,0.0,0.0,0.0,0.0,0.0,0.0
NY_Z_J,NY_Z_J_natural_gas_fired_combustion_turbine_2,8,2,37,0.0,0.0,0.0,0.0,0.0,0.0,0.0
NY_Z_K,NY_Z_K_natural_gas_fired_combined_cycle_1,9,1,38,0.0,0.0,0.0,0.0,0.0,0.0,0.0
NY_Z_K,NY_Z_K_natural_gas_fired_combined_cycle_2,9,2,39,0.0,0.0,0.0,0.0,0.0,0.0,0.0
NY_Z_K,NY_Z_K_natural_gas_fired_combustion_turbine_1,9,1,40,0.0,0.0,0.0,0.0,0.0,0.0,0.0
NY_Z_K,NY_Z_K_natural_gas_fired_combustion_turbine_2,9,2,41,0.0,0.0,0.0,0.0,0.0,0.0,0.0
PJM_EMAC,PJM_EMAC_conventional_steam_coal_1,10,1,42,0.0,0.0,0.0,0.0,0.0,0.0,0.0
PJM_EMAC,PJM_EMAC_natural_gas_fired_combined_cycle_1,10,1,43,0.0,0.0,0.0,0.0,0.0,0.0,0.0
PJM_EMAC,PJM_EMAC_natural_gas_fired_combined_cycle_2,10,2,44,0.0,0.0,0.0,0.0,0.0,0.0,0.0
PJM_EMAC,PJM_EMAC_natural_gas_fired_combined_cycle_3,10,3,45,0.0,0.0,0.0,0.0,0.0,0.0,0.0
PJM_EMAC,PJM_EMAC_natural_gas_fired_combustion_turbine_1,10,1,46,0.0,0.0,0.0,0.0,0.0,0.0,0.0
PJM_EMAC,PJM_EMAC_natural_gas_fired_combustion_turbine_2,10,2,47,0.0,0.0,0.0,0.0,0.0,0.0,0.0
PJM_EMAC,PJM_EMAC_natural_gas_steam_turbine_1,10,1,48,0.0,0.0,0.0,0.0,0.0,0.0,0.0
PJM_EMAC,PJM_EMAC_nuclear_1,10,1,49,0.0,0.0,0.0,2.0276900626493763e-5,0.0,0.0,2.0276900626493763e-5
PJM_EMAC,PJM_EMAC_nuclear_2,10,2,50,0.0,0.0,0.0,5.297927163249414e-13,0.0,0.0,5.297927163249414e-13
PJM_Rest,PJM_Rest_conventional_steam_coal_1,11,1,51,0.0,0.0,0.0,0.0,0.0,0.0,0.0
PJM_Rest,PJM_Rest_natural_gas_fired_combined_cycle_1,11,1,52,0.0,0.0,0.0,0.0,0.0,0.0,0.0
PJM_Rest,PJM_Rest_natural_gas_fired_combined_cycle_2,11,2,53,0.0,0.0,0.0,0.0,0.0,0.0,0.0
PJM_Rest,PJM_Rest_natural_gas_fired_combustion_turbine_1,11,1,54,0.0,0.0,0.0,0.0,0.0,0.0,0.0
PJM_Rest,PJM_Rest_natural_gas_fired_combustion_turbine_2,11,2,55,0.0,0.0,0.0,0.0,0.0,0.0,0.0
PJM_Rest,PJM_Rest_natural_gas_fired_combustion_turbine_3,11,3,56,0.0,0.0,0.0,0.0,0.0,0.0,0.0
PJM_Rest,PJM_Rest_natural_gas_fired_combustion_turbine_4,11,4,57,0.0,0.0,0.0,0.0,0.0,0.0,0.0
PJM_Rest,PJM_Rest_nuclear_1,11,1,58,0.0,0.0,0.0,1.3327082404321737e-5,0.0,0.0,1.3327082404321737e-5
NENG_Rest,NENG_Rest_naturalgas_ccavgcf_moderate_0,1,0,59,0.0,0.0,0.0,0.0,0.0,0.0,0.0
NENG_Rest,NENG_Rest_naturalgas_ctavgcf_moderate_0,1,0,60,0.0,0.0,0.0,0.0,0.0,0.0,0.0
NENG_Rest,NENG_Rest_nuclear_nuclear_moderate_0,1,0,61,0.0,1.329399066232174e-12,0.0,0.0,0.0,0.0,1.329399066232174e-12
NENG_Rest,NENG_Rest_naturalgas_ccs100_moderate_0,1,0,62,0.0,1.5206366238571368e-12,0.0,0.0,0.0,0.0,1.5206366238571368e-12
NY_Z_A,NY_Z_A_naturalgas_ccavgcf_moderate_0,2,0,63,0.0,0.0,0.0,0.0,0.0,0.0,0.0
NY_Z_A,NY_Z_A_naturalgas_ctavgcf_moderate_0,2,0,64,0.0,0.0,0.0,0.0,0.0,0.0,0.0
NY_Z_A,NY_Z_A_nuclear_nuclear_moderate_0,2,0,65,0.0,0.0,0.0,0.0,0.0,7.973908733826842e-12,7.973908733826842e-12
NY_Z_A,NY_Z_A_naturalgas_ccs100_moderate_0,2,0,66,0.0,0.0,0.0,0.0,0.0,8.404615645768256e-12,8.404615645768256e-12
NY_Z_B,NY_Z_B_naturalgas_ccavgcf_moderate_0,3,0,67,0.0,0.0,0.0,0.0,0.0,0.0,0.0
NY_Z_B,NY_Z_B_naturalgas_ctavgcf_moderate_0,3,0,68,0.0,0.0,0.0,0.0,0.0,0.0,0.0
NY_Z_B,NY_Z_B_nuclear_nuclear_moderate_0,3,0,69,0.0,0.0,0.0,0.0,0.0,8.169218475764937e-12,8.169218475764937e-12
NY_Z_B,NY_Z_B_naturalgas_ccs100_moderate_0,3,0,70,0.0,0.0,0.0,0.0,0.0,7.809854728494909e-12,7.809854728494909e-12
NY_Z_C&E,NY_Z_C&E_naturalgas_ccavgcf_moderate_0,4,0,71,0.0,0.0,0.0,0.0,0.0,0.0,0.0
NY_Z_C&E,NY_Z_C&E_naturalgas_ctavgcf_moderate_0,4,0,72,0.0,0.0,0.0,0.0,0.0,0.0,0.0
NY_Z_C&E,NY_Z_C&E_nuclear_nuclear_moderate_0,4,0,73,0.0,0.0,0.0,0.0,0.0,9.153974270563743e-12,9.153974270563743e-12
NY_Z_C&E,NY_Z_C&E_naturalgas_ccs100_moderate_0,4,0,74,0.0,0.0,0.0,0.0,0.0,9.1449906951674e-12,9.1449906951674e-12
NY_Z_D,NY_Z_D_naturalgas_ccavgcf_moderate_0,5,0,75,0.0,0.0,0.0,0.0,0.0,0.0,0.0
NY_Z_D,NY_Z_D_naturalgas_ctavgcf_moderate_0,5,0,76,0.0,0.0,0.0,0.0,0.0,0.0,0.0
NY_Z_D,NY_Z_D_nuclear_nuclear_moderate_0,5,0,77,0.0,0.0,0.0,0.0,0.0,8.509116947737936e-12,8.509116947737936e-12
NY_Z_D,NY_Z_D_naturalgas_ccs100_moderate_0,5,0,78,0.0,0.0,0.0,0.0,0.0,7.730231206929268e-12,7.730231206929268e-12
NY_Z_F,NY_Z_F_naturalgas_ccavgcf_moderate_0,6,0,79,0.0,0.0,0.0,0.0,0.0,0.0,0.0
NY_Z_F,NY_Z_F_naturalgas_ctavgcf_moderate_0,6,0,80,0.0,0.0,0.0,0.0,0.0,0.0,0.0
NY_Z_F,NY_Z_F_nuclear_nuclear_moderate_0,6,0,81,0.0,0.0,0.0,0.0,0.0,8.552535888149496e-12,8.552535888149496e-12
NY_Z_F,NY_Z_F_naturalgas_ccs100_moderate_0,6,0,82,0.0,0.0,0.0,0.0,0.0,8.350050705122199e-12,8.350050705122199e-12
NY_Z_G-I,NY_Z_G-I_naturalgas_ccavgcf_moderate_0,7,0,83,0.0,0.0,0.0,0.0,0.0,0.0,0.0
NY_Z_G-I,NY_Z_G-I_naturalgas_ctavgcf_moderate_0,7,0,84,0.0,0.0,0.0,0.0,0.0,0.0,0.0
NY_Z_G-I,NY_Z_G-I_nuclear_nuclear_moderate_0,7,0,85,0.0,0.0,0.0,0.0,0.0,1.0203819493652974e-11,1.0203819493652974e-11
NY_Z_G-I,NY_Z_G-I_naturalgas_ccs100_moderate_0,7,0,86,0.0,0.0,0.0,0.0,0.0,1.0310488324789962e-11,1.0310488324789962e-11
NY_Z_J,NY_Z_J_naturalgas_ccavgcf_moderate_0,8,0,87,0.0,0.0,0.0,0.0,0.0,0.0,0.0
NY_Z_J,NY_Z_J_naturalgas_ctavgcf_moderate_0,8,0,88,0.0,0.0,0.0,0.0,0.0,0.0,0.0
NY_Z_J,NY_Z_J_nuclear_nuclear_moderate_0,8,0,89,0.0,0.0,0.0,0.0,0.0,7.426293870895434e-12,7.426293870895434e-12
NY_Z_J,NY_Z_J_naturalgas_ccs100_moderate_0,8,0,90,0.0,0.0,0.0,0.0,0.0,7.940670404492434e-12,7.940670404492434e-12
NY_Z_K,NY_Z_K_naturalgas_ccavgcf_moderate_0,9,0,91,0.0,0.0,0.0,0.0,0.0,0.0,0.0
NY_Z_K,NY_Z_K_naturalgas_ctavgcf_moderate_0,9,0,92,0.0,0.0,0.0,0.0,0.0,0.0,0.0
NY_Z_K,NY_Z_K_nuclear_nuclear_moderate_0,9,0,93,0.0,0.0,0.0,0.0,0.0,6.7817350589994735e-12,6.7817350589994735e-12
NY_Z_K,NY_Z_K_naturalgas_ccs100_moderate_0,9,0,94,0.0,0.0,0.0,0.0,0.0,9.442537818304017e-12,9.442537818304017e-12
PJM_EMAC,PJM_EMAC_naturalgas_ccavgcf_moderate_0,10,0,95,0.0,0.0,0.0,0.0,0.0,0.0,0.0
PJM_EMAC,PJM_EMAC_naturalgas_ctavgcf_moderate_0,10,0,96,0.0,0.0,0.0,0.0,0.0,0.0,0.0
PJM_EMAC,PJM_EMAC_nuclear_nuclear_moderate_0,10,0,97,0.0,0.0,0.0,1.2277756298865025e-13,0.0,0.0,1.2277756298865025e-13
PJM_EMAC,PJM_EMAC_naturalgas_ccs100_moderate_0,10,0,98,0.0,0.0,0.0,1.3581713026338114e-13,0.0,0.0,1.3581713026338114e-13
PJM_Rest,PJM_Rest_naturalgas_ccccsavgcf_moderate_0,11,0,99,0.0,0.0,0.0,1.3712126720876024e-13,0.0,0.0,1.3712126720876024e-13
PJM_Rest,PJM_Rest_naturalgas_ccavgcf_moderate_0,11,0,100,0.0,0.0,0.0,0.0,0.0,0.0,0.0
PJM_Rest,PJM_Rest_naturalgas_ctavgcf_moderate_0,11,0,101,0.0,0.0,0.0,0.0,0.0,0.0,0.0
PJM_Rest,PJM_Rest_nuclear_nuclear_moderate_0,11,0,102,0.0,0.0,0.0,1.0955958054607776e-13,0.0,0.0,1.0955958054607776e-13
PJM_Rest,PJM_Rest_naturalgas_ccs100_moderate_0,11,0,103,0.0,0.0,0.0,1.460060664274272e-13,0.0,0.0,1.460060664274272e-13
NENG_Rest,NENG_Rest_offshore_wind_turbine_1,1,1,104,0.0,0.0,0.0,0.0,0.0,0.0,0.0
NENG_Rest,NENG_Rest_onshore_wind_turbine_1,1,1,105,5.1147833452027815e-5,5.377873690218647e-6,0.0,0.0,0.0,0.0,5.6525707142246463e-5
NENG_Rest,NENG_Rest_solar_photovoltaic_1,1,1,106,3.598824481234766e-5,3.7839380843960078e-6,0.0,0.0,0.0,0.0,3.977218289674367e-5
NY_Z_A,NY_Z_A_onshore_wind_turbine_1,2,1,107,0.0,0.0,0.0,0.0,2270.23143432793,5.888294614547634e-6,2270.2314402162247
NY_Z_A,NY_Z_A_solar_photovoltaic_1,2,1,108,0.0,0.0,0.0,0.0,50.69108108405245,1.314773530308312e-7,50.6910812155298
NY_Z_B,NY_Z_B_onshore_wind_turbine_1,3,1,109,0.0,0.0,0.0,0.0,0.0,0.0,0.0
NY_Z_B,NY_Z_B_solar_photovoltaic_1,3,1,110,0.0,0.0,0.0,0.0,29.179966845370267,7.568402015327446e-8,29.179966921054287
NY_Z_C&E,NY_Z_C&E_onshore_wind_turbine_1,4,1,111,0.0,0.0,0.0,0.0,14278.287367010631,3.703356465638111e-5,14278.287404044195
NY_Z_C&E,NY_Z_C&E_solar_photovoltaic_1,4,1,112,0.0,0.0,0.0,0.0,595.5010012596815,1.5445497254834515e-6,595.5010028042312
NY_Z_D,NY_Z_D_onshore_wind_turbine_1,5,1,113,0.0,0.0,0.0,0.0,9496.686679528488,2.4631536761214816e-5,9496.686704160025
NY_Z_D,NY_Z_D_solar_photovoltaic_1,5,1,114,0.0,0.0,0.0,0.0,0.0015129921610378555,3.924244664654359e-12,0.0015129921649621
NY_Z_F,NY_Z_F_solar_photovoltaic_1,6,1,115,0.0,0.0,0.0,0.0,123.57461817498042,3.205152336858229e-7,123.57461849549564
NY_Z_G-I,NY_Z_G-I_solar_photovoltaic_1,7,1,116,0.0,0.0,0.0,0.0,89.59848831373755,2.3239141535610586e-7,89.59848854612896
PJM_EMAC,PJM_EMAC_solar_photovoltaic_1,10,1,117,0.0,0.0,1.6450905908180622e-6,4.0408090768939886e-7,0.0,0.0,2.049171498507461e-6
PJM_Rest,PJM_Rest_onshore_wind_turbine_1,11,1,118,0.0,0.0,1.5869210932423556e-5,3.8979282926294625e-6,0.0,0.0,1.9767139225053018e-5
PJM_Rest,PJM_Rest_solar_photovoltaic_1,11,1,119,0.0,0.0,1.6023179114608613e-6,3.935747245068845e-7,0.0,0.0,1.9958926359677456e-6
NENG_Rest,NENG_Rest_offshorewind_class3_advanced_fixed_1_0,1,0,120,0.0003723470440511544,3.91499548795453e-5,0.0,0.0,0.0,0.0,0.00041149699893069973
NENG_Rest,NENG_Rest_offshorewind_class3_advanced_fixed_1_1,1,1,121,1.7363898735079725e-11,1.825704978385627e-12,0.0,0.0,0.0,0.0,1.918960371346535e-11
NENG_Rest,NENG_Rest_offshorewind_class3_advanced_fixed_1_2,1,2,122,1.3313938638477086e-11,1.3998770912595262e-12,0.0,0.0,0.0,0.0,1.4713815729736612e-11
NENG_Rest,NENG_Rest_offshorewind_class3_advanced_fixed_1_3,1,3,123,0.00022678353393509654,2.3844865328816977e-5,0.0,0.0,0.0,0.0,0.0002506283992639135
NENG_Rest,NENG_Rest_offshorewind_class3_advanced_fixed_1_4,1,4,124,8.550739825123562e-11,8.990566292620489e-12,0.0,0.0,0.0,0.0,9.44979645438561e-11
NENG_Rest,NENG_Rest_offshorewind_class3_advanced_fixed_1_5,1,5,125,5.174758103791562e-12,5.440933384935594e-13,0.0,0.0,0.0,0.0,5.7188514422851215e-12
NENG_Rest,NENG_Rest_offshorewind_class3_advanced_fixed_0_0,1,0,126,2.1776769500838287e-11,2.2896906447925217e-12,0.0,0.0,0.0,0.0,2.4066460145630807e-11
NENG_Rest,NENG_Rest_offshorewind_class3_advanced_fixed_0_1,1,1,127,7.198914013656933e-12,7.569206290722572e-13,0.0,0.0,0.0,0.0,7.95583464272919e-12
NENG_Rest,NENG_Rest_offshorewind_class3_advanced_fixed_0_2,1,2,128,4.5705318582017696e-11,4.80562740816443e-12,0.0,0.0,0.0,0.0,5.051094599018213e-11
NENG_Rest,NENG_Rest_offshorewind_class3_advanced_fixed_0_3,1,3,129,3.204658812421681e-5,3.3694976209723734e-6,0.0,0.0,0.0,0.0,3.541608574518919e-5
NENG_Rest,NENG_Rest_offshorewind_class3_advanced_fixed_0_4,1,4,130,8.628501017753867e-12,9.072327306478246e-13,0.0,0.0,0.0,0.0,9.535733748401691e-12
NENG_Rest,NENG_Rest_offshorewind_class3_advanced_fixed_0_5,1,5,131,1.062953880083361e-11,1.117629295281421e-12,0.0,0.0,0.0,0.0,1.1747168096115032e-11
NENG_Rest,NENG_Rest_offshorewind_class12_advanced_floating_0_0,1,0,132,2.805579823717286e-12,2.9498911100367004e-13,0.0,0.0,0.0,0.0,3.100568934720956e-12
NENG_Rest,NENG_Rest_offshorewind_class12_advanced_floating_0_1,1,1,133,2.7218665166213297e-12,2.8618718213654047e-13,0.0,0.0,0.0,0.0,3.00805369875787e-12
NENG_Rest,NENG_Rest_offshorewind_class12_advanced_floating_0_2,1,2,134,2.876223873089137e-12,3.0241688944210013e-13,0.0,0.0,0.0,0.0,3.1786407625312373e-12
NENG_Rest,NENG_Rest_offshorewind_class12_advanced_floating_0_3,1,3,135,2.4364296109414194e-12,2.561752828698169e-13,0.0,0.0,0.0,0.0,2.6926048938112363e-12
NENG_Rest,NENG_Rest_offshorewind_class12_advanced_floating_0_4,1,4,136,3.2278103484138197e-12,3.393840008107314e-13,0.0,0.0,0.0,0.0,3.5671943492245513e-12
NENG_Rest,NENG_Rest_offshorewind_class12_advanced_floating_0_5,1,5,137,3.3425481224778535e-12,3.5144795767396695e-13,0.0,0.0,0.0,0.0,3.69399608015182e-12
NENG_Rest,NENG_Rest_offshorewind_class12_advanced_floating_1_0,1,0,138,3.2780072622503354e-12,3.4466189127122884e-13,0.0,0.0,0.0,0.0,3.6226691535215642e-12
NENG_Rest,NENG_Rest_offshorewind_class12_advanced_floating_1_1,1,1,139,3.2208458724075117e-12,3.386517298668289e-13,0.0,0.0,0.0,0.0,3.5594976022743405e-12
NENG_Rest,NENG_Rest_offshorewind_class12_advanced_floating_1_2,1,2,140,2.718561483951891e-12,2.858396786933114e-13,0.0,0.0,0.0,0.0,3.0044011626452024e-12
NENG_Rest,NENG_Rest_offshorewind_class12_advanced_floating_1_3,1,3,141,2.2590744074879387e-12,2.3752749628526053e-13,0.0,0.0,0.0,0.0,2.4966019037731993e-12
NENG_Rest,NENG_Rest_offshorewind_class12_advanced_floating_1_4,1,4,142,2.016139386469583e-12,2.1198440345430643e-13,0.0,0.0,0.0,0.0,2.2281237899238894e-12
NENG_Rest,NENG_Rest_offshorewind_class12_advanced_floating_1_5,1,5,143,2.082711944329594e-12,2.189840901124266e-13,0.0,0.0,0.0,0.0,2.3016960344420206e-12
NENG_Rest,NENG_Rest_landbasedwind_class1_advanced_1,1,1,144,1.3898858475054072e-11,1.4613777411935e-12,0.0,0.0,0.0,0.0,1.5360236216247572e-11
NENG_Rest,NENG_Rest_landbasedwind_class1_advanced_2,1,2,145,0.0009496002340157576,9.98445050371209e-5,0.0,0.0,0.0,0.0,0.0010494447390528784
NENG_Rest,NENG_Rest_landbasedwind_class1_advanced_3,1,3,146,2.3148819528710682e-11,2.4339530944127834e-12,0.0,0.0,0.0,0.0,2.5582772623123467e-11
NENG_Rest,NENG_Rest_landbasedwind_class1_advanced_4,1,4,147,6.836532572482185e-12,7.188184947923168e-13,0.0,0.0,0.0,0.0,7.555351067274501e-12
NENG_Rest,NENG_Rest_landbasedwind_class1_advanced_5,1,5,148,2.9096799372490195e-6,3.0593458462253136e-7,0.0,0.0,0.0,0.0,3.215614521871551e-6
NENG_Rest,NENG_Rest_landbasedwind_class1_advanced_6,1,6,149,7.0675944194392205e-12,7.431131978852452e-13,0.0,0.0,0.0,0.0,7.810707617324466e-12
NENG_Rest,NENG_Rest_utilitypv_class1_advanced_1,1,1,150,2.4840299633476277e-12,2.611801611916051e-13,0.0,0.0,0.0,0.0,2.7452101245392328e-12
NENG_Rest,NENG_Rest_utilitypv_class1_advanced_2,1,2,151,0.000623735388708369,6.558186163914731e-5,0.0,0.0,0.0,0.0,0.0006893172503475163
NENG_Rest,NENG_Rest_utilitypv_class1_advanced_3,1,3,152,1.916888508156297e-12,2.0154879648548472e-13,0.0,0.0,0.0,0.0,2.118437304641782e-12
NENG_Rest,NENG_Rest_utilitypv_class1_advanced_4,1,4,153,4.5166386247066046e-12,4.748962055414681e-13,0.0,0.0,0.0,0.0,4.991534830248073e-12
NENG_Rest,NENG_Rest_utilitypv_class1_advanced_5,1,5,154,1.7889789613094085e-12,1.8809991037849362e-13,0.0,0.0,0.0,0.0,1.9770788716879022e-12
NENG_Rest,NENG_Rest_utilitypv_class1_advanced_6,1,6,155,3.984748762496025e-12,4.189713246027841e-13,0.0,0.0,0.0,0.0,4.403720087098809e-12
NY_Z_A,NY_Z_A_landbasedwind_class1_advanced_1,2,1,156,0.0,0.0,0.0,0.0,0.003768402408133004,9.774097596277352e-12,0.003768402417907102
NY_Z_A,NY_Z_A_landbasedwind_class1_advanced_2,2,2,157,0.0,0.0,0.0,0.0,0.0019783504012371974,5.131243377722719e-12,0.001978350406368441
NY_Z_A,NY_Z_A_landbasedwind_class1_advanced_3,2,3,158,0.0,0.0,0.0,0.0,0.0013559002626060451,3.516795729916598e-12,0.001355900266122841
NY_Z_A,NY_Z_A_landbasedwind_class1_advanced_4,2,4,159,0.0,0.0,0.0,0.0,0.002272926517384516,5.895284845943383e-12,0.0022729265232798008
NY_Z_A,NY_Z_A_landbasedwind_class1_advanced_5,2,5,160,0.0,0.0,0.0,0.0,0.0012506108253847342,3.243706732563986e-12,0.001250610828628441
NY_Z_A,NY_Z_A_landbasedwind_class1_advanced_6,2,6,161,0.0,0.0,0.0,0.0,0.0010008314697740712,2.595854530260723e-12,0.0010008314723699257
NY_Z_A,NY_Z_A_utilitypv_class1_advanced_1,2,1,162,0.0,0.0,0.0,0.0,0.022001692999468577,5.706574600313971e-11,0.02200169305653432
NY_Z_A,NY_Z_A_utilitypv_class1_advanced_2,2,2,163,0.0,0.0,0.0,0.0,0.0018577133306528514,4.818347255197266e-12,0.0018577133354711988
NY_Z_A,NY_Z_A_utilitypv_class1_advanced_3,2,3,164,0.0,0.0,0.0,0.0,0.000744662039167247,1.9314284035471543e-12,0.0007446620410986755
NY_Z_A,NY_Z_A_utilitypv_class1_advanced_4,2,4,165,0.0,0.0,0.0,0.0,0.0010826412738206258,2.8080444512090828e-12,0.0010826412766286701
NY_Z_A,NY_Z_A_utilitypv_class1_advanced_5,2,5,166,0.0,0.0,0.0,0.0,0.0007358452828860188,1.9085604008653468e-12,0.0007358452847945792
NY_Z_A,NY_Z_A_utilitypv_class1_advanced_6,2,6,167,0.0,0.0,0.0,0.0,0.002059131201783358,5.340764374402784e-12,0.002059131207124122
NY_Z_B,NY_Z_B_landbasedwind_class1_advanced_1,3,1,168,0.0,0.0,0.0,0.0,0.007247812097635697,1.8798635371021307e-11,0.007247812116434332
NY_Z_B,NY_Z_B_landbasedwind_class1_advanced_2,3,2,169,0.0,0.0,0.0,0.0,0.003121553854137235,8.09636782858573e-12,0.0031215538622336027
NY_Z_B,NY_Z_B_landbasedwind_class1_advanced_3,3,3,170,0.0,0.0,0.0,0.0,0.0024078587509626177,6.2452583034036905e-12,0.002407858757207876
NY_Z_B,NY_Z_B_landbasedwind_class1_advanced_4,3,4,171,0.0,0.0,0.0,0.0,0.0019029857875555046,4.935770333803412e-12,0.001902985792491275
NY_Z_B,NY_Z_B_landbasedwind_class1_advanced_5,3,5,172,0.0,0.0,0.0,0.0,0.0006596843193840973,1.7110218660507747e-12,0.0006596843210951191
NY_Z_B,NY_Z_B_landbasedwind_class1_advanced_6,3,6,173,0.0,0.0,0.0,0.0,0.000928992280550465,2.4095253725270514e-12,0.0009289922829599904
NY_Z_B,NY_Z_B_utilitypv_class1_advanced_1,3,1,174,0.0,0.0,0.0,0.0,0.0005016829755353533,1.301214104600556e-12,0.0005016829768365674
NY_Z_B,NY_Z_B_utilitypv_class1_advanced_2,3,2,175,0.0,0.0,0.0,0.0,0.000697472121596973,1.8090320111404699e-12,0.000697472123406005
NY_Z_B,NY_Z_B_utilitypv_class1_advanced_3,3,3,176,0.0,0.0,0.0,0.0,0.0018034018847937162,4.677479769475347e-12,0.001803401889471196
NY_Z_B,NY_Z_B_utilitypv_class1_advanced_4,3,4,177,0.0,0.0,0.0,0.0,0.0010765340924491081,2.792204267412747e-12,0.0010765340952413123
NY_Z_B,NY_Z_B_utilitypv_class1_advanced_5,3,5,178,0.0,0.0,0.0,0.0,0.0005453234468593783,1.4144043055589215e-12,0.0005453234482737826
NY_Z_B,NY_Z_B_utilitypv_class1_advanced_6,3,6,179,0.0,0.0,0.0,0.0,0.0005232785214475148,1.3572264277364308e-12,0.0005232785228047412
NY_Z_C&E,NY_Z_C&E_landbasedwind_class1_advanced_1,4,1,180,0.0,0.0,0.0,0.0,0.001964678444251955,5.095782450933833e-12,0.0019646784493477375
NY_Z_C&E,NY_Z_C&E_landbasedwind_class1_advanced_2,4,2,181,0.0,0.0,0.0,0.0,0.01961038942453212,5.0863426825837316e-11,0.019610389475395548
NY_Z_C&E,NY_Z_C&E_landbasedwind_class1_advanced_3,4,3,182,0.0,0.0,0.0,0.0,0.00246818708271409,6.401731773722807e-12,0.0024681870891158217
NY_Z_C&E,NY_Z_C&E_landbasedwind_class1_advanced_4,4,4,183,0.0,0.0,0.0,0.0,0.001873700212644043,4.859812398225739e-12,0.0018737002175038555
NY_Z_C&E,NY_Z_C&E_landbasedwind_class1_advanced_5,4,5,184,0.0,0.0,0.0,0.0,0.001043034176884069,2.7053156051262894e-12,0.0010430341795893846
NY_Z_C&E,NY_Z_C&E_landbasedwind_class1_advanced_6,4,6,185,0.0,0.0,0.0,0.0,0.0011994975881536064,3.1111344340004073e-12,0.0011994975912647408
NY_Z_C&E,NY_Z_C&E_utilitypv_class1_advanced_1,4,1,186,0.0,0.0,0.0,0.0,263780.6990634556,0.0006841674580974007,263780.69974762306
NY_Z_C&E,NY_Z_C&E_utilitypv_class1_advanced_2,4,2,187,0.0,0.0,0.0,0.0,0.0004955908799922943,1.2854130488865497e-12,0.0004955908812777073
NY_Z_C&E,NY_Z_C&E_utilitypv_class1_advanced_3,4,3,188,0.0,0.0,0.0,0.0,0.0006362790097035641,1.6503155623410378e-12,0.0006362790113538797
NY_Z_C&E,NY_Z_C&E_utilitypv_class1_advanced_4,4,4,189,0.0,0.0,0.0,0.0,0.0003804498992699423,9.867721233626435e-13,0.00038044990025671443
NY_Z_C&E,NY_Z_C&E_utilitypv_class1_advanced_5,4,5,190,0.0,0.0,0.0,0.0,0.002415633145859649,6.265422735501384e-12,0.0024156331521250716
NY_Z_C&E,NY_Z_C&E_utilitypv_class1_advanced_6,4,6,191,0.0,0.0,0.0,0.0,0.0003588046187488157,9.306308036735106e-13,0.0003588046196794465
NY_Z_D,NY_Z_D_landbasedwind_class1_advanced_1,5,1,192,0.0,0.0,0.0,0.0,0.017021691082128712,4.414912524504943e-11,0.017021691126277837
NY_Z_D,NY_Z_D_landbasedwind_class1_advanced_2,5,2,193,0.0,0.0,0.0,0.0,0.0018021725276312984,4.6742911883248244e-12,0.0018021725323055895
NY_Z_D,NY_Z_D_landbasedwind_class1_advanced_3,5,3,194,0.0,0.0,0.0,0.0,0.0012859695782762499,3.335416657411304e-12,0.0012859695816116665
NY_Z_D,NY_Z_D_landbasedwind_class1_advanced_4,5,4,195,0.0,0.0,0.0,0.0,0.0018982605087789184,4.92351438793301e-12,0.0018982605137024327
NY_Z_D,NY_Z_D_landbasedwind_class1_advanced_5,5,5,196,0.0,0.0,0.0,0.0,0.0010659807573829185,2.7648321038984324e-12,0.0010659807601477507
NY_Z_D,NY_Z_D_landbasedwind_class1_advanced_6,5,6,197,0.0,0.0,0.0,0.0,0.0022285362745147618,5.780149964064781e-12,0.0022285362802949116
NY_Z_D,NY_Z_D_utilitypv_class1_advanced_1,5,1,198,0.0,0.0,0.0,0.0,0.0005038293690555513,1.3067812010712396e-12,0.0005038293703623325
NY_Z_D,NY_Z_D_utilitypv_class1_advanced_2,5,2,199,0.0,0.0,0.0,0.0,0.0009642116500696137,2.500873779007362e-12,0.0009642116525704874
NY_Z_D,NY_Z_D_utilitypv_class1_advanced_3,5,3,200,0.0,0.0,0.0,0.0,0.0007222699275382443,1.8733500295454135e-12,0.0007222699294115943
NY_Z_D,NY_Z_D_utilitypv_class1_advanced_4,5,4,201,0.0,0.0,0.0,0.0,0.0004422857334476791,1.1471555996325935e-12,0.0004422857345948347
NY_Z_D,NY_Z_D_utilitypv_class1_advanced_5,5,5,202,0.0,0.0,0.0,0.0,0.0020050995318289027,5.200622542870962e-12,0.0020050995370295252
NY_Z_D,NY_Z_D_utilitypv_class1_advanced_6,5,6,203,0.0,0.0,0.0,0.0,0.00029886749148414784,7.751719996293852e-13,0.0002988674922593198
NY_Z_F,NY_Z_F_landbasedwind_class1_advanced_1,6,1,204,0.0,0.0,0.0,0.0,0.00468206824366175,1.214387079978897e-11,0.004682068255805621
NY_Z_F,NY_Z_F_landbasedwind_class1_advanced_2,6,2,205,0.0,0.0,0.0,0.0,0.0035501660325071133,9.208058356460048e-12,0.0035501660417151717
NY_Z_F,NY_Z_F_landbasedwind_class1_advanced_3,6,3,206,0.0,0.0,0.0,0.0,0.0011276075664710806,2.924673432222302e-12,0.0011276075693957542
NY_Z_F,NY_Z_F_landbasedwind_class1_advanced_4,6,4,207,0.0,0.0,0.0,0.0,0.0009967605611458357,2.5852958229018628e-12,0.0009967605637311316
NY_Z_F,NY_Z_F_landbasedwind_class1_advanced_5,6,5,208,0.0,0.0,0.0,0.0,0.0008127597477637508,2.1080532906527864e-12,0.0008127597498718041
NY_Z_F,NY_Z_F_landbasedwind_class1_advanced_6,6,6,209,0.0,0.0,0.0,0.0,0.0012153003146957012,3.1521219334182942e-12,0.0012153003178478233
NY_Z_F,NY_Z_F_utilitypv_class1_advanced_1,6,1,210,0.0,0.0,0.0,0.0,0.0009113747258161671,2.3638307569495988e-12,0.0009113747281799979
NY_Z_F,NY_Z_F_utilitypv_class1_advanced_2,6,2,211,0.0,0.0,0.0,0.0,0.017611721558749367,4.567948608199771e-11,0.01761172160442885
NY_Z_F,NY_Z_F_utilitypv_class1_advanced_3,6,3,212,0.0,0.0,0.0,0.0,0.00039603625899596644,1.0271984326134972e-12,0.0003960362600231649
NY_Z_F,NY_Z_F_utilitypv_class1_advanced_4,6,4,213,0.0,0.0,0.0,0.0,254813.19638252896,0.0006609084647879042,254813.19704343742
NY_Z_F,NY_Z_F_utilitypv_class1_advanced_5,6,5,214,0.0,0.0,0.0,0.0,0.0005470944112813941,1.418997652347725e-12,0.0005470944127003917
NY_Z_F,NY_Z_F_utilitypv_class1_advanced_6,6,6,215,0.0,0.0,0.0,0.0,0.0003509269886194648,9.101986105655044e-13,0.00035092698952966344
NY_Z_G-I,NY_Z_G-I_landbasedwind_class1_advanced_1,7,1,216,0.0,0.0,0.0,0.0,0.0038026951590966486,9.86304263411092e-12,0.0038026951689596913
NY_Z_G-I,NY_Z_G-I_landbasedwind_class1_advanced_2,7,2,217,0.0,0.0,0.0,0.0,0.001737542505342504,4.506660432082627e-12,0.0017375425098491645
NY_Z_G-I,NY_Z_G-I_landbasedwind_class1_advanced_3,7,3,218,0.0,0.0,0.0,0.0,0.0003186967955152977,8.266032248213723e-13,0.00031869679634190094
NY_Z_G-I,NY_Z_G-I_landbasedwind_class1_advanced_4,7,4,219,0.0,0.0,0.0,0.0,0.0007355305193441469,1.907743999312432e-12,0.0007355305212518909
NY_Z_G-I,NY_Z_G-I_landbasedwind_class1_advanced_5,7,5,220,0.0,0.0,0.0,0.0,0.0004345546647935099,1.1271035427221406e-12,0.00043455466592061344
NY_Z_G-I,NY_Z_G-I_landbasedwind_class1_advanced_6,7,6,221,0.0,0.0,0.0,0.0,0.0003904716534065377,1.0127655265102411e-12,0.0003904716544193032
NY_Z_G-I,NY_Z_G-I_utilitypv_class1_advanced_1,7,1,222,0.0,0.0,0.0,0.0,0.002287118595689307,5.932094810331915e-12,0.0022871186016214014
NY_Z_G-I,NY_Z_G-I_utilitypv_class1_advanced_2,7,2,223,0.0,0.0,0.0,0.0,0.0010624707450416907,2.7557281920886812e-12,0.0010624707477974189
NY_Z_G-I,NY_Z_G-I_utilitypv_class1_advanced_3,7,3,224,0.0,0.0,0.0,0.0,0.0004867889127805072,1.2625834045838163e-12,0.0004867889140430906
NY_Z_G-I,NY_Z_G-I_utilitypv_class1_advanced_4,7,4,225,0.0,0.0,0.0,0.0,0.000533529524891329,1.383814434341929e-12,0.0005335295262751434
NY_Z_G-I,NY_Z_G-I_utilitypv_class1_advanced_5,7,5,226,0.0,0.0,0.0,0.0,0.00036259009877689355,9.404491954576098e-13,0.00036259009971734276
NY_Z_G-I,NY_Z_G-I_utilitypv_class1_advanced_6,7,6,227,0.0,0.0,0.0,0.0,0.0009132806888683505,2.3687742494085605e-12,0.0009132806912371248
NY_Z_J,NY_Z_J_offshorewind_class3_advanced_fixed_1_0,8,0,228,0.0,0.0,0.0,0.0,21659.980146089543,5.61794460762474e-5,21659.98020226899
NY_Z_J,NY_Z_J_offshorewind_class3_advanced_fixed_1_1,8,1,229,0.0,0.0,0.0,0.0,15005.913924912209,3.8920808167112455e-5,15005.913963833018
NY_Z_J,NY_Z_J_offshorewind_class3_advanced_fixed_1_2,8,2,230,0.0,0.0,0.0,0.0,30959.002733701218,8.029830188770355e-5,30959.00281399952
NY_Z_J,NY_Z_J_offshorewind_class3_advanced_fixed_1_3,8,3,231,0.0,0.0,0.0,0.0,14100.570955888095,3.6572621965382146e-5,14100.570992460718
NY_Z_J,NY_Z_J_offshorewind_class3_advanced_fixed_1_4,8,4,232,0.0,0.0,0.0,0.0,33124.271932739495,8.591435616787757e-5,33124.27201865385
NY_Z_J,NY_Z_J_offshorewind_class3_advanced_fixed_1_5,8,5,233,0.0,0.0,0.0,0.0,8447.864894310094,2.1911209848223255e-5,8447.864916221304
NY_Z_J,NY_Z_J_offshorewind_class3_advanced_fixed_0_0,8,0,234,0.0,0.0,0.0,0.0,13133.33612124872,3.4063906958757305e-5,13133.336155312627
NY_Z_J,NY_Z_J_offshorewind_class3_advanced_fixed_0_1,8,1,235,0.0,0.0,0.0,0.0,3703.8233484099433,9.606599021537362e-6,3703.8233580165424
NY_Z_J,NY_Z_J_offshorewind_class3_advanced_fixed_0_2,8,2,236,0.0,0.0,0.0,0.0,11768.452679794224,3.052381157628766e-5,11768.452710318035
NY_Z_J,NY_Z_J_offshorewind_class3_advanced_fixed_0_3,8,3,237,0.0,0.0,0.0,0.0,5815.5138932407535,1.5083686456193295e-5,5815.51390832444
NY_Z_J,NY_Z_J_offshorewind_class3_advanced_fixed_0_4,8,4,238,0.0,0.0,0.0,0.0,10677.017462615564,2.769295829222886e-5,10677.017490308523
NY_Z_J,NY_Z_J_offshorewind_class3_advanced_fixed_0_5,8,5,239,0.0,0.0,0.0,0.0,3318.2823900747726,8.60662222871995e-6,3318.2823986813946
NY_Z_J,NY_Z_J_offshorewind_class12_advanced_floating_0_0,8,0,240,0.0,0.0,0.0,0.0,0.0006813696281292638,1.7672670068624944e-12,0.0006813696298965308
NY_Z_J,NY_Z_J_offshorewind_class12_advanced_floating_0_1,8,1,241,0.0,0.0,0.0,0.0,0.0010386406080658587,2.693920014694528e-12,0.0010386406107597787
NY_Z_J,NY_Z_J_offshorewind_class12_advanced_floating_0_2,8,2,242,0.0,0.0,0.0,0.0,0.0013688704664055855,3.5504365209071555e-12,0.001368870469956022
NY_Z_J,NY_Z_J_offshorewind_class12_advanced_floating_0_3,8,3,243,0.0,0.0,0.0,0.0,0.0009294448502274298,2.41069920156989e-12,0.000929444852638129
NY_Z_J,NY_Z_J_offshorewind_class12_advanced_floating_0_4,8,4,244,0.0,0.0,0.0,0.0,0.0008525675734745573,2.211302766545619e-12,0.00085256757568586
NY_Z_J,NY_Z_J_offshorewind_class12_advanced_floating_0_5,8,5,245,0.0,0.0,0.0,0.0,0.0013279793540905763,3.444377326771025e-12,0.0013279793575349536
NY_Z_J,NY_Z_J_offshorewind_class12_advanced_floating_1_0,8,0,246,0.0,0.0,0.0,0.0,0.0012261620016899481,3.180293868695924e-12,0.001226162004870242
NY_Z_J,NY_Z_J_offshorewind_class12_advanced_floating_1_1,8,1,247,0.0,0.0,0.0,0.0,0.0007149092039024893,1.8542585357495745e-12,0.0007149092057567478
NY_Z_J,NY_Z_J_offshorewind_class12_advanced_floating_1_2,8,2,248,0.0,0.0,0.0,0.0,0.0010931084699158623,2.8351931962511237e-12,0.0010931084727510555
NY_Z_J,NY_Z_J_offshorewind_class12_advanced_floating_1_3,8,3,249,0.0,0.0,0.0,0.0,0.0011903579442403536,3.0874289583297198e-12,0.0011903579473277826
NY_Z_J,NY_Z_J_offshorewind_class12_advanced_floating_1_4,8,4,250,0.0,0.0,0.0,0.0,0.0011215440242807121,2.9089464352806013e-12,0.0011215440271896587
NY_Z_J,NY_Z_J_offshorewind_class12_advanced_floating_1_5,8,5,251,0.0,0.0,0.0,0.0,0.0009391676952954248,2.4359173248793775e-12,0.0009391676977313422
NY_Z_K,NY_Z_K_utilitypv_class1_advanced_1,9,1,252,0.0,0.0,0.0,0.0,0.0003668455176490562,9.51486466657679e-13,0.00036684551860054264
PJM_EMAC,PJM_EMAC_offshorewind_class3_advanced_fixed_1_0,10,0,253,0.0,0.0,5.848674598053362e-13,1.4366003632578707e-13,0.0,0.0,7.285274961311233e-13
PJM_EMAC,PJM_EMAC_offshorewind_class3_advanced_fixed_1_1,10,1,254,0.0,0.0,5.9515428841826725e-12,1.461867731914398e-12,0.0,0.0,7.41341061609707e-12
PJM_EMAC,PJM_EMAC_offshorewind_class3_advanced_fixed_1_2,10,2,255,0.0,0.0,1.3511061155296085e-5,3.3186998247702078e-6,0.0,0.0,1.6829760980066292e-5
PJM_EMAC,PJM_EMAC_offshorewind_class3_advanced_fixed_1_3,10,3,256,0.0,0.0,1.2743247620342405e-12,3.130103043613004e-13,0.0,0.0,1.5873350663955408e-12
PJM_EMAC,PJM_EMAC_offshorewind_class3_advanced_fixed_1_4,10,4,257,0.0,0.0,4.4538173142873064e-13,1.0939838529773784e-13,0.0,0.0,5.547801167264685e-13
PJM_EMAC,PJM_EMAC_offshorewind_class3_advanced_fixed_1_5,10,5,258,0.0,0.0,1.0175369796428045e-13,2.4993594190890773e-14,0.0,0.0,1.2674729215517124e-13
PJM_EMAC,PJM_EMAC_offshorewind_class3_advanced_fixed_0_0,10,0,259,0.0,0.0,3.109547681405933e-13,7.637931045372675e-14,0.0,0.0,3.8733407859432004e-13
PJM_EMAC,PJM_EMAC_offshorewind_class3_advanced_fixed_0_1,10,1,260,0.0,0.0,7.462588901015824e-6,1.8330234904181056e-6,0.0,0.0,9.29561239143393e-6
PJM_EMAC,PJM_EMAC_offshorewind_class3_advanced_fixed_0_2,10,2,261,0.0,0.0,2.511147028413173e-13,6.168089321319038e-14,0.0,0.0,3.127955960545077e-13
PJM_EMAC,PJM_EMAC_offshorewind_class3_advanced_fixed_0_3,10,3,262,0.0,0.0,5.699572081959945e-14,1.3999765564121694e-14,0.0,0.0,7.099548638372115e-14
PJM_EMAC,PJM_EMAC_offshorewind_class3_advanced_fixed_0_4,10,4,263,0.0,0.0,5.3809982590157846e-14,1.3217257900046219e-14,0.0,0.0,6.702724049020406e-14
PJM_EMAC,PJM_EMAC_offshorewind_class3_advanced_fixed_0_5,10,5,264,0.0,0.0,5.170353681397966e-14,1.2699855073729333e-14,0.0,0.0,6.4403391887709e-14
PJM_EMAC,PJM_EMAC_offshorewind_class12_advanced_floating_0_0,10,0,265,0.0,0.0,9.135065576796679e-14,2.2438311973072506e-14,0.0,0.0,1.137889677410393e-13
PJM_EMAC,PJM_EMAC_offshorewind_class12_advanced_floating_0_1,10,1,266,0.0,0.0,1.2200626237092932e-13,2.9968198418860465e-14,0.0,0.0,1.5197446078978978e-13
PJM_EMAC,PJM_EMAC_offshorewind_class12_advanced_floating_0_2,10,2,267,0.0,0.0,2.848085969520435e-14,6.995706924376529e-15,0.0,0.0,3.547656661958088e-14
PJM_EMAC,PJM_EMAC_offshorewind_class12_advanced_floating_0_3,10,3,268,0.0,0.0,7.280567958179991e-14,1.7883139843215395e-14,0.0,0.0,9.06888194250153e-14
PJM_EMAC,PJM_EMAC_offshorewind_class12_advanced_floating_0_4,10,4,269,0.0,0.0,3.3512677927609477e-14,8.231664196290192e-15,0.0,0.0,4.174434212389967e-14
PJM_EMAC,PJM_EMAC_offshorewind_class12_advanced_floating_0_5,10,5,270,0.0,0.0,2.556746745438935e-14,6.280095159471617e-15,0.0,0.0,3.184756261386097e-14
PJM_EMAC,PJM_EMAC_offshorewind_class12_advanced_floating_1_0,10,0,271,0.0,0.0,8.84203298445898e-14,2.1718540815451856e-14,0.0,0.0,1.1013887066004166e-13
PJM_EMAC,PJM_EMAC_offshorewind_class12_advanced_floating_1_1,10,1,272,0.0,0.0,9.987236043901168e-14,2.453148433558931e-14,0.0,0.0,1.24403844774601e-13
PJM_EMAC,PJM_EMAC_offshorewind_class12_advanced_floating_1_2,10,2,273,0.0,0.0,1.450177553686442e-13,3.562047375840937e-14,0.0,0.0,1.8063822912705357e-13
PJM_EMAC,PJM_EMAC_offshorewind_class12_advanced_floating_1_3,10,3,274,0.0,0.0,1.0753452409644645e-13,2.641352904658686e-14,0.0,0.0,1.3394805314303332e-13
PJM_EMAC,PJM_EMAC_offshorewind_class12_advanced_floating_1_4,10,4,275,0.0,0.0,1.156813450313695e-13,2.8414619330939945e-14,0.0,0.0,1.4409596436230946e-13
PJM_EMAC,PJM_EMAC_offshorewind_class12_advanced_floating_1_5,10,5,276,0.0,0.0,1.3107652855246706e-13,3.2196113046830984e-14,0.0,0.0,1.6327264159929805e-13
PJM_EMAC,PJM_EMAC_landbasedwind_class1_advanced_1,10,1,277,0.0,0.0,3.420372841871927e-13,8.401405796701384e-14,0.0,0.0,4.2605134215420654e-13
PJM_EMAC,PJM_EMAC_landbasedwind_class1_advanced_2,10,2,278,0.0,0.0,3.8031387798127847e-13,9.341587501581315e-14,0.0,0.0,4.737297529970916e-13
PJM_EMAC,PJM_EMAC_landbasedwind_class1_advanced_3,10,3,279,0.0,0.0,2.2510724796742237e-13,5.529272466442455e-14,0.0,0.0,2.803999726318469e-13
PJM_EMAC,PJM_EMAC_landbasedwind_class1_advanced_4,10,4,280,0.0,0.0,3.014742038294979e-13,7.405061496813033e-14,0.0,0.0,3.755248187976282e-13
PJM_EMAC,PJM_EMAC_landbasedwind_class1_advanced_5,10,5,281,0.0,0.0,1.5123311457511228e-13,3.7147142261519805e-14,0.0,0.0,1.8838025683663208e-13
PJM_EMAC,PJM_EMAC_landbasedwind_class1_advanced_6,10,6,282,0.0,0.0,4.727258139606685e-13,1.1611486750917936e-13,0.0,0.0,5.888406814698479e-13
PJM_EMAC,PJM_EMAC_utilitypv_class1_advanced_1,10,1,283,0.0,0.0,9.200122704796417e-14,2.259811073115018e-14,0.0,0.0,1.1459933777911434e-13
PJM_EMAC,PJM_EMAC_utilitypv_class1_advanced_2,10,2,284,0.0,0.0,6.078326931359625e-14,1.4930094897906756e-14,0.0,0.0,7.5713364211503e-14
PJM_EMAC,PJM_EMAC_utilitypv_class1_advanced_3,10,3,285,0.0,0.0,6.749102762800034e-14,1.6577710587506964e-14,0.0,0.0,8.40687382155073e-14
PJM_EMAC,PJM_EMAC_utilitypv_class1_advanced_4,10,4,286,0.0,0.0,2.9599864274129883e-5,7.2705661865257155e-6,0.0,0.0,3.6870430460655596e-5
PJM_EMAC,PJM_EMAC_utilitypv_class1_advanced_5,10,5,287,0.0,0.0,1.5438103143576794e-13,3.792035992471972e-14,0.0,0.0,1.9230139136048766e-13
PJM_EMAC,PJM_EMAC_utilitypv_class1_advanced_6,10,6,288,0.0,0.0,4.923530559053918e-14,1.2093587480490482e-14,0.0,0.0,6.132889307102966e-14
PJM_Rest,PJM_Rest_offshorewind_class3_advanced_fixed_1_0,11,0,289,0.0,0.0,1.7535482035349112e-13,4.3072117348209076e-14,0.0,0.0,2.184269377017002e-13
PJM_Rest,PJM_Rest_offshorewind_class3_advanced_fixed_1_1,11,1,290,0.0,0.0,3.0467684937652874e-13,7.483727554893646e-14,0.0,0.0,3.795141249254652e-13
PJM_Rest,PJM_Rest_offshorewind_class3_advanced_fixed_1_2,11,2,291,0.0,0.0,1.6457680289289636e-13,4.042473057031522e-14,0.0,0.0,2.0500153346321158e-13
PJM_Rest,PJM_Rest_offshorewind_class3_advanced_fixed_1_3,11,3,292,0.0,0.0,3.7108923373142354e-13,9.115004075574387e-14,0.0,0.0,4.622392744871675e-13
PJM_Rest,PJM_Rest_offshorewind_class3_advanced_fixed_1_4,11,4,293,0.0,0.0,1.6061805005534816e-13,3.9452348594001696e-14,0.0,0.0,2.0007039864934985e-13
PJM_Rest,PJM_Rest_offshorewind_class3_advanced_fixed_1_5,11,5,294,0.0,0.0,1.7472148556832043e-13,4.291655236212781e-14,0.0,0.0,2.1763803793044825e-13
PJM_Rest,PJM_Rest_offshorewind_class3_advanced_fixed_0_0,11,0,295,0.0,0.0,1.6780626158460916e-5,4.121797721993821e-6,0.0,0.0,2.0902423880454737e-5
PJM_Rest,PJM_Rest_offshorewind_class3_advanced_fixed_0_1,11,1,296,0.0,0.0,1.3857396621784e-13,3.4037696382166976e-14,0.0,0.0,1.7261166260000697e-13
PJM_Rest,PJM_Rest_offshorewind_class3_advanced_fixed_0_2,11,2,297,0.0,0.0,2.0871672254272367e-13,5.126674674680427e-14,0.0,0.0,2.5998346928952795e-13
PJM_Rest,PJM_Rest_offshorewind_class3_advanced_fixed_0_3,11,3,298,0.0,0.0,2.6990375747855444e-13,6.62960179332613e-14,0.0,0.0,3.3619977541181573e-13
PJM_Rest,PJM_Rest_offshorewind_class3_advanced_fixed_0_4,11,4,299,0.0,0.0,2.1915441362405813e-13,5.383053971350639e-14,0.0,0.0,2.729849533375645e-13
PJM_Rest,PJM_Rest_offshorewind_class3_advanced_fixed_0_5,11,5,300,0.0,0.0,1.720654539285478e-13,4.226415566018242e-14,0.0,0.0,2.1432960958873022e-13
PJM_Rest,PJM_Rest_offshorewind_class12_advanced_floating_0_0,11,0,301,0.0,0.0,8.38021815234104e-14,2.0584192606373304e-14,0.0,0.0,1.043863741297837e-13
PJM_Rest,PJM_Rest_offshorewind_class12_advanced_floating_0_1,11,1,302,0.0,0.0,1.0154060292949286e-13,2.4941252006477536e-14,0.0,0.0,1.264818549359704e-13
PJM_Rest,PJM_Rest_offshorewind_class12_advanced_floating_0_2,11,2,303,0.0,0.0,6.796500851252226e-14,1.66941337359427e-14,0.0,0.0,8.465914224846496e-14
PJM_Rest,PJM_Rest_offshorewind_class12_advanced_floating_0_3,11,3,304,0.0,0.0,6.815380889634887e-14,1.6740508465027268e-14,0.0,0.0,8.489431736137614e-14
PJM_Rest,PJM_Rest_offshorewind_class12_advanced_floating_0_4,11,4,305,0.0,0.0,1.0928424970111153e-13,2.6843311281368746e-14,0.0,0.0,1.3612756098248027e-13
PJM_Rest,PJM_Rest_offshorewind_class12_advanced_floating_0_5,11,5,306,0.0,0.0,1.0508061793470594e-13,2.5810780094793494e-14,0.0,0.0,1.3089139802949943e-13
PJM_Rest,PJM_Rest_landbasedwind_class1_advanced_1,11,1,307,0.0,0.0,2.5846649797107102e-5,6.348670261101821e-6,0.0,0.0,3.2195320058208925e-5
PJM_Rest,PJM_Rest_landbasedwind_class1_advanced_2,11,2,308,0.0,0.0,5.163523944971722e-5,1.268307930399483e-5,0.0,0.0,6.431831875371205e-5
PJM_Rest,PJM_Rest_landbasedwind_class1_advanced_3,11,3,309,0.0,0.0,2.332844900312508e-5,5.7301287240850565e-6,0.0,0.0,2.9058577727210135e-5
PJM_Rest,PJM_Rest_landbasedwind_class1_advanced_4,11,4,310,0.0,0.0,3.884045847109264e-13,9.540318205982167e-14,0.0,0.0,4.838077667707481e-13
PJM_Rest,PJM_Rest_landbasedwind_class1_advanced_5,11,5,311,0.0,0.0,9.19018116476494e-13,2.2573691489181555e-13,0.0,0.0,1.1447550313683097e-12
PJM_Rest,PJM_Rest_landbasedwind_class1_advanced_6,11,6,312,0.0,0.0,8.67473932624583e-13,2.1307620142518983e-13,0.0,0.0,1.0805501340497729e-12
PJM_Rest,PJM_Rest_utilitypv_class1_advanced_1,11,1,313,0.0,0.0,9.254288129860856e-14,2.2731156377679207e-14,0.0,0.0,1.1527403767628777e-13
PJM_Rest,PJM_Rest_utilitypv_class1_advanced_2,11,2,314,0.0,0.0,6.6940146517649756e-12,1.6442398562538958e-12,0.0,0.0,8.33825450801887e-12
PJM_Rest,PJM_Rest_utilitypv_class1_advanced_3,11,3,315,0.0,0.0,0.00020670504132302343,5.0772620783300966e-5,0.0,0.0,0.0002574776621063244
PJM_Rest,PJM_Rest_utilitypv_class1_advanced_4,11,4,316,0.0,0.0,1.2359431881603837e-12,3.035827012274308e-13,0.0,0.0,1.5395258893878144e-12
PJM_Rest,PJM_Rest_utilitypv_class1_advanced_5,11,5,317,0.0,0.0,2.953762237844965e-13,7.255277811622136e-14,0.0,0.0,3.6792900190071787e-13
PJM_Rest,PJM_Rest_utilitypv_class1_advanced_6,11,6,318,0.0,0.0,6.694089685172952e-14,1.644258286587016e-14,0.0,0.0,8.338347971759967e-14
NENG_Rest,NENG_Rest_hydroelectric_pumped_storage_1,1,1,319,0.0,0.0,0.0,0.0,0.0,0.0,0.0
NY_Z_A,NY_Z_A_hydroelectric_pumped_storage_1,2,1,320,0.0,0.0,0.0,0.0,0.0,0.0,0.0
NY_Z_F,NY_Z_F_hydroelectric_pumped_storage_1,6,1,321,0.0,0.0,0.0,0.0,0.0,0.0,0.0
PJM_EMAC,PJM_EMAC_hydroelectric_pumped_storage_1,10,1,322,0.0,0.0,0.0,0.0,0.0,0.0,0.0
PJM_Rest,PJM_Rest_hydroelectric_pumped_storage_1,11,1,323,0.0,0.0,0.0,0.0,0.0,0.0,0.0
NENG_Rest,NENG_Rest_battery_advanced_0,1,0,324,0.0,0.0,0.0,0.0,0.0,0.0,0.0
NY_Z_A,NY_Z_A_battery_advanced_0,2,0,325,0.0,0.0,0.0,0.0,0.0,0.0,0.0
NY_Z_B,NY_Z_B_battery_advanced_0,3,0,326,0.0,0.0,0.0,0.0,0.0,0.0,0.0
NY_Z_C&E,NY_Z_C&E_battery_advanced_0,4,0,327,0.0,0.0,0.0,0.0,0.0,0.0,0.0
NY_Z_D,NY_Z_D_battery_advanced_0,5,0,328,0.0,0.0,0.0,0.0,0.0,0.0,0.0
NY_Z_F,NY_Z_F_battery_advanced_0,6,0,329,0.0,0.0,0.0,0.0,0.0,0.0,0.0
NY_Z_G-I,NY_Z_G-I_battery_advanced_0,7,0,330,0.0,0.0,0.0,0.0,0.0,0.0,0.0
NY_Z_J,NY_Z_J_battery_advanced_0,8,0,331,0.0,0.0,0.0,0.0,0.0,0.0,0.0
NY_Z_K,NY_Z_K_battery_advanced_0,9,0,332,0.0,0.0,0.0,0.0,0.0,0.0,0.0
PJM_EMAC,PJM_EMAC_battery_advanced_0,10,0,333,0.0,0.0,0.0,0.0,0.0,0.0,0.0
PJM_Rest,PJM_Rest_battery_advanced_0,11,0,334,0.0,0.0,0.0,0.0,0.0,0.0,0.0
NY_Z_A,NY_Z_A_res_water_heat_1,2,1,335,0.0,0.0,0.0,0.0,0.0,0.0,0.0
NY_Z_B,NY_Z_B_res_water_heat_1,3,1,336,0.0,0.0,0.0,0.0,0.0,0.0,0.0
NY_Z_C&E,NY_Z_C&E_res_water_heat_1,4,1,337,0.0,0.0,0.0,0.0,0.0,0.0,0.0
NY_Z_D,NY_Z_D_res_water_heat_1,5,1,338,0.0,0.0,0.0,0.0,0.0,0.0,0.0
NY_Z_F,NY_Z_F_res_water_heat_1,6,1,339,0.0,0.0,0.0,0.0,0.0,0.0,0.0
NY_Z_G-I,NY_Z_G-I_res_water_heat_1,7,1,340,0.0,0.0,0.0,0.0,0.0,0.0,0.0
NY_Z_J,NY_Z_J_res_water_heat_1,8,1,341,0.0,0.0,0.0,0.0,0.0,0.0,0.0
NY_Z_K,NY_Z_K_res_water_heat_1,9,1,342,0.0,0.0,0.0,0.0,0.0,0.0,0.0
PJM_EMAC,PJM_EMAC_res_water_heat_1,10,1,343,0.0,0.0,0.0,0.0,0.0,0.0,0.0
PJM_Rest,PJM_Rest_res_water_heat_1,11,1,344,0.0,0.0,0.0,0.0,0.0,0.0,0.0
NENG_Rest,NENG_Rest_res_water_heat_1,1,1,345,0.0,0.0,0.0,0.0,0.0,0.0,0.0
NY_Z_A,NY_Z_A_trans_light_duty_1,2,1,346,0.0,0.0,0.0,0.0,0.0,0.0,0.0
NY_Z_B,NY_Z_B_trans_light_duty_1,3,1,347,0.0,0.0,0.0,0.0,0.0,0.0,0.0
NY_Z_C&E,NY_Z_C&E_trans_light_duty_1,4,1,348,0.0,0.0,0.0,0.0,0.0,0.0,0.0
NY_Z_D,NY_Z_D_trans_light_duty_1,5,1,349,0.0,0.0,0.0,0.0,0.0,0.0,0.0
NY_Z_F,NY_Z_F_trans_light_duty_1,6,1,350,0.0,0.0,0.0,0.0,0.0,0.0,0.0
NY_Z_G-I,NY_Z_G-I_trans_light_duty_1,7,1,351,0.0,0.0,0.0,0.0,0.0,0.0,0.0
NY_Z_J,NY_Z_J_trans_light_duty_1,8,1,352,0.0,0.0,0.0,0.0,0.0,0.0,0.0
NY_Z_K,NY_Z_K_trans_light_duty_1,9,1,353,0.0,0.0,0.0,0.0,0.0,0.0,0.0
PJM_EMAC,PJM_EMAC_trans_light_duty_1,10,1,354,0.0,0.0,0.0,0.0,0.0,0.0,0.0
PJM_Rest,PJM_Rest_trans_light_duty_1,11,1,355,0.0,0.0,0.0,0.0,0.0,0.0,0.0
NENG_Rest,NENG_Rest_trans_light_duty_1,1,1,356,0.0,0.0,0.0,0.0,0.0,0.0,0.0
NENG_Rest,NENG_Rest_biomass_1,1,1,357,1.0971686032764698e-5,1.1536039294467002e-6,0.0,0.0,0.0,0.0,1.2125289962211399e-5
NENG_Rest,NENG_Rest_biomass_2,1,2,358,2.0828217091707388e-5,2.1899563119660286e-6,0.0,0.0,0.0,0.0,2.3018173403673418e-5
NENG_Rest,NENG_Rest_biomass_3,1,3,359,3.90304240837695e-5,4.1038041424579335e-6,0.0,0.0,0.0,0.0,4.313422822622744e-5
NENG_Rest,NENG_Rest_small_hydroelectric_1,1,1,360,7.195040397697069e-5,7.56513342664396e-6,0.0,0.0,0.0,0.0,7.951553740361465e-5
NY_Z_A,NY_Z_A_biomass_1,2,1,361,0.0,0.0,0.0,0.0,1998.0082071541738,5.182229788607749e-6,1998.0082123364036
NY_Z_A,NY_Z_A_small_hydroelectric_1,2,1,362,0.0,0.0,0.0,0.0,51.98780979982535,1.3484067564109853e-7,51.987809934666025
NY_Z_B,NY_Z_B_biomass_1,3,1,363,0.0,0.0,0.0,0.0,914.0685320179005,2.3708176765695348e-6,914.0685343887181
NY_Z_B,NY_Z_B_small_hydroelectric_1,3,1,364,0.0,0.0,0.0,0.0,2504.7754818776702,6.496631029583744e-6,2504.7754883743014
NY_Z_C&E,NY_Z_C&E_biomass_1,4,1,365,0.0,0.0,0.0,0.0,6131.539356367867,1.5903361051678836e-5,6131.539372271228
NY_Z_C&E,NY_Z_C&E_small_hydroelectric_1,4,1,366,0.0,0.0,0.0,0.0,9005.051291130418,2.3356383062762752e-5,9005.0513144868
NY_Z_D,NY_Z_D_small_hydroelectric_1,5,1,367,0.0,0.0,0.0,0.0,1990.1129018745287,5.161751751498679e-6,1990.1129070362804
NY_Z_F,NY_Z_F_small_hydroelectric_1,6,1,368,0.0,0.0,0.0,0.0,4042.630144156856,1.0485361512710108e-5,4042.630154642218
NY_Z_G-I,NY_Z_G-I_small_hydroelectric_1,7,1,369,0.0,0.0,0.0,0.0,779.3396186727924,2.0213715703804946e-6,779.339620694164
PJM_EMAC,PJM_EMAC_biomass_1,10,1,370,0.0,0.0,1.883893103943115e-6,4.6273757790601966e-7,0.0,0.0,2.3466306818491348e-6
PJM_EMAC,PJM_EMAC_small_hydroelectric_1,10,1,371,0.0,0.0,3.4390804288319524e-8,8.447356936180738e-9,0.0,0.0,4.2838161224500264e-8
PJM_Rest,PJM_Rest_biomass_1,11,1,372,0.0,0.0,1.6289848875590584e-6,4.001248901738905e-7,0.0,0.0,2.029109777732949e-6
PJM_Rest,PJM_Rest_biomass_2,11,2,373,0.0,0.0,9.407327033221074e-7,2.31070633297142e-7,0.0,0.0,1.1718033366192495e-6
PJM_Rest,PJM_Rest_small_hydroelectric_1,11,1,374,0.0,0.0,1.0874851645245105e-6,2.671172000086032e-7,0.0,0.0,1.3546023645331137e-6
NENG_Rest,NENG_Rest_distributed_generation_1,1,1,375,0.0,0.0,0.0,0.0,0.0,0.0,0.0
NY_Z_A,NY_Z_A_distributed_generation_1,2,1,376,0.0,0.0,0.0,0.0,0.0,0.0,0.0
NY_Z_B,NY_Z_B_distributed_generation_1,3,1,377,0.0,0.0,0.0,0.0,0.0,0.0,0.0
NY_Z_C&E,NY_Z_C&E_distributed_generation_1,4,1,378,0.0,0.0,0.0,0.0,0.0,0.0,0.0
NY_Z_D,NY_Z_D_distributed_generation_1,5,1,379,0.0,0.0,0.0,0.0,0.0,0.0,0.0
NY_Z_F,NY_Z_F_distributed_generation_1,6,1,380,0.0,0.0,0.0,0.0,0.0,0.0,0.0
NY_Z_G-I,NY_Z_G-I_distributed_generation_1,7,1,381,0.0,0.0,0.0,0.0,0.0,0.0,0.0
NY_Z_J,NY_Z_J_distributed_generation_1,8,1,382,0.0,0.0,0.0,0.0,0.0,0.0,0.0
NY_Z_K,NY_Z_K_distributed_generation_1,9,1,383,0.0,0.0,0.0,0.0,0.0,0.0,0.0
PJM_EMAC,PJM_EMAC_distributed_generation_1,10,1,384,0.0,0.0,0.0,0.0,0.0,0.0,0.0
PJM_Rest,PJM_Rest_distributed_generation_1,11,1,385,0.0,0.0,0.0,0.0,0.0,0.0,0.0
