Costs,Total,Zone1,Zone2,Zone3,Zone4,Zone5,Zone6,Zone7,Zone8,Zone9,Zone10,Zone11,Zone12,Zone13,Zone14,Zone15,Zone16,Zone17,Zone18,Zone19,Zone20,Zone21,Zone22,Zone23,Zone24,Zone25,Zone26,planning_year,model,percent_total,case
cFix,63169602217.789856,2.2425519416100006e9,9.089076792100002e8,8.386954516999999e8,1.7484058957300003e9,1.8285290695700002e9,4.1223575147300005e9,1.42830783555e9,2.4005516794399996e9,3.51945923641e9,2.3979703400600004e9,1.049282719e8,1.3905356957500005e9,2.4936859275699997e9,1.2165388474900005e9,4.0540946206e9,4.428491856349999e9,2.1661181952099996e9,1.3219930501199996e9,1.7046554608700001e9,2.25298956158e9,4.31760910434e9,4.2759803550399995e9,3.0878650479400005e9,2.56758942804e9,5.26666734571e9,1.0841228052699997e9,2027,GenX,0.377,full-base-50
cVar,50951824915.22827,1.28269090158516e9,1.690537261527396e9,1.732361180051798e9,6.277051482966354e9,2.062275608629801e9,1.605775990382442e9,1.7277853213451817e9,3.653686111077242e9,2.1071240858260522e9,1.0418579022681168e9,7.269326138660868e8,1.113579747535546e9,1.7603311770352702e9,1.7268367387434099e9,5.654994878513213e9,5.27738829558173e9,3.7635784127720577e8,6.188161517950108e8,2.861682084027198e8,1.1944376407798195e9,3.38310922459427e9,2.857463874775844e9,4.647151199134187e9,1.790429978905962e9,4.643946099646379e9,4.885452072586421e8,2027,GenX,0.304,full-base-50
cNSE,106309287.09064104,10355.680348373311,10518.006430560086,10452.063618120912,10088.098849255719,9.553977583649102e7,9878.766772058774,9937.209484881636,9775.679406359566,10011.478236206643,10771.598857447087,1.0527011674392346e7,10050.637314005106,10527.169148367291,10248.304529443296,10200.448647411924,9969.673926208716,9642.621450171784,9652.104995942718,9806.826401055267,9704.315062430418,9845.0056994751,10120.486327845632,10176.87866011605,10311.225929140921,10210.897814785923,10244.401847179828,2027,GenX,0.001,full-base-50
cStart,628740803.9301666,4.419435468368613e6,1.7782218010683637e6,3.005375436669379e6,6.532914574045645e6,7.5505218482338535e6,4.866363046209785e7,9.386021920028023e6,9.587661015375463e6,9.909909145565596e7,870177.0386246279,4.2130611720430795e6,813326.9538424418,1.6651955900463432e7,2.736578565752159e6,2.5206110336785752e7,3.73394962562825e7,1.06489883381234e7,2.79360537793397e7,1.7207065259345554e7,4.808866789829698e7,1.9213708207745515e7,9.363306814302431e6,8.603573379930165e6,5.645472008303085e6,1.8633371475741795e8,1.784667328206564e7,2027,GenX,0.004,full-base-50
cUnmetRsv,0.0,-,-,-,-,-,-,-,-,-,-,-,-,-,-,-,-,-,-,-,-,-,-,-,-,-,-,2027,GenX,0.0,full-base-50
cNetworkExp,365905268.2789131,-,-,-,-,-,-,-,-,-,-,-,-,-,-,-,-,-,-,-,-,-,-,-,-,-,-,2027,GenX,0.002,full-base-50
cVOM,8775809808.265469,,,,,,,,,,,,,,,,,,,,,,,,,,,2027,GenX,0.052,full-base-50
cCO2,43516672419.14448,,,,,,,,,,,,,,,,,,,,,,,,,,,2027,GenX,0.26,full-base-50
cFix,99265535026.97012,3.232707705670001e9,1.66199988919e9,2.0912912025399997e9,4.528865697130001e9,3.6197433058300004e9,6.012128741550001e9,2.77554979106e9,3.2874165556200004e9,5.47924119916e9,3.9869874340199995e9,9.23212924e7,1.9931615097500002e9,2.499285724889999e9,2.4655478123299994e9,6.156577700669998e9,7.68512469703e9,2.89662743264e9,2.2355905650699997e9,1.9842078506199996e9,4.603340671389999e9,6.031039482290001e9,6.172049694330001e9,5.70445288838e9,3.4964530408500004e9,6.88930032563e9,1.68452281693e9,2030,GenX,0.574,full-base-50
cVar,37921815064.09125,7.639415283423568e8,1.357376663377105e9,1.299349543707897e9,4.700204419522819e9,1.719407803384732e9,1.0240104242506328e9,1.1872008812043638e9,2.417699553246324e9,1.5221133614110293e9,6.579231652125651e8,6.739014671845844e8,8.399174862846001e8,1.5544485959002619e9,1.2739618148552911e9,4.953471296493361e9,3.700403658364794e9,2.2669685472539327e8,3.018770855081786e8,1.6719185593330044e8,7.958916315241718e8,2.67918262964346e9,1.903663597559675e9,3.69594761912258e9,1.1252506081301937e9,3.4777869723619075e9,3.956080381512465e8,2030,GenX,0.219,full-base-50
cNSE,177321339.96718496,6455.10223174284,7122.417604429705,7000.489052284511,6306.850975317555,1.6323185946779135e8,6435.727806220913,6709.429580056112,6240.0516387389125,5879.263716228097,6894.966156095045,1.3932252309707016e7,6983.79012352131,6791.111971670378,6883.349181640837,6154.746047639493,6535.123689157179,6148.358550612611,6459.095870851707,6419.621252843174,6202.429956086633,6145.980159456572,6418.985011441908,6467.996029850059,6857.779541933604,6190.837457375803,7524.68608245484,2030,GenX,0.001,full-base-50
cStart,1646717612.5384712,2.594260064255685e7,2.553706950377411e7,4.318501936034458e7,1.271115260618403e8,3.54079914195973e7,8.949229062914138e7,4.617382425462385e7,1.0186126121151422e8,1.4067982743744516e8,1.5148165761268545e7,1.2691555833302591e7,1.1695354865244165e7,5.358037150184848e7,3.6272473920401365e7,7.602991368645057e7,1.5121200897915688e8,1.778843131456886e7,2.019463825342534e7,1.588025693132469e7,4.878086926070933e7,7.905522931751728e7,5.180289720292962e7,8.448161636979404e7,2.8370728784789473e7,2.790883486083206e8,2.92533414265795e7,2030,GenX,0.01,full-base-50
cUnmetRsv,0.0,-,-,-,-,-,-,-,-,-,-,-,-,-,-,-,-,-,-,-,-,-,-,-,-,-,-,2030,GenX,0.0,full-base-50
cNetworkExp,2559158841.262457,-,-,-,-,-,-,-,-,-,-,-,-,-,-,-,-,-,-,-,-,-,-,-,-,-,-,2030,GenX,0.015,full-base-50
cVOM,6492613491.301728,,,,,,,,,,,,,,,,,,,,,,,,,,,2030,GenX,0.038,full-base-50
cCO2,25019218432.654697,,,,,,,,,,,,,,,,,,,,,,,,,,,2030,GenX,0.145,full-base-50
cFix,120573162067.77985,4.153082183990001e9,2.17905409145e9,2.72852673816e9,5.618197929539999e9,5.355838327e9,6.78040639522e9,3.0609824708799996e9,3.7310493430499997e9,7.0657217779400015e9,5.310378562309999e9,7.4183556408e8,2.81890949387e9,3.0124879424400005e9,3.0778804566900005e9,7.148584618539999e9,8.38084326416e9,3.7740155268999996e9,2.631348155340001e9,2.09288236445e9,6.20014201201e9,6.532512704970002e9,7.0561176273e9,6.149481485190001e9,4.320665675200001e9,8.55240777242e9,2.0998095846800003e9,2035,GenX,0.571,full-base-50
cVar,44909627594.432816,1.0192335432627553e9,1.8052092076187112e9,1.8841417497465217e9,5.109401049179824e9,2.3909298526191816e9,1.4878887168942506e9,1.4318837979157982e9,2.6217245178617916e9,2.0288150844269614e9,8.904104716031759e8,1.1200626596883433e9,6.616575716830237e8,1.603106164092735e9,1.1186043705053492e9,5.796281595127389e9,4.1021736896961694e9,3.2869650573507315e8,3.4752119731611514e8,2.2043392032379505e8,8.27377939684021e8,3.2033037268660226e9,2.0799112393422644e9,4.241905146436841e9,1.401717787360597e9,3.8793168298429112e9,3.689036556586544e8,2035,GenX,0.213,full-base-50
cNSE,571392897.950009,15122.49242628173,16060.946983000704,15934.737023298094,13061.232469296272,4.467502755936615e8,13529.126579974189,15238.557377370531,13266.969183219797,4.516263213116425e6,2.8323291997531503e7,9.14919246170996e7,17244.909068646626,14011.499004878806,14781.942713694883,12837.30931593907,13976.705700252698,13209.802867062079,13600.483325814537,12919.656236866516,12938.222512238459,11589.233787221183,13775.183942928164,13314.461388688127,14977.852536530385,12839.954568664536,16911.249580097778,2035,GenX,0.003,full-base-50
cStart,3737431526.4399314,8.136972908008756e7,1.1838994584221986e8,1.494063457292526e8,4.192997075816324e8,6.221008718089466e7,2.221921244396501e8,8.775032803139041e7,2.02643197833137e8,2.3690743494155648e8,3.1275741935281e7,2.1778918870730408e7,2.0002077612694927e7,1.274877810453669e8,7.61958834081839e7,1.456546177167116e8,3.1099632503426826e8,5.1831835671487726e7,3.758277555533916e7,3.656938720189942e7,9.117205180242625e7,1.957010576216946e8,1.5596440407817218e8,2.6681447038237807e8,1.0929277759131227e8,4.4258281833551776e8,3.635970191686828e7,2035,GenX,0.018,full-base-50
cUnmetRsv,0.0,-,-,-,-,-,-,-,-,-,-,-,-,-,-,-,-,-,-,-,-,-,-,-,-,-,-,2035,GenX,0.0,full-base-50
cNetworkExp,3414857038.965416,-,-,-,-,-,-,-,-,-,-,-,-,-,-,-,-,-,-,-,-,-,-,-,-,-,-,2035,GenX,0.016,full-base-50
cVOM,7060984396.08371,,,,,,,,,,,,,,,,,,,,,,,,,,,2035,GenX,0.033,full-base-50
cCO2,30803031792.540707,,,,,,,,,,,,,,,,,,,,,,,,,,,2035,GenX,0.146,full-base-50
cFix,137094027838.99995,4.859802754400001e9,2.4875442542699995e9,3.8416343667899995e9,6.267015006849999e9,7.18596116964e9,6.82984462261e9,3.1220482532899985e9,3.998382927829999e9,8.408840964199999e9,6.365707356099999e9,9.562181918899999e8,3.16684566547e9,3.35095354845e9,3.22941004823e9,8.666339765270002e9,8.98169154845e9,4.865712403410001e9,2.8921614949599986e9,2.32216313232e9,7.125889727779999e9,6.971323266810001e9,7.709546388469999e9,6.580553879569999e9,4.6759535383e9,9.791105639379997e9,2.4413779242599993e9,2040,GenX,0.584,full-base-50
cVar,47755812265.34933,1.2914088735308697e9,1.8319326154881372e9,3.092297400925242e9,5.39215830211443e9,2.4111139789510584e9,1.7015921054491203e9,1.4487696854980216e9,2.362820663613362e9,2.4039410890760694e9,1.0960245337324078e9,1.0654490567007985e9,5.986062271847703e8,1.4224928413566163e9,8.838252266602167e8,6.107500431901967e9,4.958579116110679e9,2.5213837770310655e8,2.9110138392067575e8,1.8495412601588163e8,6.724759502053809e8,3.2865205610570498e9,2.2116289783739123e9,3.87017594372637e9,1.2959723759783854e9,3.992039379494346e9,3.0799091888940656e8,2040,GenX,0.203,full-base-50
cNSE,1089398642.8987775,3.913200903609856e7,10179.404060325502,2.6170641519411754e7,9841.921164055435,5.201361101817635e8,9963.000781679264,336002.54420445726,9650.014295265697,3.409617952931266e7,2.3971111609541744e8,1.710563166982725e8,10537.626746243994,10436.476429946822,4.0681263444501963e6,10676.259045794293,1.8379328038300467e6,11319.981115140377,9587.950143320297,9550.911987522675,9542.402451871862,6.071681421908247e6,9879.849874925969,9758.86945656992,10055.354273897352,4.6631540919206895e7,10005.783065169348,2040,GenX,0.005,full-base-50
cStart,5105419801.90693,1.6851309887460366e8,1.9764171643740052e8,3.0322420274331135e8,5.567061747070823e8,1.1178375500684059e8,2.5038110232604122e8,8.926146907997088e7,2.997322126755108e8,3.059088444793975e8,7.212725168770358e7,2.1190023796056233e7,2.3006192388441063e7,1.3289965423213519e8,6.926348195700246e7,1.8428680144403446e8,2.811138808275875e8,7.584284720583498e7,5.1667880248471886e7,4.431140845820823e7,1.1417235060434526e8,2.662901457730204e8,2.1173587958376902e8,4.344704728396547e8,2.0297409203511226e8,5.94404343368269e8,4.251051912693577e7,2040,GenX,0.022,full-base-50
cUnmetRsv,0.0,-,-,-,-,-,-,-,-,-,-,-,-,-,-,-,-,-,-,-,-,-,-,-,-,-,-,2040,GenX,0.0,full-base-50
cNetworkExp,5293467520.806429,-,-,-,-,-,-,-,-,-,-,-,-,-,-,-,-,-,-,-,-,-,-,-,-,-,-,2040,GenX,0.023,full-base-50
cVOM,6677697878.261576,,,,,,,,,,,,,,,,,,,,,,,,,,,2040,GenX,0.028,full-base-50
cCO2,31692134675.790333,,,,,,,,,,,,,,,,,,,,,,,,,,,2040,GenX,0.135,full-base-50
cFix,157111797538.26013,6.13220709578e9,3.5258357262599993e9,4.86476015579e9,7.154304757820001e9,7.792319782250001e9,7.741691035059999e9,3.44380396027e9,4.716157257839999e9,9.901444512050001e9,7.816993795000001e9,1.30111833871e9,3.40364942339e9,3.38670494261e9,3.9264535762e9,9.670246846269999e9,9.86655296589e9,5.5514618283e9,3.0779660400900006e9,2.7214424527000003e9,7.595285519950001e9,7.65237780395e9,8.69932646308e9,7.4861673448899975e9,5.586441058999999e9,1.1583831661059998e10,2.5132531940499997e9,2045,GenX,0.59,full-base-50
cVar,53494485691.76811,1.3299903381057127e9,2.1279529208286767e9,3.878146418965626e9,5.784268969879818e9,2.48731998629764e9,2.356446764345536e9,1.5263581808021019e9,2.532659049120755e9,2.73298461904692e9,1.7000155378312955e9,1.2246848033477004e9,6.161019360706966e8,1.3205575282460523e9,7.446148907577771e8,6.390104758116138e9,5.37660337481278e9,2.0797289193111545e8,2.389443952235149e8,1.479752290558082e8,5.167418457478167e8,3.745321316921157e9,2.6244915716832156e9,4.2376066497716827e9,1.5604666189555557e9,4.6008498966761055e9,2.1963155855439293e8,2045,GenX,0.201,full-base-50
cNSE,1468561589.3685174,1.1735672283414303e8,24388.953446200154,2.4868372884984173e7,1.929967538066397e7,5.484948468367004e8,1.8258019629214223e7,24277.219640697578,23620.82568425306,1.0936476218347856e8,1.0912653044301696e8,2.5005744594004667e8,24460.45984636512,25405.891965639395,2.8182220282336096e6,2.3365203117379243e6,1.4835785056254104e7,8.301758374995709e6,5.506373071747516e6,23157.869462949886,7.977586258116015e6,3.0711496596875355e7,5.335525863568927e7,2.2411399041304402e7,2.71950250844813e7,9.611599292657737e7,24484.63019847106,2045,GenX,0.006,full-base-50
cStart,5182466499.967562,1.7803186340397885e8,2.4166521417449382e8,2.9013635929043305e8,5.607961844059788e8,1.2628700212574384e8,2.3969227753876454e8,7.509629555940123e7,3.116247493100433e8,3.1448495729511523e8,1.1141763393974043e8,1.9064317653854635e7,2.405322708945764e7,1.0487641999839024e8,5.911517836658617e7,1.4857367272240794e8,2.317133825784021e8,7.05611064342592e7,4.245747474242528e7,3.570158139755485e7,1.0462728501645553e8,2.5816009227079558e8,2.3084419457772762e8,4.9059523410889167e8,2.2043580511294803e8,6.598012861061e8,3.265370474786808e7,2045,GenX,0.019,full-base-50
cUnmetRsv,0.0,-,-,-,-,-,-,-,-,-,-,-,-,-,-,-,-,-,-,-,-,-,-,-,-,-,-,2045,GenX,0.0,full-base-50
cNetworkExp,6075180082.532656,-,-,-,-,-,-,-,-,-,-,-,-,-,-,-,-,-,-,-,-,-,-,-,-,-,-,2045,GenX,0.023,full-base-50
cVOM,6734326359.279757,,,,,,,,,,,,,,,,,,,,,,,,,,,2045,GenX,0.025,full-base-50
cCO2,36003984647.77057,,,,,,,,,,,,,,,,,,,,,,,,,,,2045,GenX,0.135,full-base-50
cFix,170799576865.2396,6.86642389219e9,4.13656898542e9,6.156055391469999e9,7.98102357228e9,7.771440947860001e9,8.11477846484e9,3.683931925230001e9,4.988007432600002e9,1.074999244798e10,8.994686266519999e9,1.4020863240100002e9,3.3971351955899997e9,3.5225287583200006e9,4.50501593518e9,9.85228324866e9,1.0049560226359999e10,6.40881068864e9,3.1666412114700003e9,2.93653434513e9,7.977800524479999e9,8.600857525879997e9,9.39973326145e9,8.465460961329999e9,6.059222327219999e9,1.2700735352660002e10,2.9122616524700003e9,2050,GenX,0.61,full-base-50
cVar,54150146357.04359,1.3875988148834016e9,2.289438584515555e9,3.7992442827581897e9,5.860478005965553e9,2.4976645884397006e9,2.644489807505258e9,1.5148748803580081e9,2.728690364755181e9,2.5551567860377717e9,2.0485347055446308e9,1.2136065134227562e9,5.944889046318609e8,1.1539593354539208e9,5.65251192511985e8,6.553569773152593e9,5.28888063619447e9,2.9938742072382534e8,1.912111836529633e8,1.2591440476908514e8,4.0715357921925485e8,3.6953998705194488e9,2.484721986924966e9,4.386835961223614e9,1.4911141077741084e9,4.609293874191324e9,1.6042574149890012e8,2050,GenX,0.193,full-base-50
cNSE,1425468589.6028948,8.29478454939359e7,38375.84524620237,2.0205982840655353e7,2.8361402198382378e7,5.1764513163503957e8,3.688783667433748e7,1.0378085974262256e7,1.1242783313414203e7,8.966566159008808e7,1.363455534409923e8,1.4207731602622133e8,38344.572913068834,466173.06096652674,39462.8368982681,44994.1098450463,1.8866408204143632e7,1.206075703425387e7,1.813244976031251e7,40494.02339241504,5.769569458037315e6,3.793125324259632e7,7.280104839263877e7,3.820852398960566e7,5.243888606049396e7,9.2796016862618e7,38232.96160942155,2050,GenX,0.005,full-base-50
cStart,4561373078.364796,1.7081012401938012e8,2.8851839220406586e8,2.6894006336592555e8,5.858367471574482e8,1.3107813720730196e8,2.004559615925211e8,4.533482744044379e7,2.562814857988804e8,2.6319141192629892e8,1.218114205197448e8,1.5848014181717653e7,2.5475850818818692e7,5.651633825522274e7,4.6214303782392986e7,1.0804912305959588e8,1.5861074791282183e8,6.0538039837485544e7,2.6234707094645776e7,2.1867764398497455e7,8.023277584852202e7,1.5858488448990884e8,1.8830581312346232e8,3.842750939439318e8,1.9974040098649132e8,6.743516585158347e8,2.4268990883636102e7,2050,GenX,0.016,full-base-50
cUnmetRsv,0.0,-,-,-,-,-,-,-,-,-,-,-,-,-,-,-,-,-,-,-,-,-,-,-,-,-,-,2050,GenX,0.0,full-base-50
cNetworkExp,6391642680.934263,-,-,-,-,-,-,-,-,-,-,-,-,-,-,-,-,-,-,-,-,-,-,-,-,-,-,2050,GenX,0.023,full-base-50
cVOM,6397238949.578194,,,,,,,,,,,,,,,,,,,,,,,,,,,2050,GenX,0.023,full-base-50
cCO2,36378839563.48355,,,,,,,,,,,,,,,,,,,,,,,,,,,2050,GenX,0.13,full-base-50
cCO2,722820175726.1288,,,,,,,,,,,,,,,,,,,,,,,,,,,NPV,GenX,0.154,full-base-50
cFix,2610056000630.012,,,,,,,,,,,,,,,,,,,,,,,,,,,NPV,GenX,0.558,full-base-50
cNSE,16891314931.58144,,,,,,,,,,,,,,,,,,,,,,,,,,,NPV,GenX,0.004,full-base-50
cNetworkExp,83471201891.10304,,,,,,,,,,,,,,,,,,,,,,,,,,,NPV,GenX,0.018,full-base-50
cStart,73892714883.92558,,,,,,,,,,,,,,,,,,,,,,,,,,,NPV,GenX,0.016,full-base-50
cUnmetRsv,0.0,,,,,,,,,,,,,,,,,,,,,,,,,,,NPV,GenX,0.0,full-base-50
cVOM,149612211076.79205,,,,,,,,,,,,,,,,,,,,,,,,,,,NPV,GenX,0.032,full-base-50
cVar,1022017337342.5223,,,,,,,,,,,,,,,,,,,,,,,,,,,NPV,GenX,0.218,full-base-50
cFix,63164160874.89985,2.24124861869e9,9.0885655796e8,8.3869682022e8,1.7484419367799995e9,1.8274903890199997e9,4.122219405320001e9,1.4281735912699997e9,2.4003367338699994e9,3.519851625969999e9,2.39781919541e9,1.0490481847999999e8,1.39042560534e9,2.49367468829e9,1.21656542801e9,4.054115041559999e9,4.42827235248e9,2.1657183826e9,1.3220681141000006e9,1.7037684278500001e9,2.2525811907299995e9,4.3178552911e9,4.2755735628799996e9,3.08768254211e9,2.5673231854800005e9,5.26652994042e9,1.08396742896e9,2027,GenX,0.212,full-base-200
cVar,50952917501.748146,1.2836088551123168e9,1.690108924664888e9,1.7325016091959062e9,6.276918976662553e9,2.0630793833163497e9,1.6056019811056259e9,1.727720502844363e9,3.653704545257076e9,2.1071600387985275e9,1.0418859291365998e9,7.26784404400468e8,1.1134467196252632e9,1.76024864791044e9,1.7267371514695039e9,5.654990678646657e9,5.277157121961195e9,3.763234890274398e8,6.186308923212911e8,2.860862960164319e8,1.194388966972615e9,3.382948993111244e9,2.8577343964143133e9,4.647189622451321e9,1.791142009758776e9,4.644209077283431e9,4.884755205672431e8,2027,GenX,0.171,full-base-200
cNSE,106442503.0447353,11631.4509867669,11851.744584249358,11923.661956531883,11517.703742193102,9.563723636687237e7,11378.76520631408,11557.991671148076,11379.981395580224,11090.224696406513,11737.84417120605,1.0528708728616094e7,11920.378730115885,11695.80845460156,11703.891299443185,11469.571831557887,10816.241335648063,11197.652472515303,11376.453865189034,11413.495388274792,11229.738022674455,11281.295159134606,11586.013799835893,11600.276235187966,11691.121202865232,11576.562208334184,11930.080829984789,2027,GenX,0.0,full-base-200
cStart,629359968.8170992,4.421953010774859e6,1.794283847363944e6,3.026502431186094e6,6.5458990449119015e6,7.577092662390228e6,4.872534301223574e7,9.416403385582043e6,9.62140159439511e6,9.911975576405664e7,891086.5776273317,4.243453062527972e6,829026.3154771937,1.668242400933711e7,2.7499656539257276e6,2.52391596474463e7,3.739229670195087e7,1.0652191203305013e7,2.7943735222733855e7,1.7218603245291583e7,4.81167482633725e7,1.9256771319442354e7,9.382169997889016e6,8.636598818298634e6,5.641294593411588e6,1.8636690498950696e8,1.7868904442668147e7,2027,GenX,0.002,full-base-200
cUnmetRsv,0.0,-,-,-,-,-,-,-,-,-,-,-,-,-,-,-,-,-,-,-,-,-,-,-,-,-,-,2027,GenX,0.0,full-base-200
cNetworkExp,366012524.9351818,-,-,-,-,-,-,-,-,-,-,-,-,-,-,-,-,-,-,-,-,-,-,-,-,-,-,2027,GenX,0.001,full-base-200
cVOM,8775867232.27755,,,,,,,,,,,,,,,,,,,,,,,,,,,2027,GenX,0.029,full-base-200
cCO2,174066461690.04608,,,,,,,,,,,,,,,,,,,,,,,,,,,2027,GenX,0.584,full-base-200
cFix,129968423691.33998,3.753857547549999e9,2.40469530485e9,2.43190406044e9,7.689794074179998e9,5.077384021299999e9,6.83792345968e9,3.5327802402200003e9,4.1993826564199996e9,7.769386990669999e9,4.845302705570001e9,9.815564062e7,3.7488967098299994e9,2.7139369773499994e9,3.03159247883e9,7.068356379250003e9,1.0909604211199999e10,4.06696869416e9,2.618485647589999e9,2.3848938662599998e9,7.057375349780001e9,7.19516133778e9,7.304783339659999e9,6.938621317860001e9,4.513779431299999e9,9.42296116339e9,2.3524400856000004e9,2030,GenX,0.607,full-base-200
cVar,28855978576.541862,3.2379758354696226e8,1.220323615612599e9,1.1206965392304375e9,4.534146759087592e9,9.882839260486894e8,1.3274060041247747e9,1.116182545071638e9,1.4920956339826288e9,7.338693895188466e8,2.1644069125445554e8,3.041587875914104e8,5.833042165014337e8,1.1807562000829635e9,7.682334420314745e8,3.168561237973854e9,5.374892930911369e9,6.119685013491548e7,1.5590908321433285e8,8.352266153629282e7,3.3361271371838653e8,2.9058250333997164e9,1.4403105854371543e9,3.309780415940637e9,6.091114229120604e8,2.6946189146021132e9,2.0288267696934852e8,2030,GenX,0.135,full-base-200
cNSE,52434980.04696678,11546.51970790376,11598.254397875759,11641.712603761089,11586.543093939728,5.214586548519877e7,11538.492908033986,11537.90373900133,11501.757226865113,11510.962331379527,11617.53897957284,11759.617499078908,11571.401546194751,11619.700959615639,11604.32798100411,11636.62465638839,11659.416403975963,11371.101998338116,11418.442671656689,11405.186027147174,11454.620591200402,11553.610322516895,11587.159322836818,11623.87122442821,11591.707293030064,11600.062406475681,11578.025875146632,2030,GenX,0.0,full-base-200
cStart,3622870242.636069,4.205817282231693e7,9.673392902014615e7,1.017065782924296e8,4.969240898258603e8,9.914253001414451e7,1.1904533793586352e8,9.301465960171482e7,1.8215113956276357e8,1.1585585914368524e8,1.7225522824852455e7,4.304611932462185e7,3.954084821858531e7,6.867057499718963e7,8.052478548356912e7,4.091777413770148e8,4.346887174835008e8,1.1476883678635027e7,1.472344225115672e7,1.0663432212891094e7,6.187373308855129e7,1.6342305623024654e8,1.3447032284856778e8,3.3872899325649714e8,4.7352442304410204e7,3.6332859947624767e8,3.7322731360876895e7,2030,GenX,0.017,full-base-200
cUnmetRsv,0.0,-,-,-,-,-,-,-,-,-,-,-,-,-,-,-,-,-,-,-,-,-,-,-,-,-,-,2030,GenX,0.0,full-base-200
cNetworkExp,6004463898.492725,-,-,-,-,-,-,-,-,-,-,-,-,-,-,-,-,-,-,-,-,-,-,-,-,-,-,2030,GenX,0.028,full-base-200
cVOM,7393941283.889906,,,,,,,,,,,,,,,,,,,,,,,,,,,2030,GenX,0.035,full-base-200
cCO2,38090655764.98166,,,,,,,,,,,,,,,,,,,,,,,,,,,2030,GenX,0.178,full-base-200
cFix,167125258835.9498,5.33721065062e9,3.59701459904e9,4.35101545416e9,9.382475353789997e9,7.434218229070001e9,8.801911252789997e9,4.22432229567e9,5.12709503609e9,1.0190980050560001e10,6.1181335882699995e9,9.745675817999998e7,4.73594322788e9,3.33505079697e9,3.732268069129999e9,7.20850870645e9,1.6628972221659998e10,5.669542282099999e9,2.8789889288599997e9,2.76679415023e9,8.4357907782699995e9,8.48328605707e9,8.78196693164e9,9.046269924510002e9,5.001544318940001e9,1.306990927806e10,2.68858989594e9,2035,GenX,0.649,full-base-200
cVar,36784106384.09306,3.0492656644763863e8,1.757091080522153e9,2.24258910329447e9,5.347799539213127e9,1.177456467880525e9,2.327892848421288e9,1.3800832146623645e9,2.041242979628411e9,1.7464663285676334e9,3.2234485190002584e8,1.5530097237474394e8,4.5300484318771523e8,1.0592108023252183e9,6.460846833326819e8,2.4141491683638344e9,9.41889654439543e9,4.2658205285461694e7,1.381384523926406e8,7.80345511786511e7,2.4587530201045096e8,3.472832934358079e9,2.0736451157714343e9,4.1593623221946154e9,5.941646755792016e8,3.732941726997349e9,1.2881525754418924e8,2035,GenX,0.143,full-base-200
cNSE,297924405.8008821,10720.558669878163,10623.470986898996,10579.7313718216,10352.069190539367,2.86869584708948e8,10178.219292810636,10384.402579704329,10094.206460273163,10290.236579600201,10852.356836764775,1.0804992072870502e7,10853.304235471274,10995.499907783866,10524.177008153849,10400.00584939375,10779.66995913437,9686.850790033983,9991.948745917573,10008.731807274715,10019.848606821444,10205.087058947933,10368.13818073607,10294.14601551375,10489.888271828739,10230.223353079882,10906.247323716625,2035,GenX,0.001,full-base-200
cStart,6539237150.82517,9.043111609139293e7,1.9820472845936638e8,3.172218808003573e8,7.7852701937178e8,1.901146492135267e8,2.785880198528489e8,1.5745516297456616e8,3.2982566323217404e8,2.8068419497654974e8,5.211372168538231e7,6.16987610524043e7,5.0412021140745364e7,7.849553836815222e7,1.3117421768522422e8,5.010870014064734e8,9.43775268649869e8,1.5970901632780595e7,1.8795730984478112e7,1.2224103834458636e7,7.794823468256894e7,3.5611941218199104e8,2.6856625320472956e8,6.10559031399681e8,8.916502000856519e7,6.134325608643612e8,3.664693707050495e7,2035,GenX,0.025,full-base-200
cUnmetRsv,0.0,-,-,-,-,-,-,-,-,-,-,-,-,-,-,-,-,-,-,-,-,-,-,-,-,-,-,2035,GenX,0.0,full-base-200
cNetworkExp,8669693950.26949,-,-,-,-,-,-,-,-,-,-,-,-,-,-,-,-,-,-,-,-,-,-,-,-,-,-,2035,GenX,0.034,full-base-200
cVOM,10676902153.758602,,,,,,,,,,,,,,,,,,,,,,,,,,,2035,GenX,0.041,full-base-200
cCO2,27485624710.469925,,,,,,,,,,,,,,,,,,,,,,,,,,,2035,GenX,0.107,full-base-200
cFix,188702483490.98972,6.259196068630001e9,4.0693113934799995e9,5.739882038560001e9,1.0544424750050001e10,9.963487794800003e9,9.60498458896e9,4.397854546820001e9,5.6539897382e9,1.1921726067470001e10,7.53907754642e9,2.3944675122999996e8,4.89972727812e9,3.49067608164e9,4.0285927894499993e9,7.03158589497e9,1.9200736741989998e10,6.1625539337300005e9,3.18381453176e9,3.0706858534300003e9,9.024443678859999e9,9.128097913270002e9,9.62980763584e9,9.97278789286e9,6.015844677999999e9,1.505996960998e10,2.86977769247e9,2040,GenX,0.653,full-base-200
cVar,41796017915.43596,3.285880026955987e8,2.200179412018776e9,3.301462440820107e9,5.752881574044196e9,1.072424643741446e9,2.579514903656153e9,1.5378628458739016e9,2.3262633545989323e9,2.152923852111002e9,8.079738505573735e8,1.393304326598325e8,4.205454342907052e8,1.0294781186050497e9,5.877287128558706e8,2.0802320727451463e9,1.1524213821199804e10,2.974794379400787e8,1.3692648320350406e8,8.379786784256658e7,2.1725141501668715e8,3.8900283869417176e9,2.235671178865783e9,4.423507971933165e9,6.571612338472569e8,4.1401980941977067e9,1.069935133397409e8,2040,GenX,0.145,full-base-200
cNSE,451212403.4289067,12717.980529849425,12403.22768655213,12420.20459661371,12130.974356188708,4.207820215336128e8,12189.559610621647,13017.167326722329,11894.478301979882,11985.701941430561,1.8820807619021136e7,1.132712851781381e7,12873.69730341927,13158.762594264228,12444.366300289066,11953.348202300673,12153.954840591115,12191.908765962793,11809.066711927711,11735.208382195575,11741.56727296829,12304.151936902177,12052.982795107107,11858.412936611747,12501.927894208535,11897.756155402129,13009.35202905552,2040,GenX,0.002,full-base-200
cStart,9314179407.696198,1.4735955748571217e8,3.912513381100818e8,7.112511469835843e8,1.028166346758638e9,1.7001054962249228e8,3.8659537626117456e8,2.0584194683703163e8,4.6236553672961414e8,4.114719844219041e8,1.5787278398501197e8,5.986183979813086e7,5.67568055167079e7,1.0125762695764002e8,1.5107492028545016e8,5.3578744560627675e8,1.3172857206973004e9,8.365142661618361e7,2.53968276158429e7,1.685933750846549e7,9.94227882841543e7,5.072301781495342e8,3.8955384538735604e8,8.015286977231007e8,1.731970403120311e8,8.762986222458346e8,4.682971779723206e7,2040,GenX,0.032,full-base-200
cUnmetRsv,0.0,-,-,-,-,-,-,-,-,-,-,-,-,-,-,-,-,-,-,-,-,-,-,-,-,-,-,2040,GenX,0.0,full-base-200
cNetworkExp,10552786283.67644,-,-,-,-,-,-,-,-,-,-,-,-,-,-,-,-,-,-,-,-,-,-,-,-,-,-,2040,GenX,0.037,full-base-200
cVOM,12234601140.119717,,,,,,,,,,,,,,,,,,,,,,,,,,,2040,GenX,0.042,full-base-200
cCO2,25738724445.55591,,,,,,,,,,,,,,,,,,,,,,,,,,,2040,GenX,0.089,full-base-200
cFix,214111509857.54984,7.519982300969999e9,5.0555071447e9,7.09803217063e9,1.160801103266e10,1.1165886259669998e10,1.0442410135119999e10,4.79653735319e9,6.368303179790001e9,1.3689684975770004e10,9.06972612938e9,3.7233773567e8,5.28572621426e9,3.5834466193800006e9,4.57553019254e9,7.7561715162300005e9,2.1397028693809998e10,7.400397874610002e9,3.3845224884000006e9,3.47342786355e9,1.013314784846e10,1.005788043403e10,1.090170074031e10,1.154211997308e10,7.4263739717699995e9,1.687454812018e10,3.133068889390001e9,2045,GenX,0.655,full-base-200
cVar,47780023382.081665,3.164254671503032e8,2.859801054372043e9,4.129532541378937e9,6.563808782251621e9,1.07517489446314e9,2.8859105648086634e9,1.7581567313343146e9,2.7091107223065376e9,2.82948897575233e9,1.4442278535656917e9,1.3931503343554646e8,4.156774314482737e8,1.0288204969075638e9,5.768907916436075e8,1.942083780295817e9,1.3479316329573046e10,2.8932160484211236e8,1.4331632398617536e8,8.807789585095444e7,2.142084999628904e8,4.548556852950475e9,2.6174743546359243e9,4.795296904088892e9,6.553858535062617e8,4.500318166117244e9,1.0246233443074386e8,2045,GenX,0.146,full-base-200
cNSE,607414946.6069112,1.4227621925992839e7,22830.151382522276,22942.997192079805,22729.013628916127,4.750913641240146e8,22780.978173097512,22768.520368019723,22527.25877395602,1.7921813132615017e6,1.0014522904295287e8,1.5680643545038642e7,22983.913744865757,23025.253080021233,22831.814720513765,23049.62807232713,22923.400628401978,22563.574355443423,22481.562048751868,22145.031453060004,22657.075742924604,22806.1212536359,22714.71277073141,22697.689841446998,22859.031813359456,22814.695706245067,22774.230882360283,2045,GenX,0.002,full-base-200
cStart,10733690883.686398,1.3679316621101e8,4.990415085237748e8,8.085566535994428e8,1.1836096366030169e9,1.6931122520993188e8,4.540404932778214e8,2.444487162053962e8,5.655411048097558e8,5.257461228898357e8,2.5971644048480728e8,5.4898915875898056e7,5.892825132138334e7,1.0650054489314649e8,1.550618067057126e8,5.057146529480142e8,1.4606844302729e9,8.713226110760105e7,3.0831215503239863e7,2.0325358853902485e7,1.0749744709315713e8,6.423657529317939e8,4.9211808142199004e8,9.536837619779608e8,1.6385458727391377e8,9.978059731702108e8,4.9482774521144934e7,2045,GenX,0.033,full-base-200
cUnmetRsv,0.0,-,-,-,-,-,-,-,-,-,-,-,-,-,-,-,-,-,-,-,-,-,-,-,-,-,-,2045,GenX,0.0,full-base-200
cNetworkExp,12405485594.807615,-,-,-,-,-,-,-,-,-,-,-,-,-,-,-,-,-,-,-,-,-,-,-,-,-,-,2045,GenX,0.038,full-base-200
cVOM,14328136858.931004,,,,,,,,,,,,,,,,,,,,,,,,,,,2045,GenX,0.044,full-base-200
cCO2,26986790270.01325,,,,,,,,,,,,,,,,,,,,,,,,,,,2045,GenX,0.083,full-base-200
cFix,233758542149.98965,8.58105291113e9,5.833203854370001e9,8.991505135140001e9,1.2737327483639997e10,1.1648528325469997e10,1.0984684522419998e10,5.10662471792e9,6.850033305789999e9,1.4584351964859995e10,1.0642835365690002e10,4.5985821737e8,5.568871038410001e9,4.02061225259e9,5.630491769139999e9,8.11054431807e9,2.223332307267e10,7.945107978909999e9,3.92440121629e9,3.8548156191500006e9,1.0501825611590002e10,1.1007488242770004e10,1.1833616305630001e10,1.2170885503580004e10,8.57015229161e9,1.846751446152e10,3.49888666426e9,2050,GenX,0.678,full-base-200
cVar,48406165612.2798,2.7316042653322005e8,2.963797311991365e9,4.0391862613200293e9,6.633934741336497e9,1.0356112964932805e9,3.282888658090865e9,1.8785780087216947e9,3.006288182726396e9,2.701967353654526e9,1.776299288981903e9,1.2237165460315634e8,3.09884785658082e8,1.2365585137988555e9,4.966805272195492e8,1.8159993121140935e9,1.3414066514295467e10,2.4815398535903376e8,1.3093703162996648e8,8.041870197824278e7,1.718231209750485e8,4.675381146412389e9,2.620629326454916e9,4.778166113302072e9,5.414006874981891e8,4.79038042357621e9,8.413868792641361e7,2050,GenX,0.14,full-base-200
cNSE,627506113.5426632,1.4880313226775564e7,36305.043505660244,36028.01833756084,36269.59827859087,3.923056198941481e8,35991.14317093182,1.515502627403442e6,35957.21940060935,2.8583118373758577e7,1.709634008839112e8,3.1941790843636845e6,36757.17788844301,36318.98518801178,36547.403191750636,36715.338867415354,36271.50130823135,36722.24314261734,35843.89657942107,35759.84154328074,36115.87443035988,36345.46129142036,36007.825589064865,36005.52811406321,36216.56938155633,1.5375136454464694e7,36664.328608920274,2050,GenX,0.002,full-base-200
cStart,10357624842.121824,1.0558975284155628e8,5.292795691773358e8,6.817083270232455e8,1.2840179378993993e9,1.5706708497350684e8,4.6869773033037513e8,2.3431877170453304e8,5.80841094119781e8,4.3126907625999933e8,2.8411727816586864e8,4.229708878414058e7,4.5313343816560246e7,1.2490965268502252e8,1.0241946635505445e8,4.2367712865195465e8,1.401917242526823e9,6.725419828762597e7,2.1032162261584256e7,1.4676022711854605e7,8.604467443285884e7,6.748612424959372e8,4.678628552583537e8,1.0144437009011395e9,9.793056312481731e7,9.723625911585184e8,4.371628617395189e7,2050,GenX,0.03,full-base-200
cUnmetRsv,0.0,-,-,-,-,-,-,-,-,-,-,-,-,-,-,-,-,-,-,-,-,-,-,-,-,-,-,2050,GenX,0.0,full-base-200
cNetworkExp,13012502216.693079,-,-,-,-,-,-,-,-,-,-,-,-,-,-,-,-,-,-,-,-,-,-,-,-,-,-,2050,GenX,0.038,full-base-200
cVOM,14702536450.362768,,,,,,,,,,,,,,,,,,,,,,,,,,,2050,GenX,0.043,full-base-200
cCO2,23804431064.04621,,,,,,,,,,,,,,,,,,,,,,,,,,,2050,GenX,0.069,full-base-200
cFix,64759971116.38,2.3588652156e9,9.974754504000001e8,8.795137773e8,1.9305278021999998e9,1.91751844501e9,4.10545132629e9,1.4664692821e9,2.46077007934e9,3.5929769923e9,2.464642101e9,1.1571108439999999e8,1.4198865014e9,2.4959262239e9,1.3228510673e9,4.1896042387e9,4.51984510136e9,2.27564229949e9,1.1386373753e9,1.63851286476e9,2.22196175265e9,4.394867748200001e9,4.364893502e9,3.3264135021000004e9,2.62178193582e9,5.45872116426e9,1.0805042832e9,2027,SWITCH,0.217,full-base-200
cVar,49282669266.26647,1.0974427631186235e9,1.4779122612679918e9,1.6298893986250317e9,6.209370543335571e9,1.837291203045231e9,1.6413084040727582e9,1.6790812806476252e9,3.617998591700957e9,2.0754662202690396e9,8.705479001995742e8,6.01056264656048e8,1.1411641549813652e9,1.7410573816760786e9,1.6745462580097475e9,5.728388419500521e9,5.285213674372337e9,3.871742850748977e8,6.897879865877969e8,3.244139194759926e8,1.192440837322413e9,3.3061559594919715e9,2.8092031136510067e9,4.426632117281611e9,1.5050978113215492e9,4.54889179965161e9,4.785062094530685e8,2027,SWITCH,0.165,full-base-200
cNSE,46582971.52446325,13964.199431563906,14404.727810530096,14503.807149145123,15639.79131756644,4.6099803581226744e7,15252.421181579968,14768.16387734628,15434.805459789639,15684.512380514074,14629.659393849088,123812.92861626776,14590.535128236006,14842.347963719276,15181.177884486588,15851.698947930128,15476.527503416448,14055.256527002794,14936.986455500362,14672.704803696744,14839.139268328061,15245.77502752753,15157.922154274966,15592.321385589372,14694.660658935096,16099.768644331221,13836.104263811823,2027,SWITCH,0.0,full-base-200
cStart,527270703.3567938,3.919694053278841e6,1.751271503851232e6,3.7292512490829704e6,3.3495633865972147e6,5.872365684614242e6,3.906890363258485e7,4.645326217172914e6,4.500036028383377e6,8.540822157383597e7,771692.271751863,3.0965501979756257e6,364177.5735710398,1.3507479299072778e7,1.8344004543364914e6,1.8195110997992173e7,1.9684984815414675e7,1.1551162878940038e7,2.5695144196206767e7,1.8503826574822243e7,4.350278907963997e7,1.0452610771940507e7,6.562623932727251e6,3.290320930568137e6,5.478538600309408e6,1.758876526371137e8,1.6647004815028425e7,2027,SWITCH,0.002,full-base-200
cUnmetRsv,0.0,-,-,-,-,-,-,-,-,-,-,-,-,-,-,-,-,-,-,-,-,-,-,-,-,-,-,2027,SWITCH,0.0,full-base-200
cNetworkExp,396022255.4138483,-,-,-,-,-,-,-,-,-,-,-,-,-,-,-,-,-,-,-,-,-,-,-,-,-,-,2027,SWITCH,0.001,full-base-200
cVOM,8693369492.498339,,,,,,,,,,,,,,,,,,,,,,,,,,,2027,SWITCH,0.029,full-base-200
cCO2,174147698718.51657,,,,,,,,,,,,,,,,,,,,,,,,,,,2027,SWITCH,0.585,full-base-200
cFix,129723394723.46,3.8257964226499996e9,2.6284073996e9,2.62695086274e9,7.82448563436e9,5.187080104799999e9,7.04705479246e9,2.93115793868e9,4.30333224659e9,7.67492809688e9,4.831068785889999e9,9.31909004e7,3.6989039813900003e9,2.76110174235e9,3.1517763845299997e9,7.34531402137e9,1.087029131043e10,3.8790444926899996e9,2.1158600860400002e9,2.16288676382e9,6.70275898738e9,7.24669325702e9,7.328068490449999e9,7.27019930047e9,4.48201195324e9,9.65587747058e9,2.07915329665e9,2030,SWITCH,0.612,full-base-200
cVar,28949151733.300583,2.770989136179546e8,1.0939526548909612e9,1.0420117343032578e9,4.492646175959111e9,9.933576767235658e8,1.4398343466927097e9,1.1627066242470098e9,1.6114419908906465e9,1.0407892548671011e9,2.4487421244876206e8,2.6312047180782443e8,5.75097574770643e8,1.1825983039566188e9,7.285582715440712e8,3.3293348685469193e9,5.258799214572383e9,5.53879009275606e7,1.606373655757749e8,8.356441212580422e7,3.686315527974193e8,2.7998158074448724e9,1.463421309404016e9,3.297300302224916e9,5.44787635104191e8,2.8246473340540137e9,2.0898199837230602e8,2030,SWITCH,0.137,full-base-200
cNSE,4098982.0149751217,161530.81030056608,162201.5099448152,155886.65314583865,148981.05789849564,165717.2982705098,153696.793514547,163788.17585395463,153162.4185383101,142368.2019808931,159910.68873826374,169727.0671980129,164553.38898695714,166205.79477977322,159669.72620376604,151904.1168134717,164471.89850527782,150661.6271033876,158580.7770663303,163704.82456834108,156722.6631642272,140345.7421468086,153843.54982297166,156301.60700812127,163875.61430616185,147443.0338716473,163726.9752436619,2030,SWITCH,0.0,full-base-200
cStart,3007731989.718944,3.2737358612758923e7,7.541957425267173e7,8.94024226029171e7,4.544763744816481e8,7.975939231146538e7,1.1265311680970182e8,5.702499606069581e7,1.6753185748622617e8,1.1700127932422897e8,1.3715006648290066e7,3.311101695260293e7,2.71543777857842e7,4.507185694512997e7,4.874249939040712e7,3.058821813976129e8,3.374767736554495e8,8.823713994145675e6,1.2535827281163761e7,8.37778711536747e6,5.2855174854770236e7,1.3859761788638368e8,1.0637820238214962e8,2.777332444062037e8,3.607866472297545e7,3.3502992993442696e8,3.416174242362887e7,2030,SWITCH,0.014,full-base-200
cUnmetRsv,0.0,-,-,-,-,-,-,-,-,-,-,-,-,-,-,-,-,-,-,-,-,-,-,-,-,-,-,2030,SWITCH,0.0,full-base-200
cNetworkExp,5792646013.220819,-,-,-,-,-,-,-,-,-,-,-,-,-,-,-,-,-,-,-,-,-,-,-,-,-,-,2030,SWITCH,0.027,full-base-200
cVOM,7594246174.59427,,,,,,,,,,,,,,,,,,,,,,,,,,,2030,SWITCH,0.036,full-base-200
cCO2,36764706333.385254,,,,,,,,,,,,,,,,,,,,,,,,,,,2030,SWITCH,0.174,full-base-200
cFix,166702439574.6299,5.39812342916e9,3.7359358267199993e9,4.58483787373e9,9.56982909318e9,7.621292065389999e9,9.02690922002e9,3.6362551153099995e9,5.26247142969e9,1.005147823023e10,6.20434116984e9,8.898105039999999e7,4.713447686950001e9,3.25177325321e9,3.79519004246e9,7.57545409679e9,1.6390252457330002e10,5.381784728639999e9,2.5479694562e9,2.6303862804700003e9,7.94262787066e9,8.633989465580002e9,8.870420168759998e9,9.192204795150002e9,5.22896113819e9,1.301863049372e10,2.34889313685e9,2035,SWITCH,0.652,full-base-200
cVar,36923200779.20555,2.7066869407449853e8,1.6835454927761245e9,2.1000842518398378e9,5.268871158893494e9,1.158003597007172e9,2.4497257774140215e9,1.4499249626305935e9,2.160705760163483e9,1.9839193732248356e9,3.7070570579726785e8,1.2251151367667802e8,4.4432994981626105e8,1.0651407668840876e9,6.646707487510757e8,2.470424244981219e9,9.320572547159294e9,3.875852963349559e7,1.3671347969802156e8,7.575560206953634e7,2.469434995430514e8,3.4121691509733973e9,2.0664389574984326e9,4.261187449188919e9,5.641428455356078e8,3.8926855611960063e9,1.3074042163394669e8,2035,SWITCH,0.144,full-base-200
cNSE,179852262.50753132,10073.975564962682,10570.579268118603,11210.625378565797,10497.935559111527,1.79126665233557e8,10319.66026153264,10323.213482693158,10256.306481737343,9834.223491250028,10511.994416882431,479282.98289389483,10279.605691962302,10028.205249094748,10243.225275209132,10466.241139399659,10989.044339039032,9411.143670903792,9538.74907368716,9026.461720084928,9696.547632166017,10184.24884609263,10540.56670725094,10642.898544472024,10648.476142095078,11016.590420417786,10003.77272245623,2035,SWITCH,0.001,full-base-200
cStart,6545888275.885276,8.51529427419077e7,1.8648805425905305e8,3.133747447544168e8,7.787487133174857e8,1.7415674111903816e8,2.9034090402107453e8,1.2662224063499956e8,3.5025801949074495e8,3.045126722218668e8,5.385352907203651e7,5.7787366743865736e7,4.753902775355398e7,7.880191880775444e7,1.2926206160152933e8,5.255812096389886e8,9.396994568736215e8,1.4599072940892912e7,1.8455216448929925e7,1.1252197731379513e7,7.810320870170404e7,3.5449775497273e8,2.700063435922015e8,6.090816584058695e8,8.620007191286343e7,6.23114856188752e8,3.8398291938278176e7,2035,SWITCH,0.026,full-base-200
cUnmetRsv,0.0,-,-,-,-,-,-,-,-,-,-,-,-,-,-,-,-,-,-,-,-,-,-,-,-,-,-,2035,SWITCH,0.0,full-base-200
cNetworkExp,8498787325.030578,-,-,-,-,-,-,-,-,-,-,-,-,-,-,-,-,-,-,-,-,-,-,-,-,-,-,2035,SWITCH,0.033,full-base-200
cVOM,10886139262.802147,,,,,,,,,,,,,,,,,,,,,,,,,,,2035,SWITCH,0.043,full-base-200
cCO2,25943525712.723557,,,,,,,,,,,,,,,,,,,,,,,,,,,2035,SWITCH,0.101,full-base-200
cFix,186796317102.85,6.323989216900001e9,4.14883186557e9,5.998990955890001e9,1.0675671425e10,1.0024792738789999e10,9.64434496434e9,3.7828895758099995e9,5.91757261837e9,1.1898944153119999e10,7.57111902192e9,2.5912179224e8,4.840747172559999e9,3.22764937392e9,4.0825112959700003e9,7.374178759950001e9,1.899722531473e10,5.925085602860001e9,2.8095535998199997e9,2.96175226809e9,8.40154166706e9,9.22654493079e9,9.67397771448e9,9.727338278380001e9,6.12607079508e9,1.45661340843e10,2.60973791691e9,2040,SWITCH,0.65,full-base-200
cVar,42534487069.10861,3.1118638148028415e8,2.193601249994643e9,3.122113018379971e9,5.765083239874323e9,1.0779200771117804e9,2.754078534674905e9,1.6165755037860532e9,2.470247387022201e9,2.3794271549007425e9,8.666760486882851e8,1.2069285048718008e8,4.1719475023007977e8,1.0445357575473026e9,6.166031084626755e8,2.167524823289615e9,1.1402884435935274e10,2.9626892273164606e8,1.3657718869268686e8,8.180519876666263e7,2.3571874027015635e8,3.873628133765416e9,2.2572939951563463e9,4.664675868781531e9,6.344991458484733e8,4.442868869952819e9,1.159320126108621e8,2040,SWITCH,0.148,full-base-200
cNSE,356941245.73110217,15501.55253589438,13297.489561317767,12401.12285143571,12103.006685582874,3.5101645551781654e8,12900.605675670216,15182.44901323196,12401.970337608442,12263.667226973175,5.605871039052096e6,15515.464276574343,13808.272601343004,14815.202708642173,13367.927528391032,12788.543847151732,12854.411846278614,13299.936233731532,13145.721703345276,13545.8452618126,12997.629164505715,12617.562258969927,12587.416645617208,12010.039771867634,13277.715256181711,12002.020837752832,14233.600370896413,2040,SWITCH,0.001,full-base-200
cStart,9230387900.57006,1.36927318939021e8,3.822778671273254e8,6.429430262379413e8,1.0330478455121922e9,1.6454237205194864e8,3.988509423556589e8,1.7169920136194625e8,4.911876759266175e8,4.323181308472824e8,1.610232303012862e8,5.755026241323448e7,5.508876234005165e7,1.0348160116496086e8,1.507937863691748e8,5.620767468435981e8,1.2910675801743507e9,7.962742965755384e7,2.528870361539761e7,1.6599653283302274e7,1.0262075986200717e8,5.09260738532378e8,3.8500435713903266e8,8.088078788316718e8,1.5208644678198186e8,8.679610711091499e8,4.825451179092178e7,2040,SWITCH,0.032,full-base-200
cUnmetRsv,0.0,-,-,-,-,-,-,-,-,-,-,-,-,-,-,-,-,-,-,-,-,-,-,-,-,-,-,2040,SWITCH,0.0,full-base-200
cNetworkExp,10260268567.764992,-,-,-,-,-,-,-,-,-,-,-,-,-,-,-,-,-,-,-,-,-,-,-,-,-,-,2040,SWITCH,0.036,full-base-200
cVOM,12531125329.314667,,,,,,,,,,,,,,,,,,,,,,,,,,,2040,SWITCH,0.044,full-base-200
cCO2,25560380523.623352,,,,,,,,,,,,,,,,,,,,,,,,,,,2040,SWITCH,0.089,full-base-200
cFix,211083807161.6501,7.59428367658e9,5.11133523913e9,7.48300824567e9,1.188061748108e10,1.124071882013e10,1.0500846050759998e10,4.1683989865600004e9,6.765092375059999e9,1.348322045125e10,9.10697204999e9,3.6533937322e8,5.22289513544e9,3.42700168224e9,4.8749482867e9,7.775785506640001e9,2.128038030936e10,7.15222920443e9,3.03981215987e9,3.2493724187000003e9,9.433202271369999e9,1.0081157769650002e10,1.0890299884e10,1.072360271954e10,7.47269914649e9,1.6026434231e10,2.7341536867900004e9,2045,SWITCH,0.649,full-base-200
cVar,49035258150.9306,3.0651483116015583e8,2.831703209524972e9,4.0722714373788557e9,6.491916816541063e9,1.0550731269847531e9,3.0613391341069994e9,1.8554152649428997e9,2.975360652921363e9,2.8796763625982747e9,1.4707733664900641e9,1.240278910600581e8,4.14626614978786e8,1.1578774491152763e9,5.921642946776245e8,2.0388864647897496e9,1.3421225142840595e10,2.925525276766961e8,1.4513817881632146e8,8.539318155937594e7,2.283396626679741e8,4.541393447398779e9,2.6069043262938566e9,5.309296851794683e9,6.322789073607241e8,5.072316153908189e9,1.1188865551686807e8,2045,SWITCH,0.151,full-base-200
cNSE,464241842.9861088,1.6159615294678481e6,7356.417737295918,7023.865355626903,7016.363622365426,3.9686929183511233e8,7248.429661930184,7948.856716544276,6962.071961731894,6956.969725794617,6.5590983600090735e7,7750.176365903116,7418.200059002765,7683.392375983859,7215.494723876529,6997.437871214879,7221.173918657343,6934.550399512869,7162.0676491563445,7139.46021065312,6924.164974581205,7168.089318559275,6997.523767012541,6997.285368131557,7105.190927641795,6996.826377882845,7382.012349062672,2045,SWITCH,0.001,full-base-200
cStart,10546705152.155102,1.2590933970416237e8,4.962473251319373e8,7.546287733633467e8,1.1526055709120767e9,1.6496057925265417e8,4.51347352600417e8,2.0362157044195902e8,5.936887236100845e8,4.974972184095127e8,2.540323463562427e8,5.459172764238262e7,5.473949841671804e7,1.1807885702698839e8,1.4409940813985595e8,5.3456039530553854e8,1.4240854391107287e9,8.224499290753694e7,3.1125811571162056e7,1.8766707731248684e7,1.1017168523473154e8,6.396984242001852e8,4.8136857170271915e8,9.796907308713639e8,1.372232095705456e8,9.907054693784475e8,5.1015423561966136e7,2045,SWITCH,0.032,full-base-200
cUnmetRsv,0.0,-,-,-,-,-,-,-,-,-,-,-,-,-,-,-,-,-,-,-,-,-,-,-,-,-,-,2045,SWITCH,0.0,full-base-200
cNetworkExp,12006211693.291653,-,-,-,-,-,-,-,-,-,-,-,-,-,-,-,-,-,-,-,-,-,-,-,-,-,-,2045,SWITCH,0.037,full-base-200
cVOM,14739095802.075924,,,,,,,,,,,,,,,,,,,,,,,,,,,2045,SWITCH,0.045,full-base-200
cCO2,27468654862.359406,,,,,,,,,,,,,,,,,,,,,,,,,,,2045,SWITCH,0.084,full-base-200
cFix,228814976577.52005,8.59852906345e9,5.955012830780001e9,9.28622227223e9,1.305750146886e10,1.161042943971e10,1.0844024142060001e10,4.36763821158e9,7.02703334988e9,1.428507679014e10,1.0644431072119999e10,4.4505245683000004e8,5.466455041549999e9,3.68051493482e9,5.7420933725e9,8.03503218231e9,2.2178437883859997e10,7.836239728950001e9,3.2817000029200006e9,3.5109477742500005e9,9.763680068130001e9,1.0972563924359999e10,1.1757607984550001e10,1.170913539791e10,8.519555020910001e9,1.711694070759e10,3.12312145527e9,2050,SWITCH,0.669,full-base-200
cVar,49781221614.92653,2.7306893084933716e8,3.049773498407324e9,3.9772372152760005e9,6.578816499582151e9,1.026864964913372e9,3.3062566495863037e9,1.9500061413033986e9,3.2213217086014757e9,2.8198997251233544e9,1.746415502976569e9,1.0746698492934215e8,3.548314198897211e8,1.311201807089305e9,5.392367073362125e8,1.9320001238869572e9,1.339108405131572e10,2.616080260268526e8,1.337835069980691e8,8.161600763465913e7,2.0118977833335167e8,4.644234202983166e9,2.62951158388661e9,5.201741217052961e9,5.510747805322646e8,5.454885300650632e9,9.897385086393036e7,2050,SWITCH,0.145,full-base-200
cNSE,364326741.4180669,5.885185269490647e6,44718.48358482034,44904.46642026169,45600.356408334585,2.9247727964342904e8,44724.382831586496,45535.77083913627,44723.457028338846,3.607729996822747e6,6.1366985545508154e7,45789.62878776468,44868.02209745739,44717.03282871492,44754.07591853372,45593.689377600705,44990.317635461644,44600.16762739465,44362.85107254094,44216.983588628886,44690.83115088688,45803.26493494779,44811.32952658402,44901.321477974074,45287.55908052139,45300.36346843642,44666.607130582706,2050,SWITCH,0.001,full-base-200
cStart,10306702764.17606,1.006081536464476e8,5.333591439719758e8,6.478537491856055e8,1.23092498649819e9,1.6928170122285423e8,4.528390915289234e8,1.9674231937838152e8,6.095470618257269e8,4.306700513621191e8,2.6800906976969457e8,4.4939853207326114e7,5.175003021527537e7,1.2583952333663392e8,1.1191896291757032e8,4.874042326977781e8,1.4282497320834596e9,6.595235685132694e7,2.203489637006671e7,1.5513411732193027e7,9.40042097496958e7,6.760554492117695e8,4.63090724963425e8,9.859726616734362e8,9.127101528092214e7,9.566557881096826e8,4.621458738547899e7,2050,SWITCH,0.03,full-base-200
cUnmetRsv,0.0,-,-,-,-,-,-,-,-,-,-,-,-,-,-,-,-,-,-,-,-,-,-,-,-,-,-,2050,SWITCH,0.0,full-base-200
cNetworkExp,12646323694.133118,-,-,-,-,-,-,-,-,-,-,-,-,-,-,-,-,-,-,-,-,-,-,-,-,-,-,2050,SWITCH,0.037,full-base-200
cVOM,15062878571.142849,,,,,,,,,,,,,,,,,,,,,,,,,,,2050,SWITCH,0.044,full-base-200
cCO2,25268430414.145184,,,,,,,,,,,,,,,,,,,,,,,,,,,2050,SWITCH,0.074,full-base-200
cFix,63565855748.46008,2.49733943736e9,8.9961096622e8,8.3156016796e8,1.73776657317e9,1.79738689375e9,4.20177182456e9,1.4141831845e9,2.3800896491899996e9,3.4910625543199997e9,2.38630854592e9,1.0436233067999999e8,1.3654746502199998e9,2.4890913658799996e9,1.21050933658e9,4.04372112685e9,4.40702728115e9,2.21934639841e9,1.31395226274e9,1.75885072769e9,2.29934438942e9,4.32647893495e9,4.2643729522100005e9,3.07318746924e9,2.70017245634e9,5.27305162135e9,1.0798326478e9,2027,TEMOA,0.213,full-base-200
cVar,50600458221.545715,1.1577283244513035e9,1.6610598599374292e9,1.6870207083002563e9,6.268237344167825e9,2.0890261414187124e9,1.594003228592111e9,1.7272887891827147e9,3.6484524531696506e9,2.1139278969768898e9,1.0306570606677264e9,7.244090502665815e8,1.1371714564391234e9,1.7536345615111644e9,1.7183534712978127e9,5.647856653217697e9,5.297134608631548e9,3.561039612261577e8,6.206853605118253e8,2.844509668310864e8,1.2041865966334286e9,3.3611555159316554e9,2.8574580431523333e9,4.639850409430204e9,1.6685128985235982e9,4.586606390340128e9,4.831234093639916e8,2027,TEMOA,0.17,full-base-200
cNSE,119814348.71788923,28933.822710789635,28988.973034687726,29120.628003649857,29408.91407304249,1.0373269470491858e8,29269.524555665877,29032.68889048822,29245.351218747048,29342.82868148289,29035.171678849663,1.5381927964329427e7,28933.103335632055,29120.32949244764,29094.382654506055,29672.10980669035,29391.266659085697,28868.43965352524,28934.78401621983,28780.120951893412,29063.99273943317,29110.67008810038,29248.707483257844,29441.392953160463,28985.316246430368,30011.338279078896,28692.19143705109,2027,TEMOA,0.0,full-base-200
cStart,655325594.3700557,5.005849939251517e6,2.1368214917473663e6,4.486410656065561e6,6.893421192826747e6,7.761613358569118e6,5.042364308469098e7,8.991424010580698e6,1.005091570058164e7,1.0167180480760628e8,965254.4525469508,4.458073736398466e6,1.0961334025142253e6,1.684002117225962e7,3.059271319446474e6,2.4652911537737228e7,3.599953706917794e7,1.1093842182750912e7,2.9339684426083703e7,1.851880261038665e7,5.046523934121188e7,1.9036991751864463e7,9.618582460307164e6,8.287205081707444e6,6.927949391282521e6,1.9879219160094085e8,1.8751998591512155e7,2027,TEMOA,0.002,full-base-200
cUnmetRsv,0.0,-,-,-,-,-,-,-,-,-,-,-,-,-,-,-,-,-,-,-,-,-,-,-,-,-,-,2027,TEMOA,0.0,full-base-200
cNetworkExp,322326583.46839875,-,-,-,-,-,-,-,-,-,-,-,-,-,-,-,-,-,-,-,-,-,-,-,-,-,-,2027,TEMOA,0.001,full-base-200
cVOM,8717636938.688173,,,,,,,,,,,,,,,,,,,,,,,,,,,2027,TEMOA,0.029,full-base-200
cCO2,174051408553.47678,,,,,,,,,,,,,,,,,,,,,,,,,,,2027,TEMOA,0.584,full-base-200
cFix,129770226679.2001,3.8512615404000006e9,2.39172685074e9,2.42968077213e9,7.64035669255e9,5.045331849780001e9,6.90794287798e9,3.4933197662200003e9,4.11033479235e9,7.91118649966e9,5.29597269029e9,9.703706556e7,3.7289696143700004e9,2.5634225334299994e9,3.0516269459500003e9,7.103493500110001e9,1.083735370535e10,3.95532700756e9,2.43177018371e9,2.2635080946800003e9,7.21651866929e9,7.17054288142e9,7.334769814480001e9,6.79842485641e9,4.46538579263e9,9.30362394627e9,2.37133773588e9,2030,TEMOA,0.605,full-base-200
cVar,28877195052.46761,3.0548367166160786e8,1.1977346374213061e9,1.0715479394913892e9,4.559551986187411e9,9.600322811187054e8,1.373721701782357e9,1.0958492985447538e9,1.5019060276842122e9,7.74060428216948e8,1.9348875377899894e8,3.2271016597275734e8,5.605647715880826e8,1.1802467847698839e9,7.881876133670561e8,3.20640411678071e9,5.295383271408646e9,6.369854487299917e7,1.527263442151899e8,8.023255225227614e7,3.339381897962902e8,2.8599449087448406e9,1.4214047128784354e9,3.255458876652654e9,6.093868989823115e8,2.863103147035307e9,2.1387413975510544e8,2030,TEMOA,0.135,full-base-200
cNSE,80929399.83213565,13396.456621167436,12573.398742847143,12271.031437341313,11882.014111694822,8.041555716020145e7,12279.20154906343,12333.170928866472,12272.325303638565,11511.488008146163,12576.89896235587,214426.9020903309,13215.636739776348,13629.326668528834,12781.87549950341,12424.923267529706,13141.382112971285,11965.599216583129,12443.245467765024,12323.979598202652,12692.807731323432,11349.179943663723,12206.89402833313,12348.493285790844,13016.684689304418,11632.178572899213,13147.577356727612,2030,TEMOA,0.0,full-base-200
cStart,3790071338.5494766,4.166101420911635e7,1.0132744324188711e8,1.0073370595421286e8,5.078834299695678e8,9.886390416339879e7,1.3036540814814943e8,1.0000152908456671e8,1.8957709610227984e8,1.2449996303845711e8,1.5519105638729712e7,4.629572173481199e7,4.184969957526743e7,7.277467337022986e7,8.699196374061085e7,4.306335508055287e8,4.4811923361679715e8,1.2814353196896259e7,1.5846210646754334e7,1.168144692186103e7,6.345682132096692e7,1.736799356060424e8,1.3869391658575782e8,3.482044904069189e8,5.006452837817498e7,3.958469692798384e8,4.2685223812937304e7,2030,TEMOA,0.018,full-base-200
cUnmetRsv,0.0,-,-,-,-,-,-,-,-,-,-,-,-,-,-,-,-,-,-,-,-,-,-,-,-,-,-,2030,TEMOA,0.0,full-base-200
cNetworkExp,5508069884.673276,-,-,-,-,-,-,-,-,-,-,-,-,-,-,-,-,-,-,-,-,-,-,-,-,-,-,2030,TEMOA,0.026,full-base-200
cVOM,7363446712.455638,,,,,,,,,,,,,,,,,,,,,,,,,,,2030,TEMOA,0.034,full-base-200
cCO2,38973848584.26947,,,,,,,,,,,,,,,,,,,,,,,,,,,2030,TEMOA,0.182,full-base-200
cFix,167774527263.90024,5.511381972790001e9,3.6375741596200004e9,4.40960127843e9,9.351885994659998e9,7.40895547614e9,8.711133899979998e9,4.169983132200001e9,4.9698479491e9,1.039239864759e10,6.33375140966e9,1.151549473e8,4.8108505624800005e9,3.25968124413e9,3.80992939168e9,7.138184572160001e9,1.6542009578660002e10,5.64382844669e9,2.8958344566200004e9,2.8910131360699997e9,8.686090661749998e9,8.469013279590001e9,8.797316417980001e9,8.89742713352e9,5.04966464505e9,1.3066746645859999e10,2.8052682241899996e9,2035,TEMOA,0.65,full-base-200
cVar,36287964621.44369,2.7839498378119135e8,1.712251088773617e9,2.1431668007882457e9,5.382020209634377e9,1.1531995659391167e9,2.25765022326002e9,1.3090098924283485e9,1.9659428388346117e9,1.648360346253178e9,4.656376155056849e8,1.705043057518333e8,4.469282691906226e8,1.0616785015358932e9,6.649405230632976e8,2.454555855992235e9,9.220587659310917e9,4.866875819885149e7,1.3514284958429942e8,7.517974236183923e7,2.4906916745801818e8,3.420631121451812e9,2.0455968416069982e9,4.045511336649945e9,5.991599581117456e8,3.6844285882551804e9,1.3187704883138333e8,2035,TEMOA,0.141,full-base-200
cNSE,373650883.8221586,16402.344127194083,16788.320816651634,17937.795461086127,17618.72279583288,3.6067163971969974e8,16887.119967678962,16380.00390318377,16584.13401502144,16541.345821596726,17319.436148524772,1.2577284462705089e7,16271.57245189795,17007.957651692486,16761.370774896866,17238.414828191726,18235.60112815065,14909.60282726886,15347.235726676754,15008.081633361704,15797.050050795364,16390.816853503908,17309.34454410608,17636.35888419619,17583.910025992078,17962.53910787783,16040.560205001522,2035,TEMOA,0.001,full-base-200
cStart,6606257643.96922,8.490130585003522e7,2.0791020364343783e8,3.174862174751278e8,7.667771869566537e8,1.8355105765680888e8,2.784025645444895e8,1.6118094384093687e8,3.2357886111728334e8,2.7169284434191746e8,5.895531846520545e7,6.45303099819156e7,5.378470669892867e7,8.059546409884483e7,1.3550422345649293e8,5.085552575037746e8,9.685113720203665e8,1.9136432135656185e7,1.9881735285970327e7,1.2539438116734922e7,8.059162445836768e7,3.671931650753644e8,2.704263385667555e8,6.170383160302237e8,9.586947637161778e7,6.178828588636402e8,3.9780421412771456e7,2035,TEMOA,0.026,full-base-200
cUnmetRsv,0.0,-,-,-,-,-,-,-,-,-,-,-,-,-,-,-,-,-,-,-,-,-,-,-,-,-,-,2035,TEMOA,0.0,full-base-200
cNetworkExp,8419444792.6544485,-,-,-,-,-,-,-,-,-,-,-,-,-,-,-,-,-,-,-,-,-,-,-,-,-,-,2035,TEMOA,0.033,full-base-200
cVOM,10482129471.079506,,,,,,,,,,,,,,,,,,,,,,,,,,,2035,TEMOA,0.041,full-base-200
cCO2,28058084663.149036,,,,,,,,,,,,,,,,,,,,,,,,,,,2035,TEMOA,0.109,full-base-200
cFix,190866031129.66,6.619883522010001e9,4.14536077871e9,6.02792096134e9,1.0556822682619999e10,1.0002693512789999e10,9.556195781200003e9,4.351814071050001e9,5.555447470559999e9,1.2043879788890003e10,7.92781203681e9,3.1042638304999995e8,5.056710088330001e9,3.5678145198000007e9,4.0908285095099993e9,7.0662003102699995e9,1.9096733871159996e10,6.220111818400002e9,3.2080823630699997e9,3.2912377158600006e9,9.33226257413e9,9.146256657089998e9,9.698507073069998e9,9.830672599269999e9,6.094862904690001e9,1.505666697739e10,3.0108261585899997e9,2040,TEMOA,0.661,full-base-200
cVar,40691953375.550766,2.9137059246308565e8,2.1599418421902175e9,2.748914660453132e9,5.766379925609523e9,1.0407725162921877e9,2.541451259863133e9,1.4593364497321625e9,2.2484397933210883e9,2.0359681990828412e9,1.0444876285223887e9,1.5341916984261417e8,4.228313253984766e8,1.0360696044703777e9,6.044501080304058e8,2.1004790334718864e9,1.1209189884415575e10,1.4430470856499064e8,1.34395281603103e8,7.971712797044803e7,2.179856712664922e8,3.813760233004606e9,2.189231131590717e9,4.332924381988822e9,6.391384583291183e8,4.066497672785351e9,1.1137257889309616e8,2040,TEMOA,0.141,full-base-200
cNSE,541708663.5753932,10765.157691865374,11256.005121529433,10767.28018103054,10095.441789047634,5.3064985463644385e8,10688.652398931235,11364.168077830742,10149.779076807856,8955.044210709288,5.880261718055686e6,4.934047434797042e6,12101.254867438696,12505.692131762871,10964.273478524527,9896.043060530572,10436.001236706714,10240.203037078205,10652.890549865173,10418.187263772783,10051.580440483436,10582.731225226227,10253.914778960352,10098.353330465474,10842.917416512799,9879.15696203917,11535.05776675063,2040,TEMOA,0.002,full-base-200
cStart,9055235593.92634,1.2400611823972338e8,3.89220846832341e8,5.730870607941287e8,1.0160560476694031e9,1.5324997342766988e8,3.8838956539452165e8,2.047432769332352e8,4.446980490573483e8,3.90705544214766e8,1.7633144550386572e8,5.770722209504729e7,5.760538428176401e7,1.0065128621037091e8,1.501240718684483e8,5.2613999974968463e8,1.3379594209907486e9,4.8546155610185646e7,2.4937231282502443e7,1.6630642705760391e7,9.654242805042629e7,5.1219089221712047e8,3.8438243319019926e8,8.154261705612257e8,1.571007903494215e8,8.63400052964159e8,4.540348373230534e7,2040,TEMOA,0.031,full-base-200
cUnmetRsv,0.0,-,-,-,-,-,-,-,-,-,-,-,-,-,-,-,-,-,-,-,-,-,-,-,-,-,-,2040,TEMOA,0.0,full-base-200
cNetworkExp,10405089377.693928,-,-,-,-,-,-,-,-,-,-,-,-,-,-,-,-,-,-,-,-,-,-,-,-,-,-,2040,TEMOA,0.036,full-base-200
cVOM,11900875863.602314,,,,,,,,,,,,,,,,,,,,,,,,,,,2040,TEMOA,0.041,full-base-200
cCO2,25424302696.437077,,,,,,,,,,,,,,,,,,,,,,,,,,,2040,TEMOA,0.088,full-base-200
cFix,217329958683.35004,7.831871948580001e9,5.15691111057e9,7.41660818266e9,1.166164013427e10,1.1247064792740002e10,1.040793430045e10,4.731716443669999e9,6.23305955132e9,1.3785896934400002e10,9.850540981009998e9,4.3358593036e8,5.415937723460001e9,3.7445463815299997e9,4.7570088172699995e9,7.82473127158e9,2.1322285495009995e10,7.5074547057e9,3.520331454390001e9,3.6896094644000006e9,1.0514061912170002e10,1.0062930867140001e10,1.0986138934630001e10,1.1395115782789999e10,7.627017121620001e9,1.688715745941e10,3.3188009822200003e9,2045,TEMOA,0.665,full-base-200
cVar,46194970239.55882,2.873203340195837e8,2.675338468655041e9,3.598107555741596e9,6.54008970217922e9,1.051724633106445e9,2.779007812563075e9,1.6577097197910292e9,2.5626454999045963e9,2.623956769627028e9,1.4637968722249248e9,1.5374400841122398e8,4.2420840800745374e8,1.034986636143701e9,5.885087344513646e8,1.9733611259788373e9,1.3130874847184505e10,1.5775562776871693e8,1.3864354181846508e8,8.36292768662743e7,2.1676610692624763e8,4.460308254887567e9,2.5571210184155235e9,4.726586934776902e9,6.230398545669708e8,4.434967170726819e9,1.0381210803366478e8,2045,TEMOA,0.141,full-base-200
cNSE,664921854.7425219,6.068338457871428e6,11877.895549154397,11506.981480378923,11435.801434891153,6.311674926528441e8,11805.340278847325,11710.87385243846,11488.026230750635,5.397638317534418e6,4.907020085287473e6,1.7133803552148156e7,12455.740083456867,12541.083408246699,12073.35945491569,11679.555329291717,11936.826527122426,11467.673254247222,11844.725277385052,11851.076692967976,11631.161849322252,11452.057418530563,11584.380942658634,11506.1763482269,11929.859428874415,11497.899904272212,12285.182080497298,2045,TEMOA,0.002,full-base-200
cStart,10156953479.983885,1.1058390388395774e8,4.6554081144268805e8,6.47944791224641e8,1.1392716885153658e9,1.5268415207086223e8,4.378459663737997e8,2.4104379768809292e8,5.204012210540087e8,4.8211461251532346e8,2.1856173549876237e8,5.0255290870965436e7,5.665626773799091e7,1.0198450121789734e8,1.4667619402576488e8,4.852688094391091e8,1.471147053993919e9,5.179811187878362e7,2.7341411210515894e7,1.8280572383244928e7,1.015435263025476e8,6.401189376962118e8,4.811558148338337e8,9.574846824109662e8,1.3285331898101029e8,9.724027522624106e8,4.599355447074016e7,2045,TEMOA,0.031,full-base-200
cUnmetRsv,0.0,-,-,-,-,-,-,-,-,-,-,-,-,-,-,-,-,-,-,-,-,-,-,-,-,-,-,2045,TEMOA,0.0,full-base-200
cNetworkExp,12407369872.659288,-,-,-,-,-,-,-,-,-,-,-,-,-,-,-,-,-,-,-,-,-,-,-,-,-,-,2045,TEMOA,0.038,full-base-200
cVOM,13853040783.24487,,,,,,,,,,,,,,,,,,,,,,,,,,,2045,TEMOA,0.042,full-base-200
cCO2,26282607475.200127,,,,,,,,,,,,,,,,,,,,,,,,,,,2045,TEMOA,0.08,full-base-200
cFix,237179563824.9101,8.78070392947e9,5.990924501710001e9,9.178505686320002e9,1.2811677997599998e10,1.1644821819e10,1.1041989903060001e10,5.027134631950002e9,6.80260702002e9,1.471624500984e10,1.1679960935700003e10,5.0197238331e8,5.593419997370001e9,4.07206555482e9,5.76079238661e9,8.30953724707e9,2.231485098807e10,8.12301498304e9,3.99438084084e9,4.06371497668e9,1.0772488299630001e10,1.1104421753030003e10,1.18778547884e10,1.2121964690630001e10,8.552244829219999e9,1.8638515392839996e10,3.7037532786799994e9,2050,TEMOA,0.688,full-base-200
cVar,46736757059.816986,2.704785517038359e8,2.7654847829897337e9,3.5506268772618504e9,6.630308781099319e9,1.0223103684117707e9,3.242654150489273e9,1.815487181102974e9,2.8712533661673923e9,2.5814870081365542e9,1.5866899815288093e9,1.348319962384983e8,3.259488574859171e8,1.0991760172576613e9,5.136616981726705e8,1.8560814599210157e9,1.3101594444553986e10,1.3985020718018457e8,1.3094388891109675e8,7.749821896376081e7,1.8201091960662085e8,4.570558105742251e9,2.5591032788545003e9,4.555895035568613e9,5.596157935154552e8,4.69593758049171e9,8.073802016414024e7,2050,TEMOA,0.136,full-base-200
cNSE,644372872.0309627,1.2936924910767574e7,51031.98288410339,51378.801136996866,52409.84210215542,5.735368730848243e8,51179.21493280999,3.2720974331232104e6,51204.98925655767,3.177281561052146e7,1.3960973983569544e7,7.864285251365478e6,51294.733559748056,51175.01976259521,51217.966775580666,52569.199531151105,51671.83495800392,51058.934819655115,50395.09944610893,50178.066986135076,51151.297446315526,52751.81203714431,51285.02233749935,51404.96836215407,52311.841350720206,52115.97167658137,51115.15743822018,2050,TEMOA,0.002,full-base-200
cStart,9719004297.973362,9.250485091195111e7,4.88529639645694e8,5.495080358567009e8,1.2182393063620625e9,1.4393547601787224e8,4.471276914781683e8,2.2735725370986012e8,5.405787637020016e8,3.99138564550057e8,1.9226196657138696e8,3.695093171526936e7,4.537826776024321e7,1.0104974289030525e8,9.696877773520043e7,3.9734956458993936e8,1.414928438509544e9,3.978311898341727e7,2.013130759952413e7,1.4270597673610631e7,8.209737729154828e7,6.557959546186855e8,4.567221211254492e8,9.664389589304992e8,9.31662150005466e7,9.575592340668535e8,4.123214067721879e7,2050,TEMOA,0.028,full-base-200
cUnmetRsv,0.0,-,-,-,-,-,-,-,-,-,-,-,-,-,-,-,-,-,-,-,-,-,-,-,-,-,-,2050,TEMOA,0.0,full-base-200
cNetworkExp,12974661277.673616,-,-,-,-,-,-,-,-,-,-,-,-,-,-,-,-,-,-,-,-,-,-,-,-,-,-,2050,TEMOA,0.038,full-base-200
cVOM,14183469511.694847,,,,,,,,,,,,,,,,,,,,,,,,,,,2050,TEMOA,0.041,full-base-200
cCO2,23471713108.858852,,,,,,,,,,,,,,,,,,,,,,,,,,,2050,TEMOA,0.068,full-base-200
cFix,63416618119.0,2.335458938e9,9.0635084e8,8.36524536e8,1.745265245e9,1.9407603735e9,4.1400237159e9,1.4262145821e9,2.3970599214e9,3.512113657e9,2.393647218e9,1.04410532e8,1.388397187e9,2.49111657e9,1.213366928e9,4.051532861e9,4.4257145337e9,2.1311269776e9,1.322431379e9,1.7013259784e9,2.228092665e9,4.3368927269e9,4.273101444e9,3.08539732e9,2.6269326712e9,5.3231152583e9,1.08024406e9,2027,USENSYS,0.213,full-base-200
cVar,50934709319.151825,1.2480756293269916e9,1.6825681488416617e9,1.720035492934499e9,6.27756357377353e9,2.234974386957818e9,1.6052420619530125e9,1.7275633165245042e9,3.653901919649383e9,2.1089423051953425e9,1.03885093900864e9,7.033160862662178e8,1.0825735244771993e9,1.7588839406497939e9,1.724530435820581e9,5.614691367893557e9,5.273673051569115e9,3.82981155681178e8,6.208524656857046e8,2.876598270720297e8,1.1959279584415624e9,3.369728161022916e9,2.85742402930948e9,4.64347233469195e9,1.7461012970906274e9,4.611177816978637e9,4.873259106188031e8,2027,USENSYS,0.171,full-base-200
cNSE,981547.9900479484,17320.667863420815,17829.201235292454,17960.868841683987,18825.193230990717,526303.6724778306,18473.822146318813,18038.58000824712,18596.260251207575,18797.83085717172,18047.61161449081,18003.85110252144,17904.644818527493,18113.846110285507,18419.307582210768,18975.723753389175,18686.916282506387,17268.500140218144,18037.029884850457,17750.245921048972,18050.812292037634,18522.69501195039,18420.781980400763,18786.42861206863,17981.19138742827,19215.63007250698,17216.67656937733,2027,USENSYS,0.0,full-base-200
cStart,623779445.9297571,4.503677388198404e6,1.7734334700401407e6,3.5439067584936516e6,6.477320405606304e6,3.8656859116050988e6,4.8678999136194244e7,9.284720657322325e6,9.503012842230331e6,9.887808336501299e7,799874.4674124763,4.271001346269666e6,312571.4904900292,1.6519707662302436e7,2.681611045910053e6,2.4341524441162344e7,3.700228318921431e7,1.0419924239528311e7,2.7759927576891683e7,1.7146798931029517e7,4.7468169871529855e7,1.896646511352226e7,9.239343536173053e6,8.423733191646265e6,6.018448005033088e6,1.881834434421229e8,1.771577844475553e7,2027,USENSYS,0.002,full-base-200
cUnmetRsv,0.0,-,-,-,-,-,-,-,-,-,-,-,-,-,-,-,-,-,-,-,-,-,-,-,-,-,-,2027,USENSYS,0.0,full-base-200
cNetworkExp,428234237.96567315,-,-,-,-,-,-,-,-,-,-,-,-,-,-,-,-,-,-,-,-,-,-,-,-,-,-,2027,USENSYS,0.001,full-base-200
cVOM,8723327818.331963,,,,,,,,,,,,,,,,,,,,,,,,,,,2027,USENSYS,0.029,full-base-200
cCO2,174070423972.35532,,,,,,,,,,,,,,,,,,,,,,,,,,,2027,USENSYS,0.584,full-base-200
cFix,129472538912.70004,3.719120198e9,2.486898641e9,2.5839506865e9,7.6734820199e9,5.3343765755e9,6.9754521626e9,3.5484540308e9,4.321474783e9,7.6966389458e9,4.7431352711e9,9.0716512e7,3.6776188358e9,2.662779689e9,3.049983782e9,7.189863772700001e9,1.08179933002e10,3.9922182976e9,2.456317462e9,2.1586660213e9,6.7256130858e9,7.1710152124e9,7.3061976e9,7.0456867835e9,4.4286880094e9,9.4673404758e9,2.148856759e9,2030,USENSYS,0.605,full-base-200
cVar,29249329699.440205,3.230190470221052e8,1.1873979591249068e9,1.228016170057859e9,4.556173129852124e9,1.064345904532725e9,1.3837951909158175e9,1.125272965364459e9,1.6183212024936566e9,8.802942756018227e8,2.1314107211595246e8,2.299576758109904e8,5.584282250858866e8,1.1790619664622765e9,7.750538375380647e8,3.1886522828725905e9,5.282797245202928e9,5.70339872537923e7,1.5482049086500925e8,7.971378606521624e7,3.402560195229989e8,2.906841750065873e9,1.4163685529680216e9,3.3815314345855145e9,6.105774392415603e8,2.8253048032160125e9,2.0563658230766255e8,2030,USENSYS,0.137,full-base-200
cNSE,128715.88586858672,5170.542405082175,5101.913748622053,4867.946760262625,4667.485812069606,5065.759095091458,4814.388509602708,5016.0500138992775,4820.833134570465,4536.751439019377,5096.832383011648,5232.68930734402,5143.008545297813,5216.777414771848,4982.383275854097,4786.5818710379035,5077.982223258941,4789.45995577804,5015.698625236659,5223.054283518313,4943.133188435682,4536.359426618817,4801.708692598941,4882.783766817478,5169.441714701696,4582.0821100771045,5174.238166005938,2030,USENSYS,0.0,full-base-200
cStart,3746786673.354397,4.296668297288812e7,9.979019997952883e7,1.1276530949813509e8,5.049630352212003e8,1.0642134467322846e8,1.2498498202755481e8,9.574286790779112e7,1.94753769184549e8,1.2803969681334436e8,1.7752313098527215e7,4.078745212110162e7,3.757683179635287e7,6.971307105996956e7,8.623227220820811e7,4.24296915830873e8,4.3889589857068175e8,1.0895425992479261e7,1.4645248370817324e7,1.0195970047741856e7,6.334974086726671e7,1.6932781182846296e8,1.3625245455115372e8,3.534696941345395e8,4.73042247805695e7,3.762882986120358e8,3.937516120544061e7,2030,USENSYS,0.018,full-base-200
cUnmetRsv,0.0,-,-,-,-,-,-,-,-,-,-,-,-,-,-,-,-,-,-,-,-,-,-,-,-,-,-,2030,USENSYS,0.0,full-base-200
cNetworkExp,5662266047.441788,-,-,-,-,-,-,-,-,-,-,-,-,-,-,-,-,-,-,-,-,-,-,-,-,-,-,2030,USENSYS,0.026,full-base-200
cVOM,7522483296.6938505,,,,,,,,,,,,,,,,,,,,,,,,,,,2030,USENSYS,0.035,full-base-200
cCO2,38250173234.58261,,,,,,,,,,,,,,,,,,,,,,,,,,,2030,USENSYS,0.179,full-base-200
cFix,167379113667.6,5.28457302e9,3.591651068e9,4.4833919275e9,9.3978074015e9,8.1557226547e9,8.714373925599998e9,4.2435748908e9,5.4485807575e9,1.00507190248e10,6.159249151299999e9,2.30060046e8,4.8276898028e9,3.3351554741e9,4.0108777052e9,6.930222072700001e9,1.66707477722e10,5.401629628299999e9,3.134866259e9,2.6802483923e9,7.7497535259e9,8.4629166957e9,8.821942432e9,8.999483435e9,5.0620202126e9,1.30286098098e10,2.5032465823e9,2035,USENSYS,0.649,full-base-200
cVar,36957497536.23624,3.100728408757071e8,1.7368382882816343e9,2.2967032211637063e9,5.313598828790849e9,1.1854645715489597e9,2.282338670560221e9,1.3922957664698744e9,2.3418025710048766e9,1.8061835800248117e9,3.1180023121802175e8,1.230515269213245e8,4.124875389024205e8,1.0568971566140172e9,6.262260207432119e8,2.350304042761774e9,9.389496449521563e9,3.9528388652576864e7,1.333552938972696e8,7.536624052079916e7,2.5193388513837945e8,3.4516081386035714e9,2.0435791819443421e9,4.287197302975877e9,6.017789634322215e8,3.7321035522392693e9,1.3412261938598335e8,2035,USENSYS,0.143,full-base-200
cNSE,524679.0032089347,19703.202738128595,20604.591255181105,21504.7031571853,20572.693172328345,21350.91832624522,20522.34344168786,20614.281505418985,20585.348554852975,19078.83724190302,19944.005631671334,21055.445688818763,20354.594070543175,19020.131341907625,20381.738226066278,20126.963311684613,21062.296016487504,18929.193517283395,19205.55224344056,18295.060667191334,19100.843402425442,19935.738259382357,20771.585269083025,20837.67139131335,20879.229691117802,21343.556293466525,18898.47879411539,2035,USENSYS,0.0,full-base-200
cStart,6636067512.612615,9.296353788806772e7,2.0632938056491712e8,3.2801953293453676e8,7.874910924788355e8,2.0562407686291203e8,2.746259066127498e8,1.5983008326343843e8,3.645191750695333e8,2.889230700157631e8,5.404418089234474e7,5.162052600016263e7,4.3265511222154975e7,7.92763197887947e7,1.3184486200764033e8,4.9773994342689854e8,9.358486360466444e8,1.6138742241344836e7,1.793455222894338e7,1.1280857936509255e7,8.168482596419097e7,3.6061699227979445e8,2.7158819359836054e8,6.126579895974782e8,9.14755297300821e7,6.310469854943825e8,3.967700846610472e7,2035,USENSYS,0.026,full-base-200
cUnmetRsv,0.0,-,-,-,-,-,-,-,-,-,-,-,-,-,-,-,-,-,-,-,-,-,-,-,-,-,-,2035,USENSYS,0.0,full-base-200
cNetworkExp,8846328222.89614,-,-,-,-,-,-,-,-,-,-,-,-,-,-,-,-,-,-,-,-,-,-,-,-,-,-,2035,USENSYS,0.034,full-base-200
cVOM,10728637335.975122,,,,,,,,,,,,,,,,,,,,,,,,,,,2035,USENSYS,0.042,full-base-200
cCO2,27457172810.73848,,,,,,,,,,,,,,,,,,,,,,,,,,,2035,USENSYS,0.106,full-base-200
cFix,190674555256.2,6.2474075855e9,4.0450011009e9,5.9352575692e9,1.05706212955e10,1.10736255337e10,9.613940276599998e9,4.4216129738e9,6.2934962275e9,1.18435796958e10,7.490430258299999e9,5.74208076e8,5.4046672458e9,3.3983060667e9,4.2401837832e9,7.673710987700001e9,1.85275558352e10,6.148778197299999e9,3.301047746e9,2.9806168163e9,7.9339243104e9,9.183641703099998e9,9.742217435e9,1.0191010244e10,6.023581143599999e9,1.51179157188e10,2.6982174303e9,2040,USENSYS,0.659,full-base-200
cVar,41689909377.712234,3.148876713151113e8,2.168777842248949e9,3.4995060156021986e9,5.751880017819781e9,1.1040049533328052e9,2.5313365641497188e9,1.549357056240046e9,2.6198418102106953e9,2.2498235049440002e9,8.16545429049506e8,1.2900022852398296e8,3.8976846498534334e8,1.0243964055841484e9,5.575538604137284e8,2.0454355323906748e9,1.085706297382567e10,4.1226896421443415e8,1.2971074665215151e8,8.036071341160792e7,2.2338304946538937e8,3.9220743246582775e9,2.1702952900860853e9,4.38362830600621e9,7.099728955851778e8,4.159511984947074e9,1.0746064464999533e8,2040,USENSYS,0.144,full-base-200
cNSE,12886322.497819183,30455.154331588332,30075.494375537193,29555.777636195075,29687.294369820807,30017.350184379447,29902.74698559934,30526.96088254306,29573.404191659236,29840.362939087696,1.2137626023614118e7,30471.246259332966,30171.382819965642,30577.99243573035,29993.174290075196,29701.041406100434,30011.67904047239,29910.304129744167,29945.477933728922,30228.306153060632,29881.138006705838,29666.382570970338,29646.402323392635,29457.77024297649,29870.636159623984,29286.623444477795,30242.37109249155,2040,USENSYS,0.0,full-base-200
cStart,9208963178.948065,1.4098396300270793e8,3.9157449268834674e8,7.397976183189886e8,1.038801099834438e9,1.94685766530602e8,3.705903795553566e8,2.018073258044056e8,5.07305800183296e8,4.2116574363345647e8,1.6100017094755158e8,3.901537164165321e7,4.7389342061340936e7,9.812706891882624e7,1.2865445550017588e8,4.903002895109204e8,1.1959660972648807e9,1.0476603816785075e8,2.2178667409309242e7,1.5547452744847925e7,1.0177662802540812e8,5.069766750648199e8,3.7463101484333986e8,8.056492193418272e8,1.8240551833717218e8,8.801469241077636e8,4.772005550847841e7,2040,USENSYS,0.032,full-base-200
cUnmetRsv,0.0,-,-,-,-,-,-,-,-,-,-,-,-,-,-,-,-,-,-,-,-,-,-,-,-,-,-,2040,USENSYS,0.0,full-base-200
cNetworkExp,10231863566.008963,-,-,-,-,-,-,-,-,-,-,-,-,-,-,-,-,-,-,-,-,-,-,-,-,-,-,2040,USENSYS,0.035,full-base-200
cVOM,12217935872.636944,,,,,,,,,,,,,,,,,,,,,,,,,,,2040,USENSYS,0.042,full-base-200
cCO2,25177993589.26164,,,,,,,,,,,,,,,,,,,,,,,,,,,2040,USENSYS,0.087,full-base-200
cFix,217033822006.80008,7.5839172655e9,5.1140450209e9,7.3955365417e9,1.16359002715e10,1.24493608007e10,1.0402440191599998e10,4.8238532628e9,7.1743409795e9,1.35593818723e10,9.2699771093e9,7.51131715e8,6.204068971e9,3.5663554937e9,5.4905855757e9,8.4972851475e9,1.98512149029e10,7.3626658965e9,3.4641265852e9,3.4230376888e9,8.652633949400002e9,1.0203051989099998e10,1.096869419e10,1.17710030125e10,7.491591377799999e9,1.69687254836e10,2.9588967123e9,2045,USENSYS,0.663,full-base-200
cVar,47624248212.1131,2.8840529811432254e8,2.8541039678019295e9,4.504533124564319e9,6.562930071992893e9,1.1320361161112814e9,2.7177071360468216e9,1.7711488949792461e9,3.10264589970142e9,3.066538277939302e9,1.5275578978001924e9,1.3915134441777387e8,4.0103795755116516e8,1.0945929041622705e9,5.2489234414672804e8,1.9964103949083583e9,1.1956457135161106e10,4.440157891855546e8,1.3517413455537456e8,8.348218738408485e7,2.1719709425744948e8,4.665398005341739e9,2.5120986378636866e9,4.813574129024704e9,6.725050101070677e8,4.598909899882347e9,1.0158053996996218e8,2045,USENSYS,0.145,full-base-200
cNSE,558717.5105012328,23422.600764197705,22838.26724537602,19888.16017498423,19723.90113227556,21057.767208994854,21989.95140383375,25555.44878641671,19386.62305181211,20153.982423746886,21382.80720440618,24240.516053055355,23627.919415962344,25023.82542093705,21742.076116211974,19519.839266150513,21017.776380113464,20163.425702562177,21899.49211842347,21996.46906236431,20561.920074200418,20302.36289406079,19574.598027202177,19163.364749563498,20915.67956434826,19107.703301457623,24461.032958577183,2045,USENSYS,0.0,full-base-200
cStart,10407006089.210217,1.1757237929738553e8,4.925461977739554e8,8.410972815135719e8,1.1958395943782387e9,1.6968568973032457e8,4.213953975573842e8,2.4354585798768246e8,6.165104850027125e8,5.485198690614071e8,2.6060210084484214e8,3.27356261752435e7,4.232690854748412e7,1.1051373779586399e8,1.1213522935044895e8,4.442999876244228e8,1.2398188221123054e9,1.1613856264171433e8,2.580668128178244e7,1.791580821060273e7,1.0876722624511121e8,6.305240818443629e8,4.626754931360763e8,9.600462585859632e8,1.4844689848867127e8,9.987124043615566e8,4.8827509660269774e7,2045,USENSYS,0.032,full-base-200
cUnmetRsv,0.0,-,-,-,-,-,-,-,-,-,-,-,-,-,-,-,-,-,-,-,-,-,-,-,-,-,-,2045,USENSYS,0.0,full-base-200
cNetworkExp,11771814943.813885,-,-,-,-,-,-,-,-,-,-,-,-,-,-,-,-,-,-,-,-,-,-,-,-,-,-,2045,USENSYS,0.036,full-base-200
cVOM,14259835980.850227,,,,,,,,,,,,,,,,,,,,,,,,,,,2045,USENSYS,0.044,full-base-200
cCO2,26330853061.380505,,,,,,,,,,,,,,,,,,,,,,,,,,,2045,USENSYS,0.08,full-base-200
cFix,236375526345.2001,8.6324478503e9,5.9384939569e9,9.1055890637e9,1.27741216967e10,1.27034319787e10,1.1149727765599998e10,5.1555404266e9,7.2313184395e9,1.46435556615e10,1.08792510803e10,7.07034924e8,6.402369667e9,3.9558688317e9,5.7328052454e9,9.7317625235e9,2.01423892209e10,7.9141832157e9,3.910029458e9,3.8567985918e9,9.067031581400002e9,1.1473058133099998e10,1.18720136844e10,1.2750995784e10,8.526975091799999e9,1.8729429876699997e10,3.389302596e9,2050,USENSYS,0.684,full-base-200
cVar,48269412686.39262,2.546240120207819e8,3.032145976877981e9,4.447837588742662e9,6.624454597161568e9,1.1336056760687366e9,3.2142842527918677e9,1.9431736803618555e9,3.188670716789394e9,2.7918158832038565e9,1.6365496862502112e9,1.3771754656535637e8,3.056234401309374e8,1.415339740309688e9,4.824684901475915e8,1.8838805981807077e9,1.1678633789208736e10,3.886821912139779e8,1.251254973780263e8,7.71127915324489e7,2.230076497498758e8,4.754039312961103e9,2.651778462261546e9,4.850829536863465e9,5.961488134972706e8,4.924483632658998e9,7.938292831479934e7,2050,USENSYS,0.14,full-base-200
cNSE,18382850.503028512,54983.63293604229,55076.2627819682,55334.985475485446,57702.79861058555,55383.217411226884,55118.38520914456,57808.6911861541,55108.73808471596,55443.642725569676,1.6991188348466437e7,55725.34465051646,54912.45134311229,54988.27945285265,55079.03059467467,57206.04228540505,55808.57893648368,54730.840729298834,54140.01385438278,53901.10819215558,55046.094620847696,58390.15207954442,55267.62864863404,55393.93730963957,57192.628519463746,56693.78789810088,55225.88102609404,2050,USENSYS,0.0,full-base-200
cStart,10185941466.12081,9.190472152858905e7,5.407440513018404e8,7.381601936640592e8,1.2846506899673605e9,1.6874099200814903e8,4.5573433792653906e8,2.337489866596594e8,6.055826816187416e8,4.3596562382464993e8,2.5539710900131175e8,3.2026197059619877e7,3.988761774995941e7,1.4340956448828137e8,8.89926482151843e7,3.904670524333337e8,1.2180278936354237e9,9.471846439891201e7,1.8368148326981846e7,1.3672185592280043e7,9.521113105289832e7,6.72623785788326e8,4.779748160991019e8,9.922004509750662e8,1.0239193279818204e8,9.530005537763742e8,4.233963623001869e7,2050,USENSYS,0.029,full-base-200
cUnmetRsv,0.0,-,-,-,-,-,-,-,-,-,-,-,-,-,-,-,-,-,-,-,-,-,-,-,-,-,-,2050,USENSYS,0.0,full-base-200
cNetworkExp,12578031382.512655,-,-,-,-,-,-,-,-,-,-,-,-,-,-,-,-,-,-,-,-,-,-,-,-,-,-,2050,USENSYS,0.036,full-base-200
cVOM,14572003804.806358,,,,,,,,,,,,,,,,,,,,,,,,,,,2050,USENSYS,0.042,full-base-200
cCO2,23672429969.501442,,,,,,,,,,,,,,,,,,,,,,,,,,,2050,USENSYS,0.068,full-base-200
cCO2,1158864521628.8813,,,,,,,,,,,,,,,,,,,,,,,,,,,NPV,GenX,0.19,full-base-200
cFix,3475451837423.162,,,,,,,,,,,,,,,,,,,,,,,,,,,NPV,GenX,0.569,full-base-200
cNSE,7550320683.254134,,,,,,,,,,,,,,,,,,,,,,,,,,,NPV,GenX,0.001,full-base-200
cNetworkExp,177090259455.81372,,,,,,,,,,,,,,,,,,,,,,,,,,,NPV,GenX,0.029,full-base-200
cStart,144032423595.81708,,,,,,,,,,,,,,,,,,,,,,,,,,,NPV,GenX,0.024,full-base-200
cUnmetRsv,0.0,,,,,,,,,,,,,,,,,,,,,,,,,,,NPV,GenX,0.0,full-base-200
cVOM,240162791117.88318,,,,,,,,,,,,,,,,,,,,,,,,,,,NPV,GenX,0.039,full-base-200
cVar,903299899473.0693,,,,,,,,,,,,,,,,,,,,,,,,,,,NPV,GenX,0.148,full-base-200
cCO2,1154653567500.9949,,,,,,,,,,,,,,,,,,,,,,,,,,,NPV,SWITCH,0.19,full-base-200
cFix,3446218964470.8354,,,,,,,,,,,,,,,,,,,,,,,,,,,NPV,SWITCH,0.567,full-base-200
cNSE,5024900778.61916,,,,,,,,,,,,,,,,,,,,,,,,,,,NPV,SWITCH,0.001,full-base-200
cNetworkExp,172297320367.08496,,,,,,,,,,,,,,,,,,,,,,,,,,,NPV,SWITCH,0.028,full-base-200
cStart,140874074752.29788,,,,,,,,,,,,,,,,,,,,,,,,,,,NPV,SWITCH,0.023,full-base-200
cUnmetRsv,0.0,,,,,,,,,,,,,,,,,,,,,,,,,,,NPV,SWITCH,0.0,full-base-200
cVOM,244918173234.32874,,,,,,,,,,,,,,,,,,,,,,,,,,,NPV,SWITCH,0.04,full-base-200
cVar,909033689077.0759,,,,,,,,,,,,,,,,,,,,,,,,,,,NPV,SWITCH,0.15,full-base-200
cCO2,1158957723356.6611,,,,,,,,,,,,,,,,,,,,,,,,,,,NPV,TEMOA,0.19,full-base-200
cFix,3509081859513.2993,,,,,,,,,,,,,,,,,,,,,,,,,,,NPV,TEMOA,0.574,full-base-200
cNSE,8589598635.791356,,,,,,,,,,,,,,,,,,,,,,,,,,,NPV,TEMOA,0.001,full-base-200
cNetworkExp,173853109300.0802,,,,,,,,,,,,,,,,,,,,,,,,,,,NPV,TEMOA,0.028,full-base-200
cStart,139920309700.7296,,,,,,,,,,,,,,,,,,,,,,,,,,,NPV,TEMOA,0.023,full-base-200
cUnmetRsv,0.0,,,,,,,,,,,,,,,,,,,,,,,,,,,NPV,TEMOA,0.0,full-base-200
cVOM,234527999377.3888,,,,,,,,,,,,,,,,,,,,,,,,,,,NPV,TEMOA,0.038,full-base-200
cVar,885092878966.5571,,,,,,,,,,,,,,,,,,,,,,,,,,,NPV,TEMOA,0.145,full-base-200
cCO2,1154406010215.5728,,,,,,,,,,,,,,,,,,,,,,,,,,,NPV,USENSYS,0.189,full-base-200
cFix,3501795225604.9683,,,,,,,,,,,,,,,,,,,,,,,,,,,NPV,USENSYS,0.573,full-base-200
cNSE,114294104.63656706,,,,,,,,,,,,,,,,,,,,,,,,,,,NPV,USENSYS,0.0,full-base-200
cNetworkExp,172397859946.17984,,,,,,,,,,,,,,,,,,,,,,,,,,,NPV,USENSYS,0.028,full-base-200
cStart,142698335907.50958,,,,,,,,,,,,,,,,,,,,,,,,,,,NPV,USENSYS,0.023,full-base-200
cUnmetRsv,0.0,,,,,,,,,,,,,,,,,,,,,,,,,,,NPV,USENSYS,0.0,full-base-200
cVOM,239820965862.34927,,,,,,,,,,,,,,,,,,,,,,,,,,,NPV,USENSYS,0.039,full-base-200
cVar,903661471072.6124,,,,,,,,,,,,,,,,,,,,,,,,,,,NPV,USENSYS,0.148,full-base-200
