Region,Resource,Zone,Cluster,R_ID,SubsidyRevenue
NENG_Rest,NENG_Rest_conventional_hydroelectric_1,1,1,1,0.0
NY_Z_A,NY_Z_A_conventional_hydroelectric_1,2,1,2,0.0
NY_Z_B,NY_Z_B_conventional_hydroelectric_1,3,1,3,0.0
NY_Z_C&E,NY_Z_C&E_conventional_hydroelectric_1,4,1,4,0.0
NY_Z_D,NY_Z_D_conventional_hydroelectric_1,5,1,5,0.0
NY_Z_F,NY_Z_F_conventional_hydroelectric_1,6,1,6,0.0
PJM_EMAC,PJM_EMAC_conventional_hydroelectric_1,10,1,7,0.0
PJM_Rest,PJM_Rest_conventional_hydroelectric_1,11,1,8,0.0
NENG_Rest,NENG_Rest_conventional_steam_coal_1,1,1,9,0.0
NENG_Rest,NENG_Rest_natural_gas_fired_combined_cycle_1,1,1,10,0.0
NENG_Rest,NENG_Rest_natural_gas_fired_combined_cycle_2,1,2,11,0.0
NENG_Rest,NENG_Rest_natural_gas_fired_combustion_turbine_1,1,1,12,0.0
NENG_Rest,NENG_Rest_natural_gas_fired_combustion_turbine_2,1,2,13,0.0
NENG_Rest,NENG_Rest_nuclear_1,1,1,14,0.0
NY_Z_A,NY_Z_A_natural_gas_fired_combined_cycle_1,2,1,15,0.0
NY_Z_A,NY_Z_A_natural_gas_fired_combustion_turbine_1,2,1,16,0.0
NY_Z_A,NY_Z_A_natural_gas_steam_turbine_1,2,1,17,0.0
NY_Z_B,NY_Z_B_natural_gas_fired_combined_cycle_1,3,1,18,0.0
NY_Z_B,NY_Z_B_natural_gas_fired_combustion_turbine_1,3,1,19,0.0
NY_Z_B,NY_Z_B_natural_gas_steam_turbine_1,3,1,20,0.0
NY_Z_B,NY_Z_B_nuclear_1,3,1,21,0.04035340165459963
NY_Z_C&E,NY_Z_C&E_natural_gas_fired_combined_cycle_1,4,1,22,0.0
NY_Z_C&E,NY_Z_C&E_natural_gas_steam_turbine_1,4,1,23,0.0
NY_Z_C&E,NY_Z_C&E_nuclear_1,4,1,24,1.431600572672561e6
NY_Z_D,NY_Z_D_natural_gas_fired_combined_cycle_1,5,1,25,0.0
NY_Z_D,NY_Z_D_natural_gas_fired_combined_cycle_2,5,2,26,0.0
NY_Z_F,NY_Z_F_natural_gas_fired_combined_cycle_1,6,1,27,0.0
NY_Z_F,NY_Z_F_natural_gas_fired_combined_cycle_2,6,2,28,0.0
NY_Z_F,NY_Z_F_natural_gas_fired_combustion_turbine_1,6,1,29,0.0
NY_Z_G-I,NY_Z_G-I_natural_gas_fired_combined_cycle_1,7,1,30,0.0
NY_Z_G-I,NY_Z_G-I_natural_gas_fired_combined_cycle_2,7,2,31,0.0
NY_Z_G-I,NY_Z_G-I_natural_gas_fired_combustion_turbine_1,7,1,32,0.0
NY_Z_G-I,NY_Z_G-I_natural_gas_fired_combustion_turbine_2,7,2,33,0.0
NY_Z_J,NY_Z_J_natural_gas_fired_combined_cycle_1,8,1,34,0.0
NY_Z_J,NY_Z_J_natural_gas_fired_combined_cycle_2,8,2,35,0.0
NY_Z_J,NY_Z_J_natural_gas_fired_combustion_turbine_1,8,1,36,0.0
NY_Z_J,NY_Z_J_natural_gas_fired_combustion_turbine_2,8,2,37,0.0
NY_Z_K,NY_Z_K_natural_gas_fired_combined_cycle_1,9,1,38,0.0
NY_Z_K,NY_Z_K_natural_gas_fired_combined_cycle_2,9,2,39,0.0
NY_Z_K,NY_Z_K_natural_gas_fired_combustion_turbine_1,9,1,40,0.0
NY_Z_K,NY_Z_K_natural_gas_fired_combustion_turbine_2,9,2,41,0.0
PJM_EMAC,PJM_EMAC_conventional_steam_coal_1,10,1,42,0.0
PJM_EMAC,PJM_EMAC_natural_gas_fired_combined_cycle_1,10,1,43,0.0
PJM_EMAC,PJM_EMAC_natural_gas_fired_combined_cycle_2,10,2,44,0.0
PJM_EMAC,PJM_EMAC_natural_gas_fired_combined_cycle_3,10,3,45,0.0
PJM_EMAC,PJM_EMAC_natural_gas_fired_combustion_turbine_1,10,1,46,0.0
PJM_EMAC,PJM_EMAC_natural_gas_fired_combustion_turbine_2,10,2,47,0.0
PJM_EMAC,PJM_EMAC_natural_gas_steam_turbine_1,10,1,48,0.0
PJM_EMAC,PJM_EMAC_nuclear_1,10,1,49,6.0163955369854005e-6
PJM_EMAC,PJM_EMAC_nuclear_2,10,2,50,5.3012910654163404e-14
PJM_Rest,PJM_Rest_conventional_steam_coal_1,11,1,51,0.0
PJM_Rest,PJM_Rest_natural_gas_fired_combined_cycle_1,11,1,52,0.0
PJM_Rest,PJM_Rest_natural_gas_fired_combined_cycle_2,11,2,53,0.0
PJM_Rest,PJM_Rest_natural_gas_fired_combustion_turbine_1,11,1,54,0.0
PJM_Rest,PJM_Rest_natural_gas_fired_combustion_turbine_2,11,2,55,0.0
PJM_Rest,PJM_Rest_natural_gas_fired_combustion_turbine_3,11,3,56,0.0
PJM_Rest,PJM_Rest_natural_gas_fired_combustion_turbine_4,11,4,57,0.0
PJM_Rest,PJM_Rest_nuclear_1,11,1,58,9.972277389504785e-5
NENG_Rest,NENG_Rest_naturalgas_ccavgcf_moderate_0,1,0,59,0.0
NENG_Rest,NENG_Rest_naturalgas_ctavgcf_moderate_0,1,0,60,0.0
NENG_Rest,NENG_Rest_nuclear_nuclear_moderate_0,1,0,61,0.0
NENG_Rest,NENG_Rest_naturalgas_ccs100_moderate_0,1,0,62,0.0
NY_Z_A,NY_Z_A_naturalgas_ccavgcf_moderate_0,2,0,63,0.0
NY_Z_A,NY_Z_A_naturalgas_ctavgcf_moderate_0,2,0,64,0.0
NY_Z_A,NY_Z_A_nuclear_nuclear_moderate_0,2,0,65,0.007382066189670146
NY_Z_A,NY_Z_A_naturalgas_ccs100_moderate_0,2,0,66,0.0
NY_Z_B,NY_Z_B_naturalgas_ccavgcf_moderate_0,3,0,67,0.0
NY_Z_B,NY_Z_B_naturalgas_ctavgcf_moderate_0,3,0,68,0.0
NY_Z_B,NY_Z_B_nuclear_nuclear_moderate_0,3,0,69,0.008619179177595273
NY_Z_B,NY_Z_B_naturalgas_ccs100_moderate_0,3,0,70,0.0
NY_Z_C&E,NY_Z_C&E_naturalgas_ccavgcf_moderate_0,4,0,71,0.0
NY_Z_C&E,NY_Z_C&E_naturalgas_ctavgcf_moderate_0,4,0,72,0.0
NY_Z_C&E,NY_Z_C&E_nuclear_nuclear_moderate_0,4,0,73,0.00693054695302799
NY_Z_C&E,NY_Z_C&E_naturalgas_ccs100_moderate_0,4,0,74,0.0
NY_Z_D,NY_Z_D_naturalgas_ccavgcf_moderate_0,5,0,75,0.0
NY_Z_D,NY_Z_D_naturalgas_ctavgcf_moderate_0,5,0,76,0.0
NY_Z_D,NY_Z_D_nuclear_nuclear_moderate_0,5,0,77,0.007377905021304186
NY_Z_D,NY_Z_D_naturalgas_ccs100_moderate_0,5,0,78,0.0
NY_Z_F,NY_Z_F_naturalgas_ccavgcf_moderate_0,6,0,79,0.0
NY_Z_F,NY_Z_F_naturalgas_ctavgcf_moderate_0,6,0,80,0.0
NY_Z_F,NY_Z_F_nuclear_nuclear_moderate_0,6,0,81,0.008655490048424664
NY_Z_F,NY_Z_F_naturalgas_ccs100_moderate_0,6,0,82,0.0
NY_Z_G-I,NY_Z_G-I_naturalgas_ccavgcf_moderate_0,7,0,83,0.0
NY_Z_G-I,NY_Z_G-I_naturalgas_ctavgcf_moderate_0,7,0,84,0.0
NY_Z_G-I,NY_Z_G-I_nuclear_nuclear_moderate_0,7,0,85,0.008856456521653766
NY_Z_G-I,NY_Z_G-I_naturalgas_ccs100_moderate_0,7,0,86,0.0
NY_Z_J,NY_Z_J_naturalgas_ccavgcf_moderate_0,8,0,87,0.0
NY_Z_J,NY_Z_J_naturalgas_ctavgcf_moderate_0,8,0,88,0.0
NY_Z_J,NY_Z_J_nuclear_nuclear_moderate_0,8,0,89,0.0074143448631366835
NY_Z_J,NY_Z_J_naturalgas_ccs100_moderate_0,8,0,90,0.0
NY_Z_K,NY_Z_K_naturalgas_ccavgcf_moderate_0,9,0,91,0.0
NY_Z_K,NY_Z_K_naturalgas_ctavgcf_moderate_0,9,0,92,0.0
NY_Z_K,NY_Z_K_nuclear_nuclear_moderate_0,9,0,93,0.006651682759996478
NY_Z_K,NY_Z_K_naturalgas_ccs100_moderate_0,9,0,94,0.0
PJM_EMAC,PJM_EMAC_naturalgas_ccavgcf_moderate_0,10,0,95,0.0
PJM_EMAC,PJM_EMAC_naturalgas_ctavgcf_moderate_0,10,0,96,0.0
PJM_EMAC,PJM_EMAC_nuclear_nuclear_moderate_0,10,0,97,1.1484211984680106e-14
PJM_EMAC,PJM_EMAC_naturalgas_ccs100_moderate_0,10,0,98,0.0
PJM_Rest,PJM_Rest_naturalgas_ccccsavgcf_moderate_0,11,0,99,0.0
PJM_Rest,PJM_Rest_naturalgas_ccavgcf_moderate_0,11,0,100,0.0
PJM_Rest,PJM_Rest_naturalgas_ctavgcf_moderate_0,11,0,101,0.0
PJM_Rest,PJM_Rest_nuclear_nuclear_moderate_0,11,0,102,8.588949005228914e-14
PJM_Rest,PJM_Rest_naturalgas_ccs100_moderate_0,11,0,103,0.0
NENG_Rest,NENG_Rest_offshore_wind_turbine_1,1,1,104,57301.0466597294
NENG_Rest,NENG_Rest_onshore_wind_turbine_1,1,1,105,1.0610189571079577e6
NENG_Rest,NENG_Rest_solar_photovoltaic_1,1,1,106,0.004027767995718776
NY_Z_A,NY_Z_A_onshore_wind_turbine_1,2,1,107,0.0
NY_Z_A,NY_Z_A_solar_photovoltaic_1,2,1,108,1.0327577339874677e-15
NY_Z_B,NY_Z_B_onshore_wind_turbine_1,3,1,109,0.0
NY_Z_B,NY_Z_B_solar_photovoltaic_1,3,1,110,6.926462782794697e-16
NY_Z_C&E,NY_Z_C&E_onshore_wind_turbine_1,4,1,111,0.0
NY_Z_C&E,NY_Z_C&E_solar_photovoltaic_1,4,1,112,5.189120347612521e-16
NY_Z_D,NY_Z_D_onshore_wind_turbine_1,5,1,113,0.0
NY_Z_D,NY_Z_D_solar_photovoltaic_1,5,1,114,2.4587096748328864e-10
NY_Z_F,NY_Z_F_solar_photovoltaic_1,6,1,115,6.643736651366741e-16
NY_Z_G-I,NY_Z_G-I_solar_photovoltaic_1,7,1,116,2.671320585189422e-15
PJM_EMAC,PJM_EMAC_solar_photovoltaic_1,10,1,117,0.0
PJM_Rest,PJM_Rest_onshore_wind_turbine_1,11,1,118,0.0
PJM_Rest,PJM_Rest_solar_photovoltaic_1,11,1,119,0.0
NENG_Rest,NENG_Rest_offshorewind_class3_advanced_fixed_1_0,1,0,120,0.01272607401524158
NENG_Rest,NENG_Rest_offshorewind_class3_advanced_fixed_1_1,1,1,121,0.12458973197159887
NENG_Rest,NENG_Rest_offshorewind_class3_advanced_fixed_1_2,1,2,122,0.03216693201541347
NENG_Rest,NENG_Rest_offshorewind_class3_advanced_fixed_1_3,1,3,123,0.018235604487648067
NENG_Rest,NENG_Rest_offshorewind_class3_advanced_fixed_1_4,1,4,124,5.240210051626817e6
NENG_Rest,NENG_Rest_offshorewind_class3_advanced_fixed_1_5,1,5,125,845629.5385649067
NENG_Rest,NENG_Rest_offshorewind_class3_advanced_fixed_0_0,1,0,126,1.571965231668817e6
NENG_Rest,NENG_Rest_offshorewind_class3_advanced_fixed_0_1,1,1,127,2.0632288136225846e6
NENG_Rest,NENG_Rest_offshorewind_class3_advanced_fixed_0_2,1,2,128,0.06709321091459103
NENG_Rest,NENG_Rest_offshorewind_class3_advanced_fixed_0_3,1,3,129,0.04463562589115675
NENG_Rest,NENG_Rest_offshorewind_class3_advanced_fixed_0_4,1,4,130,0.03620069114441137
NENG_Rest,NENG_Rest_offshorewind_class3_advanced_fixed_0_5,1,5,131,0.4065916422947888
NENG_Rest,NENG_Rest_offshorewind_class12_advanced_floating_0_0,1,0,132,0.013104246064562864
NENG_Rest,NENG_Rest_offshorewind_class12_advanced_floating_0_1,1,1,133,0.017206831842718068
NENG_Rest,NENG_Rest_offshorewind_class12_advanced_floating_0_2,1,2,134,0.023122579478143522
NENG_Rest,NENG_Rest_offshorewind_class12_advanced_floating_0_3,1,3,135,0.021484691908082415
NENG_Rest,NENG_Rest_offshorewind_class12_advanced_floating_0_4,1,4,136,0.012720602411086562
NENG_Rest,NENG_Rest_offshorewind_class12_advanced_floating_0_5,1,5,137,0.009242147430809084
NENG_Rest,NENG_Rest_offshorewind_class12_advanced_floating_1_0,1,0,138,0.013132404686972125
NENG_Rest,NENG_Rest_offshorewind_class12_advanced_floating_1_1,1,1,139,0.016572071583760863
NENG_Rest,NENG_Rest_offshorewind_class12_advanced_floating_1_2,1,2,140,0.021982843137777888
NENG_Rest,NENG_Rest_offshorewind_class12_advanced_floating_1_3,1,3,141,0.00803842047448768
NENG_Rest,NENG_Rest_offshorewind_class12_advanced_floating_1_4,1,4,142,0.015250313443035823
NENG_Rest,NENG_Rest_offshorewind_class12_advanced_floating_1_5,1,5,143,0.013805079244531919
NENG_Rest,NENG_Rest_landbasedwind_class1_advanced_1,1,1,144,0.013275133944292422
NENG_Rest,NENG_Rest_landbasedwind_class1_advanced_2,1,2,145,5.103150920870231e6
NENG_Rest,NENG_Rest_landbasedwind_class1_advanced_3,1,3,146,35181.280728268
NENG_Rest,NENG_Rest_landbasedwind_class1_advanced_4,1,4,147,0.008461745549144204
NENG_Rest,NENG_Rest_landbasedwind_class1_advanced_5,1,5,148,0.009261532945928462
NENG_Rest,NENG_Rest_landbasedwind_class1_advanced_6,1,6,149,0.006448132735249363
NENG_Rest,NENG_Rest_utilitypv_class1_advanced_1,1,1,150,0.001804635876494739
NENG_Rest,NENG_Rest_utilitypv_class1_advanced_2,1,2,151,0.0006491062862645802
NENG_Rest,NENG_Rest_utilitypv_class1_advanced_3,1,3,152,0.0006983786598133596
NENG_Rest,NENG_Rest_utilitypv_class1_advanced_4,1,4,153,0.0007275273923137141
NENG_Rest,NENG_Rest_utilitypv_class1_advanced_5,1,5,154,797811.1260175767
NENG_Rest,NENG_Rest_utilitypv_class1_advanced_6,1,6,155,0.0014445858998378836
NY_Z_A,NY_Z_A_landbasedwind_class1_advanced_1,2,1,156,0.0
NY_Z_A,NY_Z_A_landbasedwind_class1_advanced_2,2,2,157,0.0
NY_Z_A,NY_Z_A_landbasedwind_class1_advanced_3,2,3,158,0.0
NY_Z_A,NY_Z_A_landbasedwind_class1_advanced_4,2,4,159,0.0
NY_Z_A,NY_Z_A_landbasedwind_class1_advanced_5,2,5,160,0.0
NY_Z_A,NY_Z_A_landbasedwind_class1_advanced_6,2,6,161,0.0
NY_Z_A,NY_Z_A_utilitypv_class1_advanced_1,2,1,162,6.438436978013215e-16
NY_Z_A,NY_Z_A_utilitypv_class1_advanced_2,2,2,163,7.96172212520943e-16
NY_Z_A,NY_Z_A_utilitypv_class1_advanced_3,2,3,164,4.0765508645522335e-16
NY_Z_A,NY_Z_A_utilitypv_class1_advanced_4,2,4,165,4.105230717218985e-16
NY_Z_A,NY_Z_A_utilitypv_class1_advanced_5,2,5,166,3.2431018135882085e-16
NY_Z_A,NY_Z_A_utilitypv_class1_advanced_6,2,6,167,5.873405345042992e-16
NY_Z_B,NY_Z_B_landbasedwind_class1_advanced_1,3,1,168,0.0
NY_Z_B,NY_Z_B_landbasedwind_class1_advanced_2,3,2,169,0.0
NY_Z_B,NY_Z_B_landbasedwind_class1_advanced_3,3,3,170,0.0
NY_Z_B,NY_Z_B_landbasedwind_class1_advanced_4,3,4,171,0.0
NY_Z_B,NY_Z_B_landbasedwind_class1_advanced_5,3,5,172,0.0
NY_Z_B,NY_Z_B_landbasedwind_class1_advanced_6,3,6,173,0.0
NY_Z_B,NY_Z_B_utilitypv_class1_advanced_1,3,1,174,5.689753172819325e-15
NY_Z_B,NY_Z_B_utilitypv_class1_advanced_2,3,2,175,3.6196918780740163e-16
NY_Z_B,NY_Z_B_utilitypv_class1_advanced_3,3,3,176,7.94178417454432e-16
NY_Z_B,NY_Z_B_utilitypv_class1_advanced_4,3,4,177,9.335133709867532e-16
NY_Z_B,NY_Z_B_utilitypv_class1_advanced_5,3,5,178,3.6660023526637263e-16
NY_Z_B,NY_Z_B_utilitypv_class1_advanced_6,3,6,179,3.2194702363721166e-7
NY_Z_C&E,NY_Z_C&E_landbasedwind_class1_advanced_1,4,1,180,0.0
NY_Z_C&E,NY_Z_C&E_landbasedwind_class1_advanced_2,4,2,181,0.0
NY_Z_C&E,NY_Z_C&E_landbasedwind_class1_advanced_3,4,3,182,0.0
NY_Z_C&E,NY_Z_C&E_landbasedwind_class1_advanced_4,4,4,183,0.0
NY_Z_C&E,NY_Z_C&E_landbasedwind_class1_advanced_5,4,5,184,0.0
NY_Z_C&E,NY_Z_C&E_landbasedwind_class1_advanced_6,4,6,185,0.0
NY_Z_C&E,NY_Z_C&E_utilitypv_class1_advanced_1,4,1,186,4.3187826494618736e-16
NY_Z_C&E,NY_Z_C&E_utilitypv_class1_advanced_2,4,2,187,4.313459099946918e-16
NY_Z_C&E,NY_Z_C&E_utilitypv_class1_advanced_3,4,3,188,2.2692047253463157e-6
NY_Z_C&E,NY_Z_C&E_utilitypv_class1_advanced_4,4,4,189,5.825482590120801e-16
NY_Z_C&E,NY_Z_C&E_utilitypv_class1_advanced_5,4,5,190,3.079168068105773e-15
NY_Z_C&E,NY_Z_C&E_utilitypv_class1_advanced_6,4,6,191,3.254385321219697e-16
NY_Z_D,NY_Z_D_landbasedwind_class1_advanced_1,5,1,192,0.0
NY_Z_D,NY_Z_D_landbasedwind_class1_advanced_2,5,2,193,0.0
NY_Z_D,NY_Z_D_landbasedwind_class1_advanced_3,5,3,194,0.0
NY_Z_D,NY_Z_D_landbasedwind_class1_advanced_4,5,4,195,0.0
NY_Z_D,NY_Z_D_landbasedwind_class1_advanced_5,5,5,196,0.0
NY_Z_D,NY_Z_D_landbasedwind_class1_advanced_6,5,6,197,0.0
NY_Z_D,NY_Z_D_utilitypv_class1_advanced_1,5,1,198,3.422425676631684e-16
NY_Z_D,NY_Z_D_utilitypv_class1_advanced_2,5,2,199,2.0759006969219373e-15
NY_Z_D,NY_Z_D_utilitypv_class1_advanced_3,5,3,200,6.100608474571506e-7
NY_Z_D,NY_Z_D_utilitypv_class1_advanced_4,5,4,201,3.1856146977625743e-16
NY_Z_D,NY_Z_D_utilitypv_class1_advanced_5,5,5,202,6.305133401840656e-16
NY_Z_D,NY_Z_D_utilitypv_class1_advanced_6,5,6,203,1.6526353313619739e-15
NY_Z_F,NY_Z_F_landbasedwind_class1_advanced_1,6,1,204,0.0
NY_Z_F,NY_Z_F_landbasedwind_class1_advanced_2,6,2,205,0.0
NY_Z_F,NY_Z_F_landbasedwind_class1_advanced_3,6,3,206,0.0
NY_Z_F,NY_Z_F_landbasedwind_class1_advanced_4,6,4,207,0.0
NY_Z_F,NY_Z_F_landbasedwind_class1_advanced_5,6,5,208,0.0
NY_Z_F,NY_Z_F_landbasedwind_class1_advanced_6,6,6,209,0.0
NY_Z_F,NY_Z_F_utilitypv_class1_advanced_1,6,1,210,6.013260957998582e-16
NY_Z_F,NY_Z_F_utilitypv_class1_advanced_2,6,2,211,9.448783868051733e-16
NY_Z_F,NY_Z_F_utilitypv_class1_advanced_3,6,3,212,5.280540178966847e-16
NY_Z_F,NY_Z_F_utilitypv_class1_advanced_4,6,4,213,4.2954252072483623e-16
NY_Z_F,NY_Z_F_utilitypv_class1_advanced_5,6,5,214,2.303373799001839e-15
NY_Z_F,NY_Z_F_utilitypv_class1_advanced_6,6,6,215,2.040431922078813e-7
NY_Z_G-I,NY_Z_G-I_landbasedwind_class1_advanced_1,7,1,216,0.0
NY_Z_G-I,NY_Z_G-I_landbasedwind_class1_advanced_2,7,2,217,0.0
NY_Z_G-I,NY_Z_G-I_landbasedwind_class1_advanced_3,7,3,218,0.0
NY_Z_G-I,NY_Z_G-I_landbasedwind_class1_advanced_4,7,4,219,0.0
NY_Z_G-I,NY_Z_G-I_landbasedwind_class1_advanced_5,7,5,220,0.0
NY_Z_G-I,NY_Z_G-I_landbasedwind_class1_advanced_6,7,6,221,0.0
NY_Z_G-I,NY_Z_G-I_utilitypv_class1_advanced_1,7,1,222,4.3182634518553045e-16
NY_Z_G-I,NY_Z_G-I_utilitypv_class1_advanced_2,7,2,223,4.010194197178254e-16
NY_Z_G-I,NY_Z_G-I_utilitypv_class1_advanced_3,7,3,224,1.0327810441093658e-7
NY_Z_G-I,NY_Z_G-I_utilitypv_class1_advanced_4,7,4,225,2.1281710164388612e-15
NY_Z_G-I,NY_Z_G-I_utilitypv_class1_advanced_5,7,5,226,5.116360863262679e-16
NY_Z_G-I,NY_Z_G-I_utilitypv_class1_advanced_6,7,6,227,3.667464175814852e-16
NY_Z_J,NY_Z_J_offshorewind_class3_advanced_fixed_1_0,8,0,228,1.4385798450353723e6
NY_Z_J,NY_Z_J_offshorewind_class3_advanced_fixed_1_1,8,1,229,1.674134357947567e6
NY_Z_J,NY_Z_J_offshorewind_class3_advanced_fixed_1_2,8,2,230,1.5775990675793468
NY_Z_J,NY_Z_J_offshorewind_class3_advanced_fixed_1_3,8,3,231,962503.0618095595
NY_Z_J,NY_Z_J_offshorewind_class3_advanced_fixed_1_4,8,4,232,2.339192925202133e6
NY_Z_J,NY_Z_J_offshorewind_class3_advanced_fixed_1_5,8,5,233,621176.7072299451
NY_Z_J,NY_Z_J_offshorewind_class3_advanced_fixed_0_0,8,0,234,874532.3519140335
NY_Z_J,NY_Z_J_offshorewind_class3_advanced_fixed_0_1,8,1,235,0.052404594507840005
NY_Z_J,NY_Z_J_offshorewind_class3_advanced_fixed_0_2,8,2,236,804776.7536299753
NY_Z_J,NY_Z_J_offshorewind_class3_advanced_fixed_0_3,8,3,237,411495.93265421805
NY_Z_J,NY_Z_J_offshorewind_class3_advanced_fixed_0_4,8,4,238,7.163061575165586
NY_Z_J,NY_Z_J_offshorewind_class3_advanced_fixed_0_5,8,5,239,235554.51274607336
NY_Z_J,NY_Z_J_offshorewind_class12_advanced_floating_0_0,8,0,240,0.012709292189055008
NY_Z_J,NY_Z_J_offshorewind_class12_advanced_floating_0_1,8,1,241,0.011499482575645854
NY_Z_J,NY_Z_J_offshorewind_class12_advanced_floating_0_2,8,2,242,0.018148145795090127
NY_Z_J,NY_Z_J_offshorewind_class12_advanced_floating_0_3,8,3,243,0.014995368520785169
NY_Z_J,NY_Z_J_offshorewind_class12_advanced_floating_0_4,8,4,244,0.023748786559100808
NY_Z_J,NY_Z_J_offshorewind_class12_advanced_floating_0_5,8,5,245,0.018097704780605083
NY_Z_J,NY_Z_J_offshorewind_class12_advanced_floating_1_0,8,0,246,2.515125308647287e6
NY_Z_J,NY_Z_J_offshorewind_class12_advanced_floating_1_1,8,1,247,0.012542629857765232
NY_Z_J,NY_Z_J_offshorewind_class12_advanced_floating_1_2,8,2,248,0.038465386932650794
NY_Z_J,NY_Z_J_offshorewind_class12_advanced_floating_1_3,8,3,249,0.03738023932146105
NY_Z_J,NY_Z_J_offshorewind_class12_advanced_floating_1_4,8,4,250,0.018503644766598125
NY_Z_J,NY_Z_J_offshorewind_class12_advanced_floating_1_5,8,5,251,0.03804238790082733
NY_Z_K,NY_Z_K_utilitypv_class1_advanced_1,9,1,252,1.2520608430580995e-15
PJM_EMAC,PJM_EMAC_offshorewind_class3_advanced_fixed_1_0,10,0,253,6.684180347086555e6
PJM_EMAC,PJM_EMAC_offshorewind_class3_advanced_fixed_1_1,10,1,254,0.005898715215822682
PJM_EMAC,PJM_EMAC_offshorewind_class3_advanced_fixed_1_2,10,2,255,0.006245787987139844
PJM_EMAC,PJM_EMAC_offshorewind_class3_advanced_fixed_1_3,10,3,256,0.03992059461623767
PJM_EMAC,PJM_EMAC_offshorewind_class3_advanced_fixed_1_4,10,4,257,0.09439030912226458
PJM_EMAC,PJM_EMAC_offshorewind_class3_advanced_fixed_1_5,10,5,258,0.005846038321548244
PJM_EMAC,PJM_EMAC_offshorewind_class3_advanced_fixed_0_0,10,0,259,0.03202935508962222
PJM_EMAC,PJM_EMAC_offshorewind_class3_advanced_fixed_0_1,10,1,260,0.07268175819036941
PJM_EMAC,PJM_EMAC_offshorewind_class3_advanced_fixed_0_2,10,2,261,0.010686130008885183
PJM_EMAC,PJM_EMAC_offshorewind_class3_advanced_fixed_0_3,10,3,262,0.005847386335010537
PJM_EMAC,PJM_EMAC_offshorewind_class3_advanced_fixed_0_4,10,4,263,0.0032263679219784445
PJM_EMAC,PJM_EMAC_offshorewind_class3_advanced_fixed_0_5,10,5,264,0.0037011802250887424
PJM_EMAC,PJM_EMAC_offshorewind_class12_advanced_floating_0_0,10,0,265,0.008349598632923779
PJM_EMAC,PJM_EMAC_offshorewind_class12_advanced_floating_0_1,10,1,266,0.006917220121519944
PJM_EMAC,PJM_EMAC_offshorewind_class12_advanced_floating_0_2,10,2,267,0.0029923906312299925
PJM_EMAC,PJM_EMAC_offshorewind_class12_advanced_floating_0_3,10,3,268,0.008235238816303453
PJM_EMAC,PJM_EMAC_offshorewind_class12_advanced_floating_0_4,10,4,269,0.0024434826010713575
PJM_EMAC,PJM_EMAC_offshorewind_class12_advanced_floating_0_5,10,5,270,0.002656215731142496
PJM_EMAC,PJM_EMAC_offshorewind_class12_advanced_floating_1_0,10,0,271,0.005029806006518695
PJM_EMAC,PJM_EMAC_offshorewind_class12_advanced_floating_1_1,10,1,272,0.00651611895828402
PJM_EMAC,PJM_EMAC_offshorewind_class12_advanced_floating_1_2,10,2,273,0.008201311618909938
PJM_EMAC,PJM_EMAC_offshorewind_class12_advanced_floating_1_3,10,3,274,0.009890470597108129
PJM_EMAC,PJM_EMAC_offshorewind_class12_advanced_floating_1_4,10,4,275,0.006811296118733208
PJM_EMAC,PJM_EMAC_offshorewind_class12_advanced_floating_1_5,10,5,276,0.004659873284300554
PJM_EMAC,PJM_EMAC_landbasedwind_class1_advanced_1,10,1,277,0.0
PJM_EMAC,PJM_EMAC_landbasedwind_class1_advanced_2,10,2,278,0.0
PJM_EMAC,PJM_EMAC_landbasedwind_class1_advanced_3,10,3,279,0.0
PJM_EMAC,PJM_EMAC_landbasedwind_class1_advanced_4,10,4,280,0.0
PJM_EMAC,PJM_EMAC_landbasedwind_class1_advanced_5,10,5,281,0.0
PJM_EMAC,PJM_EMAC_landbasedwind_class1_advanced_6,10,6,282,0.0
PJM_EMAC,PJM_EMAC_utilitypv_class1_advanced_1,10,1,283,0.0
PJM_EMAC,PJM_EMAC_utilitypv_class1_advanced_2,10,2,284,0.0
PJM_EMAC,PJM_EMAC_utilitypv_class1_advanced_3,10,3,285,0.0
PJM_EMAC,PJM_EMAC_utilitypv_class1_advanced_4,10,4,286,0.0
PJM_EMAC,PJM_EMAC_utilitypv_class1_advanced_5,10,5,287,0.0
PJM_EMAC,PJM_EMAC_utilitypv_class1_advanced_6,10,6,288,0.0
PJM_Rest,PJM_Rest_offshorewind_class3_advanced_fixed_1_0,11,0,289,2.0800680693877114e6
PJM_Rest,PJM_Rest_offshorewind_class3_advanced_fixed_1_1,11,1,290,1.0906354156515496e6
PJM_Rest,PJM_Rest_offshorewind_class3_advanced_fixed_1_2,11,2,291,1.7891813049840347e6
PJM_Rest,PJM_Rest_offshorewind_class3_advanced_fixed_1_3,11,3,292,1.1470279507489363e6
PJM_Rest,PJM_Rest_offshorewind_class3_advanced_fixed_1_4,11,4,293,0.026676846864877212
PJM_Rest,PJM_Rest_offshorewind_class3_advanced_fixed_1_5,11,5,294,1.189939442098259e6
PJM_Rest,PJM_Rest_offshorewind_class3_advanced_fixed_0_0,11,0,295,0.019660527596398105
PJM_Rest,PJM_Rest_offshorewind_class3_advanced_fixed_0_1,11,1,296,6.822669779344124
PJM_Rest,PJM_Rest_offshorewind_class3_advanced_fixed_0_2,11,2,297,0.032447217944623824
PJM_Rest,PJM_Rest_offshorewind_class3_advanced_fixed_0_3,11,3,298,13281.029619091638
PJM_Rest,PJM_Rest_offshorewind_class3_advanced_fixed_0_4,11,4,299,0.07430493089047345
PJM_Rest,PJM_Rest_offshorewind_class3_advanced_fixed_0_5,11,5,300,3.1055204455653818
PJM_Rest,PJM_Rest_offshorewind_class12_advanced_floating_0_0,11,0,301,0.02023733193264943
PJM_Rest,PJM_Rest_offshorewind_class12_advanced_floating_0_1,11,1,302,0.01013899033490364
PJM_Rest,PJM_Rest_offshorewind_class12_advanced_floating_0_2,11,2,303,0.009973717618338155
PJM_Rest,PJM_Rest_offshorewind_class12_advanced_floating_0_3,11,3,304,0.008488641558548206
PJM_Rest,PJM_Rest_offshorewind_class12_advanced_floating_0_4,11,4,305,0.014046949866198845
PJM_Rest,PJM_Rest_offshorewind_class12_advanced_floating_0_5,11,5,306,0.018462937644779166
PJM_Rest,PJM_Rest_landbasedwind_class1_advanced_1,11,1,307,0.0
PJM_Rest,PJM_Rest_landbasedwind_class1_advanced_2,11,2,308,0.0
PJM_Rest,PJM_Rest_landbasedwind_class1_advanced_3,11,3,309,0.0
PJM_Rest,PJM_Rest_landbasedwind_class1_advanced_4,11,4,310,0.0
PJM_Rest,PJM_Rest_landbasedwind_class1_advanced_5,11,5,311,0.0
PJM_Rest,PJM_Rest_landbasedwind_class1_advanced_6,11,6,312,0.0
PJM_Rest,PJM_Rest_utilitypv_class1_advanced_1,11,1,313,0.0
PJM_Rest,PJM_Rest_utilitypv_class1_advanced_2,11,2,314,0.0
PJM_Rest,PJM_Rest_utilitypv_class1_advanced_3,11,3,315,0.0
PJM_Rest,PJM_Rest_utilitypv_class1_advanced_4,11,4,316,0.0
PJM_Rest,PJM_Rest_utilitypv_class1_advanced_5,11,5,317,0.0
PJM_Rest,PJM_Rest_utilitypv_class1_advanced_6,11,6,318,0.0
NENG_Rest,NENG_Rest_hydroelectric_pumped_storage_1,1,1,319,0.0
NY_Z_A,NY_Z_A_hydroelectric_pumped_storage_1,2,1,320,0.0
NY_Z_F,NY_Z_F_hydroelectric_pumped_storage_1,6,1,321,0.0
PJM_EMAC,PJM_EMAC_hydroelectric_pumped_storage_1,10,1,322,0.0
PJM_Rest,PJM_Rest_hydroelectric_pumped_storage_1,11,1,323,0.0
NENG_Rest,NENG_Rest_battery_advanced_0,1,0,324,0.0
NY_Z_A,NY_Z_A_battery_advanced_0,2,0,325,5.52619016477893e-8
NY_Z_B,NY_Z_B_battery_advanced_0,3,0,326,2.196581042655412e-5
NY_Z_C&E,NY_Z_C&E_battery_advanced_0,4,0,327,0.004271642925841518
NY_Z_D,NY_Z_D_battery_advanced_0,5,0,328,0.0036982425609340293
NY_Z_F,NY_Z_F_battery_advanced_0,6,0,329,7.12549512132783e-10
NY_Z_G-I,NY_Z_G-I_battery_advanced_0,7,0,330,7.198072470116834e-10
NY_Z_J,NY_Z_J_battery_advanced_0,8,0,331,6.509414220784749e-10
NY_Z_K,NY_Z_K_battery_advanced_0,9,0,332,5.797588637839597e-10
PJM_EMAC,PJM_EMAC_battery_advanced_0,10,0,333,0.0
PJM_Rest,PJM_Rest_battery_advanced_0,11,0,334,0.0
NY_Z_A,NY_Z_A_res_water_heat_1,2,1,335,0.0
NY_Z_B,NY_Z_B_res_water_heat_1,3,1,336,0.0
NY_Z_C&E,NY_Z_C&E_res_water_heat_1,4,1,337,0.0
NY_Z_D,NY_Z_D_res_water_heat_1,5,1,338,0.0
NY_Z_F,NY_Z_F_res_water_heat_1,6,1,339,0.0
NY_Z_G-I,NY_Z_G-I_res_water_heat_1,7,1,340,0.0
NY_Z_J,NY_Z_J_res_water_heat_1,8,1,341,0.0
NY_Z_K,NY_Z_K_res_water_heat_1,9,1,342,0.0
PJM_EMAC,PJM_EMAC_res_water_heat_1,10,1,343,0.0
PJM_Rest,PJM_Rest_res_water_heat_1,11,1,344,0.0
NENG_Rest,NENG_Rest_res_water_heat_1,1,1,345,0.0
NY_Z_A,NY_Z_A_trans_light_duty_1,2,1,346,0.0
NY_Z_B,NY_Z_B_trans_light_duty_1,3,1,347,0.0
NY_Z_C&E,NY_Z_C&E_trans_light_duty_1,4,1,348,0.0
NY_Z_D,NY_Z_D_trans_light_duty_1,5,1,349,0.0
NY_Z_F,NY_Z_F_trans_light_duty_1,6,1,350,0.0
NY_Z_G-I,NY_Z_G-I_trans_light_duty_1,7,1,351,0.0
NY_Z_J,NY_Z_J_trans_light_duty_1,8,1,352,0.0
NY_Z_K,NY_Z_K_trans_light_duty_1,9,1,353,0.0
PJM_EMAC,PJM_EMAC_trans_light_duty_1,10,1,354,0.0
PJM_Rest,PJM_Rest_trans_light_duty_1,11,1,355,0.0
NENG_Rest,NENG_Rest_trans_light_duty_1,1,1,356,0.0
NENG_Rest,NENG_Rest_biomass_1,1,1,357,0.0
NENG_Rest,NENG_Rest_biomass_2,1,2,358,0.0
NENG_Rest,NENG_Rest_biomass_3,1,3,359,0.0
NENG_Rest,NENG_Rest_small_hydroelectric_1,1,1,360,0.0
NY_Z_A,NY_Z_A_biomass_1,2,1,361,0.0
NY_Z_A,NY_Z_A_small_hydroelectric_1,2,1,362,0.0
NY_Z_B,NY_Z_B_biomass_1,3,1,363,0.0
NY_Z_B,NY_Z_B_small_hydroelectric_1,3,1,364,0.0
NY_Z_C&E,NY_Z_C&E_biomass_1,4,1,365,0.0
NY_Z_C&E,NY_Z_C&E_small_hydroelectric_1,4,1,366,0.0
NY_Z_D,NY_Z_D_small_hydroelectric_1,5,1,367,0.0
NY_Z_F,NY_Z_F_small_hydroelectric_1,6,1,368,0.0
NY_Z_G-I,NY_Z_G-I_small_hydroelectric_1,7,1,369,0.0
PJM_EMAC,PJM_EMAC_biomass_1,10,1,370,0.0
PJM_EMAC,PJM_EMAC_small_hydroelectric_1,10,1,371,0.0
PJM_Rest,PJM_Rest_biomass_1,11,1,372,0.0
PJM_Rest,PJM_Rest_biomass_2,11,2,373,0.0
PJM_Rest,PJM_Rest_small_hydroelectric_1,11,1,374,0.0
NENG_Rest,NENG_Rest_distributed_generation_1,1,1,375,0.0
NY_Z_A,NY_Z_A_distributed_generation_1,2,1,376,0.0
NY_Z_B,NY_Z_B_distributed_generation_1,3,1,377,0.0
NY_Z_C&E,NY_Z_C&E_distributed_generation_1,4,1,378,0.0
NY_Z_D,NY_Z_D_distributed_generation_1,5,1,379,0.0
NY_Z_F,NY_Z_F_distributed_generation_1,6,1,380,0.0
NY_Z_G-I,NY_Z_G-I_distributed_generation_1,7,1,381,0.0
NY_Z_J,NY_Z_J_distributed_generation_1,8,1,382,0.0
NY_Z_K,NY_Z_K_distributed_generation_1,9,1,383,0.0
PJM_EMAC,PJM_EMAC_distributed_generation_1,10,1,384,0.0
PJM_Rest,PJM_Rest_distributed_generation_1,11,1,385,0.0
