Resource,Zone,AnnualSum,Capacity,CapacityFactor
BASN_batteries_1,1,736513.7035716958,935.8,0.0
BASN_biomass_2,1,179961.59999999273,20.6,0.9999999999999596
BASN_conventional_hydroelectric_1,1,8.371713914627916e6,2522.6,0.37988606416619747
BASN_conventional_steam_coal_1,1,8.609854482272228e6,1175.69,0.8382824263435641
BASN_conventional_steam_coal_2,1,1.387974592419215e7,1820.45,0.8727505589599412
BASN_geothermal_1,1,4.281916919810484e6,497.8,0.9846246837298591
BASN_natural_gas_fired_combined_cycle_1,1,10046.682807606187,17.8,0.06460856026210918
BASN_natural_gas_fired_combined_cycle_2,1,1.6986667167535458e7,7273.55,0.2673308771890378
BASN_natural_gas_fired_combustion_turbine_1,1,3365.821010556306,35.95,0.01071715463376429
BASN_natural_gas_fired_combustion_turbine_2,1,2120.7525316157908,18.72,0.012967955882132969
BASN_onshore_wind_turbine_1,1,3.832290541911014e6,2029.6,0.21614009984594157
BASN_small_hydroelectric_1,1,2.0066592000000705e6,229.7,1.000000000000035
BASN_solar_photovoltaic_1,1,1.9855535395782262e7,8004.79,0.283935067650312
CANO_batteries_1,2,3.0668513462899737e6,2652.6,0.0
CANO_biomass_1,2,1.3829087999999437e6,158.3,0.9999999999999591
CANO_biomass_2,2,647337.6000000266,74.1,1.0000000000000413
CANO_conventional_hydroelectric_1,2,1.980637370928048e7,7519.1,0.301527191784563
CANO_geothermal_1,2,6.773990694092812e6,782.0,0.991574197794705
CANO_hydroelectric_pumped_storage_1,2,3.072432521786859e6,2276.9,0.0
CANO_natural_gas_fired_combined_cycle_1,2,18752.22387441343,20.92,0.1026073505339405
CANO_natural_gas_fired_combined_cycle_2,2,3.6091195394017085e7,8292.31,0.49821077047011597
CANO_natural_gas_fired_combustion_turbine_1,2,5788.8301250421855,66.74,0.009928690605584862
CANO_natural_gas_fired_combustion_turbine_2,2,2186.677194943921,23.06,0.010854573090424651
CANO_onshore_wind_turbine_1,2,2.474474568166841e6,1473.2,0.1922687306374844
CANO_small_hydroelectric_1,2,2.3517312000000197e6,269.2,1.0000000000000084
CANO_solar_photovoltaic_1,2,1.5323360546652252e7,6327.51,0.2772097841998324
CASO_batteries_1,3,1.0612032578475049e7,8929.3,0.0
CASO_biomass_1,3,1.1985792000000493e6,137.2,1.0000000000000413
CASO_biomass_2,3,207916.80000000657,23.8,1.0000000000000318
CASO_conventional_hydroelectric_1,3,3.3041601854813853e6,1346.4,0.2809146349192564
CASO_conventional_steam_coal_1,3,438339.78504080913,55.55,0.903262960308687
CASO_geothermal_1,3,1.5350887163387067e6,178.6,0.9838738086128699
CASO_hydroelectric_pumped_storage_1,3,2.6999561583146784e6,1665.0,0.0
CASO_natural_gas_fired_combined_cycle_1,3,6833.337519715789,19.27,0.040591820779156886
CASO_natural_gas_fired_combined_cycle_2,3,3.322409788483359e7,7477.46,0.5086118491946868
CASO_natural_gas_fired_combustion_turbine_1,3,3978.10332193111,29.35,0.015515126746210282
CASO_natural_gas_fired_combustion_turbine_2,3,18149.91201505324,121.06,0.017161736482512343
CASO_onshore_wind_turbine_1,3,1.385814398744603e7,4527.63,0.35036564513641105
CASO_small_hydroelectric_1,3,934752.0,107.0,1.0
CASO_solar_photovoltaic_1,3,3.1546309816726524e7,13794.4,0.2617779869297452
FRCC_batteries_1,4,204783.5919126629,555.2,0.0
FRCC_biomass_1,4,1.1889696000000078e6,136.1,1.0000000000000067
FRCC_biomass_2,4,1.190716799999951e6,136.3,0.9999999999999588
FRCC_conventional_hydroelectric_1,4,116806.67979697726,43.5,0.30737305744225835
FRCC_conventional_steam_coal_1,4,987743.7765709449,115.46,0.9792647539430439
FRCC_natural_gas_fired_combined_cycle_1,4,1.6683724951146147e8,34647.3,0.551202272693272
FRCC_natural_gas_fired_combined_cycle_2,4,14114.269210412225,22.74,0.07104856505381459
FRCC_natural_gas_fired_combustion_turbine_1,4,103853.00741914021,4989.69,0.0023824998809436134
FRCC_natural_gas_fired_combustion_turbine_2,4,252.1007066148231,54.64,0.0005281420501097575
FRCC_nuclear_1,4,3.2558879402901158e7,3737.0,0.9973181572461322
FRCC_solar_photovoltaic_1,4,1.8570718407556977e7,9457.89,0.22476144768908143
ISNE_batteries_1,5,312577.36831245275,368.3,0.0
ISNE_biomass_1,5,730329.6000000293,83.6,1.0000000000000402
ISNE_biomass_2,5,1.4274624000000276e6,163.4,1.0000000000000193
ISNE_conventional_hydroelectric_1,5,4.05933236230706e6,1083.4,0.4288971441895904
ISNE_conventional_steam_coal_1,5,797463.3788419949,96.36,0.9473300895760381
ISNE_conventional_steam_coal_2,5,3.621633908039636e6,437.68,0.947185891462331
ISNE_hydroelectric_pumped_storage_1,5,3.1962717794506317e6,1830.0,0.0
ISNE_natural_gas_fired_combined_cycle_1,5,1.3814338014886645e6,3836.34,0.041219276340291565
ISNE_natural_gas_fired_combined_cycle_2,5,2.1593869182080504e7,10510.9,0.23516784335898566
ISNE_natural_gas_fired_combustion_turbine_1,5,98553.54330522065,1334.94,0.00845080092852987
ISNE_natural_gas_fired_combustion_turbine_2,5,16693.02064174954,433.11,0.004411884088144778
ISNE_natural_gas_internal_combustion_engine_1,5,20634.474774509723,44.14,0.053511665073619305
ISNE_nuclear_1,5,2.6823436821979247e7,3355.5,0.9150494275560397
ISNE_offshore_wind_turbine_1,5,97724.65396658605,29.29,0.381919773648611
ISNE_onshore_wind_turbine_1,5,3.0083475930309016e6,1546.76,0.22263449591526088
ISNE_petroleum_liquids_1,5,1084.2746746054754,63.73,0.0019475237843156487
ISNE_small_hydroelectric_1,5,3.4323744000001303e6,392.9,1.0000000000000382
ISNE_solar_photovoltaic_1,5,4.834042033348345e6,2681.62,0.20634814118038564
MISC_batteries_1,6,28521.0971660884,36.3,0.0
MISC_biomass_1,6,364291.19999998534,41.7,0.9999999999999596
MISC_biomass_2,6,362544.0,41.5,1.0
MISC_conventional_hydroelectric_1,6,1.9079349121673482e6,597.5,0.3655215780356469
MISC_conventional_steam_coal_2,6,4.32365802372155e7,6323.94,0.7826200506758453
MISC_hydroelectric_pumped_storage_1,6,999447.1978953996,471.0,0.0
MISC_natural_gas_fired_combined_cycle_1,6,3.1333051162843085e6,1890.63,0.1897070704979547
MISC_natural_gas_fired_combined_cycle_2,6,1.1819916401496628e7,3381.65,0.40010421202555724
MISC_natural_gas_fired_combustion_turbine_1,6,149710.07179659625,171.28,0.10005337411319795
MISC_natural_gas_fired_combustion_turbine_2,6,3.9730282695633285e6,9047.81,0.050264985064851254
MISC_natural_gas_internal_combustion_engine_1,6,6302.30803527936,10.08,0.07156925042970522
MISC_nuclear_1,6,1.9358499566291127e7,2373.0,0.9338160401071852
MISC_onshore_wind_turbine_1,6,1.3811529122824747e7,6435.23,0.24567731926728348
MISC_small_hydroelectric_1,6,197433.59999999226,22.6,0.9999999999999608
MISC_solar_photovoltaic_1,6,7.947561525471659e6,3921.91,0.23196563488636332
MISE_biomass_1,7,619382.3999999745,70.9,0.9999999999999588
MISE_biomass_2,7,507561.60000001994,58.1,1.0000000000000393
MISE_conventional_hydroelectric_1,7,96283.04308360232,32.3,0.34122014270547096
MISE_conventional_steam_coal_1,7,3.625212463501006e7,4350.79,0.9537898959851774
MISE_hydroelectric_pumped_storage_1,7,2.756166488199177e6,2115.0,0.0
MISE_natural_gas_fired_combined_cycle_1,7,1.897160681144477e7,6013.53,0.3611287029175638
MISE_natural_gas_fired_combined_cycle_2,7,879437.8840129791,667.56,0.15080031151337206
MISE_natural_gas_fired_combustion_turbine_1,7,2007.5959581353125,36.96,0.0062177280746761685
MISE_natural_gas_fired_combustion_turbine_2,7,629572.966943925,4119.48,0.017494077559877717
MISE_nuclear_1,7,1.010358862474371e7,1161.0,0.9961639250085688
MISE_onshore_wind_turbine_1,7,8.934473863303624e6,3676.51,0.27817660709725106
MISE_small_hydroelectric_1,7,412339.1999999841,47.2,0.9999999999999615
MISE_solar_photovoltaic_1,7,2.464908692251342e6,1180.86,0.23894051709893196
MISS_batteries_1,8,12022.712766609173,10.5,0.0
MISS_biomass_1,8,160742.4000000066,18.4,1.0000000000000413
MISS_biomass_2,8,1.7969952000000668e6,205.7,1.0000000000000373
MISS_conventional_hydroelectric_1,8,1.3304119691808827e6,583.1,0.261174322393966
MISS_conventional_steam_coal_2,8,8.86451002356206e6,1166.78,0.8696672864379027
MISS_natural_gas_fired_combined_cycle_1,8,6.965625197007498e7,18445.6,0.43226959633579753
MISS_natural_gas_fired_combined_cycle_2,8,29399.05444714149,51.82,0.06494165146705146
MISS_natural_gas_fired_combustion_turbine_1,8,400096.19941822224,1554.57,0.029460595293690384
MISS_natural_gas_fired_combustion_turbine_2,8,14944.048433132195,37.35,0.04579995327197739
MISS_natural_gas_internal_combustion_engine_1,8,11707.40212100979,11.78,0.1137634148278749
MISS_nuclear_1,8,4.553017157375638e7,5426.0,0.9605210171618992
MISS_onshore_wind_turbine_1,8,360315.9813443223,184.23,0.223877551074576
MISS_solar_photovoltaic_1,8,4.764531485131603e6,2207.73,0.24703677932952264
MISW_batteries_1,9,30439.195498040066,31.2,0.0
MISW_biomass_1,9,1.1339327999999537e6,129.8,0.9999999999999591
MISW_biomass_2,9,447283.19999998336,51.2,0.9999999999999627
MISW_conventional_hydroelectric_1,9,546068.1903992483,206.5,0.30270123814803696
MISW_conventional_steam_coal_1,9,3.7738307661904685e7,6842.14,0.6313611275178346
MISW_natural_gas_fired_combined_cycle_1,9,2.398686296212923e6,1406.38,0.19523521135434202
MISW_natural_gas_fired_combined_cycle_2,9,2.1259432256744515e7,7022.86,0.3465173831860942
MISW_natural_gas_fired_combustion_turbine_1,9,17901.1671845377,871.79,0.0023504815153664645
MISW_natural_gas_fired_combustion_turbine_2,9,2.737829232081805e6,5814.44,0.05389963664704897
MISW_natural_gas_fired_combustion_turbine_3,9,730071.7726587661,964.46,0.08665002882133
MISW_natural_gas_internal_combustion_engine_1,9,1.050262339140032e6,800.62,0.15016154649618157
MISW_nuclear_1,9,2.22744953381697e7,2928.1,0.8707817997941673
MISW_onshore_wind_turbine_1,9,5.961835071516369e7,23787.3,0.2868944734320962
MISW_petroleum_liquids_1,9,1806.0588664411591,198.05,0.0010438652239608383
MISW_small_hydroelectric_1,9,6.3659231999997515e6,728.7,0.9999999999999608
MISW_solar_photovoltaic_1,9,6.032135751597457e6,3131.4,0.22050575774650355
NWPP_batteries_1,10,56585.45460319126,141.0,0.0
NWPP_biomass_1,10,534643.1999999844,61.2,0.9999999999999707
NWPP_biomass_2,10,1.1522783999999857e6,131.9,0.9999999999999875
NWPP_conventional_hydroelectric_1,10,1.4183953920102653e8,32306.800000000003,0.5025632680775717
NWPP_conventional_steam_coal_1,10,1.0310087297894565e7,1480.41,0.7972007657100763
NWPP_geothermal_1,10,185067.119616539,21.6,0.980760325603182
NWPP_hydroelectric_pumped_storage_1,10,336999.11152186926,314.0,0.0
NWPP_natural_gas_fired_combined_cycle_1,10,7.858730476771107e6,2848.26,0.31583491459447044
NWPP_natural_gas_fired_combined_cycle_2,10,565533.9148146628,153.36,0.4221180558650624
NWPP_natural_gas_fired_combustion_turbine_1,10,2691.136442950557,33.46,0.009206555073381032
NWPP_natural_gas_fired_combustion_turbine_2,10,664.0902776789416,28.42,0.0026747945105813275
NWPP_nuclear_1,10,9.711482243813958e6,1172.0,0.9485173590093207
NWPP_onshore_wind_turbine_1,10,2.0576209523060694e7,8731.25,0.26975923712849736
NWPP_small_hydroelectric_1,10,4.679875199999807e6,535.7,0.9999999999999588
NWPP_solar_photovoltaic_1,10,3.4166089105191454e6,1628.45,0.2401641698064606
NYCW_batteries_1,11,36325.36380190784,27.2,0.0
NYCW_biomass_1,11,92601.59999999787,10.6,0.9999999999999771
NYCW_biomass_2,11,362544.0,41.5,1.0
NYCW_natural_gas_fired_combined_cycle_1,11,1.0919620015366938e7,1503.81,0.8311931052397163
NYCW_natural_gas_fired_combined_cycle_2,11,1.5588307284053229e7,2827.6,0.6310566677738372
NYCW_natural_gas_fired_combustion_turbine_1,11,29438.89732229571,1089.16,0.0030939780635523564
NYCW_natural_gas_fired_combustion_turbine_2,11,515806.99862373824,1156.76,0.05104243007845401
NYCW_natural_gas_fired_combustion_turbine_3,11,2.1754327273336994e6,1009.7799999999999,0.2466074927472256
NYCW_natural_gas_internal_combustion_engine_1,11,100529.4350737702,36.76,0.31304380518473646
NYCW_natural_gas_steam_turbine_1,11,4.478801001702021e6,2489.52,0.2059365921329586
NYCW_petroleum_liquids_1,11,6318.5622344220765,357.28,0.0020244028326526706
NYCW_solar_photovoltaic_1,11,288436.11384937225,157.26,0.20995138257757698
NYUP_batteries_1,12,156087.8449365207,170.0,0.0
NYUP_biomass_1,12,868358.3999999672,99.4,0.9999999999999621
NYUP_biomass_2,12,645590.3999999735,73.9,0.9999999999999588
NYUP_conventional_hydroelectric_1,12,1.7946473950222407e7,3620.8,0.5673642549442154
NYUP_hydroelectric_pumped_storage_1,12,2.4764494415585687e6,1406.7,0.0
NYUP_natural_gas_fired_combined_cycle_1,12,1.0777034913824482e7,4258.29,0.28970195757611505
NYUP_natural_gas_fired_combined_cycle_2,12,7960.621468991153,14.91,0.06111625083983106
NYUP_natural_gas_fired_combustion_turbine_1,12,209.66764309097601,15.06,0.0015936531886113665
NYUP_natural_gas_fired_combustion_turbine_2,12,1516.809923896627,16.58,0.0104721055249428
NYUP_nuclear_1,12,2.4802319215762153e7,3358.3,0.8453959791628475
NYUP_onshore_wind_turbine_1,12,7.110018376831295e6,3388.63,0.24017839951503622
NYUP_small_hydroelectric_1,12,5.666169600000105e6,648.6,1.0000000000000184
NYUP_solar_photovoltaic_1,12,3.262304438590354e6,1742.61,0.21429481331862793
PJMC_batteries_1,13,80249.58484329931,95.8,0.0
PJMC_biomass_1,13,126672.0,14.5,1.0
PJMC_biomass_2,13,138902.40000000564,15.9,1.0000000000000406
PJMC_conventional_hydroelectric_1,13,30792.087507210963,11.2,0.3147085081764595
PJMC_conventional_steam_coal_1,13,49461.092245579355,10.03,0.564482060293243
PJMC_natural_gas_fired_combined_cycle_1,13,2.091015399179116e7,4841.37,0.49439757409770946
PJMC_natural_gas_fired_combined_cycle_2,13,15248.10396982827,40.54,0.04305459168054826
PJMC_natural_gas_fired_combustion_turbine_1,13,93087.29770912757,97.88,0.10886388705801964
PJMC_natural_gas_fired_combustion_turbine_2,13,2.8066151474347883e6,8518.29,0.037715321846048304
PJMC_natural_gas_internal_combustion_engine_1,13,69832.45189461374,51.1,0.1564313399501573
PJMC_nuclear_1,13,8.902592572636415e7,10898.1,0.9350892931966465
PJMC_onshore_wind_turbine_1,13,1.019982146973434e7,4487.93,0.26015601433748614
PJMC_small_hydroelectric_1,13,93475.20000000374,10.7,1.00000000000004
PJMC_solar_photovoltaic_1,13,730429.2269137222,344.03,0.24303521256775376
PJMD_batteries_1,14,29919.697494066702,40.5,0.0
PJMD_biomass_1,14,1.0946207999999556e6,125.3,0.9999999999999594
PJMD_biomass_2,14,357302.39999999304,40.9,0.9999999999999807
PJMD_conventional_hydroelectric_1,14,623900.3270290241,616.2,0.11589932161110934
PJMD_hydroelectric_pumped_storage_1,14,4.0896952168848966e6,3003.0,0.0
PJMD_natural_gas_fired_combined_cycle_1,14,1.8103213484453216e7,6965.54,0.29750088159752075
PJMD_natural_gas_fired_combined_cycle_2,14,233556.4224375728,167.76,0.1593642016323282
PJMD_natural_gas_fired_combustion_turbine_1,14,14897.350790175293,662.97,0.0025721870198435926
PJMD_natural_gas_fired_combustion_turbine_2,14,16787.36052380583,30.1,0.06384153144815599
PJMD_natural_gas_fired_combustion_turbine_3,14,302290.5317188776,2318.12,0.014927119349105818
PJMD_nuclear_1,14,3.234230636011257e7,3708.0,0.9984323309995197
PJMD_onshore_wind_turbine_1,14,348415.02749675064,207.8,0.1919281643957711
PJMD_solar_photovoltaic_1,14,1.0315007087750562e7,4753.35,0.2484031574201553
PJME_batteries_1,15,51227.190481279,107.0,0.0
PJME_biomass_1,15,878841.6000000329,100.6,1.0000000000000375
PJME_biomass_2,15,1.666828799999936e6,190.8,0.9999999999999615
PJME_conventional_hydroelectric_1,15,3.9928581477173404e6,1318.1,0.34675513098737387
PJME_hydroelectric_pumped_storage_1,15,2.5753762059501684e6,1942.0,0.0
PJME_natural_gas_fired_combined_cycle_1,15,1.4860668152407361e6,2581.87,0.06588572657239478
PJME_natural_gas_fired_combined_cycle_2,15,1.278255998111929e8,24220.7,0.6041134756814934
PJME_natural_gas_fired_combustion_turbine_1,15,2776.530723622809,270.58,0.0011746112761328166
PJME_natural_gas_fired_combustion_turbine_2,15,618885.279866605,4246.97,0.016680856050978854
PJME_natural_gas_fired_combustion_turbine_3,15,185485.83482969776,479.37,0.04429220203186444
PJME_natural_gas_internal_combustion_engine_1,15,22197.34972058035,19.89,0.12774788419975358
PJME_nuclear_1,15,1.1111873860698447e8,12829.4,0.9914443254987828
PJME_onshore_wind_turbine_1,15,2.8219567969180257e6,1314.09,0.2458174022505311
PJME_small_hydroelectric_1,15,767894.3999999696,87.9,0.9999999999999605
PJME_solar_photovoltaic_1,15,4.165276931603573e6,2216.66,0.21509591933765984
PJMW_batteries_1,16,70943.72734770298,92.3,0.0
PJMW_biomass_1,16,193939.1999999948,22.2,0.9999999999999731
PJMW_biomass_2,16,116188.79999999575,13.3,0.9999999999999634
PJMW_conventional_hydroelectric_1,16,2.3728976222549924e6,884.8,0.30698790271292664
PJMW_conventional_steam_coal_1,16,8.758790304169287e7,10651.9,0.9412487727439784
PJMW_hydroelectric_pumped_storage_1,16,361627.94088574016,238.0,0.0
PJMW_natural_gas_fired_combined_cycle_1,16,1.0866963314998668e8,18204.8,0.6832972352855866
PJMW_natural_gas_fired_combined_cycle_2,16,1.339635255822761e6,1090.18,0.1406616582000112
PJMW_natural_gas_fired_combustion_turbine_1,16,1663.9651424329218,39.58,0.004812334521729886
PJMW_natural_gas_fired_combustion_turbine_2,16,3.3762730336326947e6,11087.1,0.034858361546011386
PJMW_natural_gas_fired_combustion_turbine_3,16,456.68620180562857,70.04,0.0007463785114118929
PJMW_natural_gas_internal_combustion_engine_1,16,9736.838943048086,10.27,0.10852628016815315
PJMW_nuclear_1,16,5.493666640956668e7,6326.0,0.9940780622206619
PJMW_onshore_wind_turbine_1,16,9.02081013939732e6,4453.36,0.23187029417025126
PJMW_small_hydroelectric_1,16,2.110617599999916e6,241.6,0.9999999999999603
PJMW_solar_photovoltaic_1,16,8.520008145077461e6,4143.32,0.2353850674416877
RMRG_batteries_1,17,161253.5725731528,240.2,0.0
RMRG_conventional_hydroelectric_1,17,1.640955127929639e6,708.8,0.2650088461321473
RMRG_conventional_steam_coal_1,17,1.2216802413076768e7,2218.98,0.6302190644644751
RMRG_conventional_steam_coal_2,17,108930.98602152865,21.14,0.5898394643026553
RMRG_hydroelectric_pumped_storage_1,17,1.3304382065754463e6,580.8,0.0
RMRG_natural_gas_fired_combined_cycle_1,17,39926.71693551015,71.21,0.06418151874143557
RMRG_natural_gas_fired_combined_cycle_2,17,2.465948406780206e6,1951.02,0.14468037947480583
RMRG_natural_gas_fired_combustion_turbine_1,17,99878.1510461401,1672.8,0.006834611750060608
RMRG_natural_gas_fired_combustion_turbine_2,17,2063.942154141943,71.2,0.0033182179032872224
RMRG_natural_gas_internal_combustion_engine_1,17,6453.786480846381,16.59,0.04453029596063859
RMRG_onshore_wind_turbine_1,17,3.1595784346261982e7,11499.9,0.3145013048913236
RMRG_petroleum_liquids_1,17,156.90709834061892,12.41,0.0014472987408666474
RMRG_small_hydroelectric_1,17,1.0011456000000351e6,114.6,1.000000000000035
RMRG_solar_photovoltaic_1,17,4.829945890235882e6,2310.23,0.23931747986190124
SPPC_conventional_hydroelectric_1,18,56423.47137033727,52.0,0.12420635956065368
SPPC_conventional_steam_coal_1,18,2.0833674884872753e6,368.13,0.6478165612106823
SPPC_conventional_steam_coal_2,18,1.4559558512295129e7,2336.96,0.7131556081706204
SPPC_natural_gas_fired_combined_cycle_1,18,2.5418497503737817e6,1558.62,0.18667966186482493
SPPC_natural_gas_fired_combined_cycle_2,18,281204.50250728,309.04,0.10415855580358623
SPPC_natural_gas_fired_combustion_turbine_1,18,210833.11075404251,3486.91,0.006921264609770136
SPPC_natural_gas_fired_combustion_turbine_2,18,3555.7747655184344,436.44,0.0009326035645585601
SPPC_natural_gas_fired_combustion_turbine_3,18,43469.922847894,505.61,0.009841483963821073
SPPC_natural_gas_internal_combustion_engine_1,18,3265.384350390229,13.44,0.027811371922884687
SPPC_nuclear_1,18,9.304712736186367e6,1255.0,0.8486851801754854
SPPC_onshore_wind_turbine_1,18,2.3240167933328036e7,8378.53,0.31751102322170793
SPPC_petroleum_liquids_1,18,85.09944455278016,11.1,0.0008775888995394449
SPPC_solar_photovoltaic_1,18,183990.24383802357,101.86,0.20676570081963525
SPPN_biomass_2,19,138902.40000000564,15.9,1.0000000000000406
SPPN_conventional_hydroelectric_1,19,8.773905586256161e6,2510.0,0.4001350635122587
SPPN_conventional_steam_coal_1,19,2.0348490915875345e7,3902.77,0.5968244730781611
SPPN_natural_gas_fired_combined_cycle_1,19,406977.08425035834,297.72,0.15647657093573794
SPPN_natural_gas_fired_combined_cycle_2,19,337427.479873599,340.83,0.11332611701353021
SPPN_natural_gas_fired_combustion_turbine_1,19,530688.625853137,2501.44,0.024284941628802074
SPPN_natural_gas_fired_combustion_turbine_2,19,1223.9671646523896,144.8,0.0009675837809733059
SPPN_natural_gas_internal_combustion_engine_1,19,28008.052431222717,29.87,0.10733344351478015
SPPN_nuclear_1,19,5.551384574080853e6,770.0,0.8252736213311768
SPPN_onshore_wind_turbine_1,19,1.810752209602306e7,7509.41,0.27602001923941194
SPPN_petroleum_liquids_1,19,98.0551123819542,11.23,0.0009994886348823856
SPPN_small_hydroelectric_1,19,548620.8000000126,62.8,1.000000000000023
SPPN_solar_photovoltaic_1,19,237930.7678771768,125.55,0.2169308229478726
SPPS_batteries_1,20,168714.35835153944,222.0,0.0
SPPS_biomass_2,20,388752.0,44.5,1.0
SPPS_conventional_hydroelectric_1,20,2.5208551403647223e6,2008.3999999999999,0.1436762723601124
SPPS_conventional_steam_coal_1,20,88257.76999429082,17.01,0.5939310236214397
SPPS_hydroelectric_pumped_storage_1,20,1.0961707198716504e6,474.0,0.0
SPPS_natural_gas_fired_combined_cycle_1,20,1.595633246120077e6,1734.16,0.10532495605488153
SPPS_natural_gas_fired_combined_cycle_2,20,1.980889437008721e7,6885.7,0.32930590135027166
SPPS_natural_gas_fired_combustion_turbine_1,20,19010.521933789143,49.7,0.043784966976283396
SPPS_natural_gas_fired_combustion_turbine_2,20,947149.6364203047,3245.03,0.033410829287596755
SPPS_natural_gas_fired_combustion_turbine_3,20,3931.277560014634,68.23,0.006595469415312962
SPPS_natural_gas_internal_combustion_engine_1,20,7966.9539750259855,10.42,0.08752093808031963
SPPS_onshore_wind_turbine_1,20,4.906615308345402e7,19167.5,0.29302448557811167
SPPS_small_hydroelectric_1,20,343324.800000014,39.3,1.0000000000000409
SPPS_solar_photovoltaic_1,20,692298.4142358106,334.73,0.23674786649290114
SRCA_batteries_1,21,134724.07429414033,160.8,0.0
SRCA_biomass_1,21,395740.80000001553,45.3,1.0000000000000393
SRCA_biomass_2,21,845644.7999999725,96.8,0.9999999999999675
SRCA_conventional_hydroelectric_1,21,3.0412862721193666e6,2162.9,0.16095639469889955
SRCA_conventional_steam_coal_1,21,2.37905524454861e7,3012.39,0.9040255489899252
SRCA_hydroelectric_pumped_storage_1,21,4.1084464337305077e6,2876.0,0.0
SRCA_natural_gas_fired_combined_cycle_1,21,3.639389129681419e7,9000.79,0.4628446403426376
SRCA_natural_gas_fired_combined_cycle_2,21,1.0835552848136046e6,788.45,0.15731288355869152
SRCA_natural_gas_fired_combustion_turbine_1,21,221.43780768616276,43.91,0.0005772656432773819
SRCA_natural_gas_fired_combustion_turbine_2,21,837811.9102358022,9556.94,0.010034946123255194
SRCA_nuclear_1,21,1.0553847420033118e8,12106.7,0.9978664127704873
SRCA_small_hydroelectric_1,21,678787.2000000093,77.7,1.0000000000000135
SRCA_solar_photovoltaic_1,21,1.629416294300117e7,7940.68,0.2348884893429775
SRCE_batteries_1,22,103190.46642626554,122.3,0.0
SRCE_biomass_1,22,302265.599999999,34.6,0.9999999999999967
SRCE_biomass_2,22,88233.59999999839,10.1,0.9999999999999819
SRCE_conventional_hydroelectric_1,22,1.5558328655009633e7,4958.9,0.35914098170407716
SRCE_conventional_steam_coal_1,22,2.1729726575750872e7,2970.04,0.8374894366221024
SRCE_conventional_steam_coal_2,22,327368.34782884124,43.56,0.8602727970389281
SRCE_hydroelectric_pumped_storage_1,22,3.10547490347675e6,1683.8,0.0
SRCE_natural_gas_fired_combined_cycle_1,22,6.366171334102489e6,3973.88,0.18337956949604614
SRCE_natural_gas_fired_combined_cycle_2,22,2.718195635320021e7,7532.7,0.4130640643850232
SRCE_natural_gas_fired_combustion_turbine_1,22,188834.89463091886,4231.39,0.00510841968253906
SRCE_natural_gas_fired_combustion_turbine_2,22,17286.735363899912,36.56,0.05412453412142739
SRCE_natural_gas_fired_combustion_turbine_3,22,3380.5565512340777,426.31,0.000907716144806703
SRCE_nuclear_1,22,7.096673701322685e7,8431.3,0.9634910157347755
SRCE_small_hydroelectric_1,22,555609.6000000226,63.6,1.0000000000000406
SRCE_solar_photovoltaic_1,22,4.063725569170155e6,1937.0,0.2401497425998955
SRSE_batteries_1,23,87576.32440766525,151.7,0.0
SRSE_biomass_1,23,2.3927904000000986e6,273.9,1.0000000000000413
SRSE_biomass_2,23,1.074528e6,123.0,1.0
SRSE_conventional_hydroelectric_1,23,5.540807971487552e6,3908.5,0.1622745290357458
SRSE_conventional_steam_coal_1,23,5.494979607424977e7,6524.88,0.9640086498778578
SRSE_hydroelectric_pumped_storage_1,23,1.5667005624837116e6,1896.2,0.0
SRSE_natural_gas_fired_combined_cycle_1,23,7.316679731478722e7,20251.1,0.4135735938021765
SRSE_natural_gas_fired_combined_cycle_2,23,14018.087387752419,26.51,0.060529405707330446
SRSE_natural_gas_fired_combustion_turbine_1,23,31012.026342920934,1860.84,0.0019076929990502524
SRSE_natural_gas_fired_combustion_turbine_2,23,6634.287463846109,33.0,0.023012707652923844
SRSE_nuclear_1,23,7.035965733548819e7,8080.0,0.9967809504469979
SRSE_small_hydroelectric_1,23,337209.60000000434,38.6,1.0000000000000129
SRSE_solar_photovoltaic_1,23,1.398080749379491e7,7192.17,0.2225152016946894
SRSG_batteries_1,24,1.5665609364807275e6,2075.8,0.0
SRSG_biomass_2,24,223641.59999999168,25.6,0.9999999999999627
SRSG_conventional_hydroelectric_1,24,6.895842172070628e6,2765.5,0.28543092496598543
SRSG_conventional_steam_coal_1,24,2.585303119459625e7,3537.99,0.8364543494819272
SRSG_conventional_steam_coal_2,24,4.353747028965508e6,560.21,0.8896101079780333
SRSG_geothermal_1,24,3.067584108507555e6,356.6,0.9846967738743515
SRSG_hydroelectric_pumped_storage_1,24,419541.38278914004,216.3,0.0
SRSG_natural_gas_fired_combined_cycle_1,24,1.2532395234779341e7,9277.31,0.15463200557060175
SRSG_natural_gas_fired_combined_cycle_2,24,15386.045762078378,18.83,0.09353282990181075
SRSG_natural_gas_fired_combustion_turbine_1,24,3623.846895946948,37.9,0.010945056442956897
SRSG_natural_gas_fired_combustion_turbine_2,24,1268.6406099637377,17.28,0.008403926507039156
SRSG_nuclear_1,24,3.2970538364085782e7,4003.0,0.942817908434682
SRSG_onshore_wind_turbine_1,24,1.273880840404931e7,4606.62,0.316543785399697
SRSG_small_hydroelectric_1,24,717225.600000029,82.1,1.0000000000000404
SRSG_solar_photovoltaic_1,24,1.9230581660015177e7,7665.91,0.28715479906465224
TRE_batteries_1,25,1.8825725336959388e6,2829.5,0.0
TRE_biomass_1,25,193065.59999999238,22.1,0.9999999999999605
TRE_conventional_hydroelectric_1,25,359730.18043555785,483.0,0.08525446225597937
TRE_conventional_steam_coal_1,25,3.2428809197351616e7,5417.24,0.6852362023647296
TRE_conventional_steam_coal_2,25,78781.92761174317,14.19,0.6355234527402763
TRE_natural_gas_fired_combined_cycle_1,25,8.472410846673986e7,31949.4,0.3035510053185543
TRE_natural_gas_fired_combined_cycle_2,25,16346.439844324177,76.92,0.02432603233344241
TRE_natural_gas_fired_combustion_turbine_1,25,2.2957707754979674e6,8340.63,0.0315077246865113
TRE_natural_gas_fired_combustion_turbine_2,25,872062.8390319508,1551.54,0.06433868474514452
TRE_natural_gas_internal_combustion_engine_1,25,36596.38543144718,28.72,0.14586165334271078
TRE_nuclear_1,25,3.688955094144253e7,5120.0,0.8247470716861829
TRE_onshore_wind_turbine_1,25,2.6354128280492153e7,12310.8,0.24504720557028986
TRE_small_hydroelectric_1,25,189571.19999999527,21.7,0.999999999999975
TRE_solar_photovoltaic_1,25,2.638031868163051e7,12504.6,0.24148914190082182
TREW_batteries_1,26,1.2602577378409167e6,1912.4,0.0
TREW_natural_gas_fired_combined_cycle_1,26,1.2720364426010255e7,3195.46,0.4556732587719868
TREW_natural_gas_fired_combined_cycle_2,26,72429.47695839414,111.7,0.07422488792749471
TREW_natural_gas_fired_combustion_turbine_1,26,28011.81598598416,865.35,0.003705414881407976
TREW_natural_gas_fired_combustion_turbine_2,26,18209.74954877507,331.73,0.00628357204084858
TREW_onshore_wind_turbine_1,26,5.774409650694183e7,26078.2,0.2534646239744367
TREW_solar_photovoltaic_1,26,2.0813945002350774e7,9870.27,0.24138637033601812
BASN_distributed_generation_1,1,3.722345516821444e6,1641.0,0.2596542745102493
CANO_distributed_generation_1,2,1.2506000213281795e7,5319.0,0.26913849284860764
CASO_distributed_generation_1,3,1.9445952760129232e7,8263.0,0.2693883735891533
FRCC_distributed_generation_1,4,1.1177181204638405e7,5591.0,0.22883907001568463
ISNE_distributed_generation_1,5,7.892711176660712e6,5006.0,0.1804773643573845
MISC_distributed_generation_1,6,2.521973771482875e6,1486.0,0.19427151671729756
MISE_distributed_generation_1,7,1.9612647743903701e6,1564.0,0.14354459823992924
MISS_distributed_generation_1,8,6.205623609374122e6,3250.0,0.2185694424265329
MISW_distributed_generation_1,9,3.8730096878397046e6,2764.0,0.16039761976987058
NWPP_distributed_generation_1,10,3.9162412783636437e6,2187.0,0.20497836859642454
NYCW_distributed_generation_1,11,2.1403920393614685e6,1290.0,0.18992887307279407
NYUP_distributed_generation_1,12,1.7388628976708583e6,1075.0,0.185158754756672
PJMC_distributed_generation_1,13,2.90603691220817e6,1903.0,0.17480333444302387
PJMD_distributed_generation_1,14,3.3869251087908284e6,2041.0,0.18995466498989289
PJME_distributed_generation_1,15,1.5110288714166086e7,9090.0,0.19028136313611552
PJMW_distributed_generation_1,16,4.663091011974516e6,2804.0,0.19036331421386982
RMRG_distributed_generation_1,17,2.349178126741184e6,1386.0,0.19401713752031566
SPPC_distributed_generation_1,18,618652.1249914118,382.0,0.18538326243198147
SPPN_distributed_generation_1,19,444210.37422159826,339.0,0.1499948587682469
SPPS_distributed_generation_1,20,2.7339449046247797e6,1620.0,0.19317998071162745
SRCA_distributed_generation_1,21,6.239381187832251e6,3265.0,0.21874881456647857
SRCE_distributed_generation_1,22,1.455980078392947e6,823.0,0.20250836726965846
SRSE_distributed_generation_1,23,1.8676349058558105e6,865.0,0.24715149932454245
SRSG_distributed_generation_1,24,5.945311544145652e6,2531.0,0.2688870254334192
TRE_distributed_generation_1,25,1.0630517960381148e7,5519.0,0.2204861967096755
TREW_distributed_generation_1,26,448286.2350269913,300.0,0.17104938760187396
BASN_naturalgas_hframe_cc_moderate_0,1,81588.36970351457,13.8,0.6767629010019722
BASN_battery_moderate_0,1,14689.03291663821,35.86,0.0
BASN_landbasedwind_class3_moderate_0_anyQual_0,1,2.9348416638568733e7,8388.21,0.4005002171590949
BASN_landbasedwind_class3_moderate_1_anyQual_1,1,3.0738563991442755e7,8164.120000000001,0.4309844190805596
BASN_landbasedwind_class3_moderate_2_anyQual_0,1,33479.348354013964,10.24,0.37425224504311766
BASN_landbasedwind_class3_moderate_3_anyQual_1,1,40828.33085546125,12.64,0.36974467335314487
BASN_utilitypv_class1_moderate_0_anyQual_0,1,122200.61772573265,46.66,0.29978924021556813
BASN_utilitypv_class1_moderate_1_anyQual_1,1,112993.12897552356,42.95,0.3011454055090135
BASN_utilitypv_class1_moderate_2_anyQual_0,1,29680.121711680436,11.63,0.29212810229009023
BASN_utilitypv_class1_moderate_3_anyQual_1,1,29513.79976507087,11.24,0.3005703865897777
BASN_utilitypv_class1_moderate_4_anyQual_0,1,29546.13880288103,12.23,0.2765423514476898
CANO_naturalgas_hframe_cc_95_ccs_moderate_0,2,83079.90635779625,10.06,0.9453342486040288
CANO_naturalgas_hframe_cc_moderate_0,2,81053.50801802015,10.96,0.8465422467190481
CANO_battery_moderate_0,2,11102.50780610671,35.51,0.0
CANO_utilitypv_class1_moderate_0_anyQual_0,2,69353.10477430891,27.16,0.29229643412758927
CANO_utilitypv_class1_moderate_1_anyQual_0,2,170609.644392067,67.42,0.2896691228270051
CANO_utilitypv_class1_moderate_2_anyQual_0,2,9.923186351832505e6,3880.71,0.29270310680447664
CANO_utilitypv_class1_moderate_3_anyQual_1,2,978092.9499964991,386.32,0.2898146338038442
CANO_utilitypv_class1_moderate_5_anyQual_0,2,26849.585689036216,10.53,0.29187479442387937
CANO_utilitypv_class1_moderate_7_anyQual_1,2,42339.68910726048,16.89,0.28694944547500634
CANO_offshorewind_class12_moderate_floating_1_1,2,4432.248648910453,1.16,0.43737454300382617
CANO_offshorewind_class12_moderate_floating_1_2,2,4650.750542274692,1.17,0.4550137893180681
CANO_offshorewind_class12_moderate_floating_1_3,2,4588.650640632654,1.15,0.4567457637196065
CANO_offshorewind_class3_moderate_fixed_0_1,2,6380.301986294273,1.48,0.4934769752294229
CANO_offshorewind_class3_moderate_fixed_0_2,2,5962.76242796741,1.42,0.48066946776552016
CANO_offshorewind_class3_moderate_fixed_0_3,2,5979.252395049205,1.44,0.4753043278014033
CANO_offshorewind_class12_moderate_floating_0_1,2,4825.333657266524,1.27,0.4349216255359778
CANO_offshorewind_class12_moderate_floating_0_2,2,5286.415607676354,1.26,0.48026189819142406
CANO_offshorewind_class12_moderate_floating_0_3,2,4736.983760374806,1.2,0.45186429338129636
CASO_naturalgas_hframe_cc_moderate_0,3,88430.05890223019,12.2,0.8297121661846795
CASO_battery_moderate_0,3,12276.331132230252,35.52,0.0
CASO_utilitypv_class1_moderate_0_anyQual_0,3,7.456342285730595e6,2818.21,0.3028585643152067
CASO_utilitypv_class1_moderate_1_anyQual_1,3,1.1543604236785216e7,4389.21,0.3010526424716012
CASO_utilitypv_class1_moderate_2_anyQual_0,3,28096.921827227958,10.6,0.30341723930502235
CASO_utilitypv_class1_moderate_3_anyQual_1,3,38286.037794814685,14.23,0.3079802720579385
CASO_offshorewind_class12_moderate_floating_1_1,3,4450.973562560748,1.32,0.3859832496115645
CASO_offshorewind_class12_moderate_floating_1_2,3,4505.996349519235,1.33,0.38781675596264314
CASO_offshorewind_class12_moderate_floating_1_3,3,4444.2220660413395,1.27,0.40057090814741964
CASO_offshorewind_class3_moderate_fixed_0_1,3,1441.1324012227458,0.41,0.0
CASO_offshorewind_class12_moderate_floating_0_1,3,4492.2770611382875,1.43,0.35959849934827093
CASO_offshorewind_class12_moderate_floating_0_2,3,5134.547441386218,1.42,0.41390550364577033
CASO_offshorewind_class12_moderate_floating_0_3,3,4744.326536481342,1.34,0.40528184425411934
FRCC_naturalgas_hframe_cc_95_ccs_moderate_0,4,117696.46877309681,13.61,0.9899030956981306
FRCC_naturalgas_hframe_cc_moderate_0,4,145362.2418187787,17.22,0.9662863390037216
FRCC_battery_moderate_0,4,8753.601303191032,36.01,0.0
FRCC_landbasedwind_class3_moderate_0_anyQual_0,4,6.967379965585764e6,2783.61,0.28651573783098866
FRCC_landbasedwind_class3_moderate_1_anyQual_0,4,81358.13138487584,30.18,0.30858094482887416
FRCC_landbasedwind_class3_moderate_2_anyQual_0,4,918268.7778818049,310.03,0.33904197749037884
FRCC_landbasedwind_class3_moderate_3_anyQual_1,4,100104.39367259164,35.6,0.32187742337207154
FRCC_landbasedwind_class3_moderate_5_anyQual_1,4,162433.80123313912,60.33,0.3081984548072049
FRCC_landbasedwind_class3_moderate_6_anyQual_0,4,36437.41395759282,15.28,0.27296789266411015
FRCC_landbasedwind_class3_moderate_7_anyQual_0,4,66382.38374181595,22.1,0.3438333071340309
FRCC_landbasedwind_class3_moderate_8_anyQual_0,4,1.6700976683211534e6,586.32,0.3260577562505469
FRCC_landbasedwind_class3_moderate_9_anyQual_1,4,31675.533970175085,13.35,0.27160018015062803
FRCC_landbasedwind_class3_moderate_12_anyQual_0,4,33009.30022224394,11.48,0.32914086353241284
FRCC_landbasedwind_class3_moderate_14_anyQual_0,4,49356.0721966834,18.52,0.30506120620937593
FRCC_utilitypv_class1_moderate_0_anyQual_0,4,176599.97573149818,84.17,0.2401710667365287
FRCC_utilitypv_class1_moderate_1_anyQual_0,4,641931.7158252907,302.69,0.24276056221570194
FRCC_utilitypv_class1_moderate_2_anyQual_0,4,1.4165774535776883e7,6605.32,0.24549001796011935
FRCC_utilitypv_class1_moderate_3_anyQual_1,4,617698.8312208647,292.36,0.24185006086194127
FRCC_utilitypv_class1_moderate_4_anyQual_0,4,24737.09328545271,11.84,0.2391576840072756
FRCC_utilitypv_class1_moderate_5_anyQual_0,4,23890.955923466943,11.28,0.2424442017406873
FRCC_utilitypv_class1_moderate_6_anyQual_0,4,22571.817417078157,10.56,0.2446752186298744
FRCC_offshorewind_class3_moderate_fixed_1_1,4,3160.2633574882507,0.92,0.0
FRCC_offshorewind_class3_moderate_fixed_1_2,4,3375.769943403652,0.98,0.0
FRCC_offshorewind_class3_moderate_fixed_1_3,4,3389.9767351108026,0.98,0.0
FRCC_offshorewind_class3_moderate_fixed_0_1,4,4940.821443176394,1.99,0.28420614077578793
FRCC_offshorewind_class3_moderate_fixed_0_2,4,5170.780329432272,1.97,0.3004534785421589
FRCC_offshorewind_class3_moderate_fixed_0_3,4,5227.502791543851,1.82,0.3287836860196944
FRCC_offshorewind_class12_moderate_floating_0_1,4,3803.8932008708803,1.46,0.29823790086611224
FRCC_offshorewind_class12_moderate_floating_0_2,4,3733.1180872802147,1.4,0.30523270598510394
FRCC_offshorewind_class12_moderate_floating_0_3,4,3757.0077450251733,1.32,0.3258033411922429
ISNE_naturalgas_hframe_cc_moderate_0,5,145578.56500356027,25.81,0.6456494779916435
ISNE_naturalgas_fframe_ct_moderate_0,5,2399.128221542963,17.26,0.015911094046073538
ISNE_battery_moderate_0,5,56455.059478758936,63.39,0.0
ISNE_hydrogen_fframe_ct_moderate_0,5,315.74691746724517,15.42,0.002343916413879366
ISNE_hydrogen_hframe_cc_moderate_0,5,363.1178161577259,10.96,0.003792489423721603
ISNE_landbasedwind_class3_moderate_0_anyQual_0,5,2.800986644238376e7,6372.01,0.5031783700251916
ISNE_landbasedwind_class3_moderate_1_anyQual_1,5,1.2956196941737218e6,273.37,0.5425178884865325
ISNE_offshorewind_class3_moderate_fixed_1_1,5,66124.85976001582,18.77,0.40326252583334693
ISNE_offshorewind_class3_moderate_fixed_1_2,5,53266.95362887501,15.2,0.40114524313243305
ISNE_offshorewind_class3_moderate_fixed_1_3,5,45578.88072328976,13.04,0.40010450307950884
ISNE_offshorewind_class12_moderate_floating_1_1,5,9134.01617986035,2.61,0.4005978774516665
ISNE_offshorewind_class12_moderate_floating_1_2,5,9119.136062529027,2.61,0.39994526820489257
ISNE_offshorewind_class12_moderate_floating_1_3,5,9096.44581221475,2.6,0.4004845472410692
ISNE_offshorewind_class3_moderate_fixed_0_1,5,2.546374238602672e7,6044.52,0.48222285244422586
ISNE_offshorewind_class3_moderate_fixed_0_2,5,1.09053201963392e7,2623.15,0.47588571737960933
ISNE_offshorewind_class3_moderate_fixed_0_3,5,714189.4303988302,180.45,0.4530476758848391
ISNE_offshorewind_class12_moderate_floating_0_1,5,16121.690332871558,4.54,0.4064827281327042
ISNE_offshorewind_class12_moderate_floating_0_2,5,16468.21046585737,4.55,0.4143071102991127
ISNE_offshorewind_class12_moderate_floating_0_3,5,17107.513120267806,4.53,0.4322908610956415
MISC_naturalgas_hframe_cc_95_ccs_moderate_0,6,80638.90830479864,10.34,0.8927122113790313
MISC_naturalgas_hframe_cc_moderate_0,6,102076.2328683566,15.82,0.738593581902665
MISC_naturalgas_fframe_ct_moderate_0,6,11691.893995073064,10.22,0.13095477779905565
MISC_battery_moderate_0,6,22128.6921066189,37.27,0.0
MISC_utilitypv_class1_moderate_0_anyQual_0,6,38559.31134930024,17.29,0.2552828562669634
MISC_utilitypv_class1_moderate_1_anyQual_0,6,4.590886314300767e6,2031.5400000000002,0.25867742860276405
MISC_utilitypv_class1_moderate_2_anyQual_1,6,116635.7391703521,52.37,0.25493909908949514
MISC_utilitypv_class1_moderate_4_anyQual_0,6,26914.962411526816,12.06,0.2554664332064382
MISC_utilitypv_class1_moderate_5_anyQual_1,6,50609.86322809545,22.73,0.25487257257565443
MISC_utilitypv_class1_moderate_7_anyQual_0,6,22494.606744033892,10.08,0.2554496121689703
MISC_utilitypv_class1_moderate_8_anyQual_1,6,25770.955835890243,11.56,0.2551878936688246
MISC_utilitypv_class1_moderate_11_anyQual_1,6,25245.20380505608,11.33,0.25505647068400933
MISC_utilitypv_class1_moderate_14_anyQual_1,6,24534.212897193192,11.01,0.255077519616628
MISC_landbasedwind_class3_moderate_0_anyQual_0,6,2.362772582495506e7,6114.47,0.442334158997308
MISC_landbasedwind_class3_moderate_1_anyQual_1,6,1.114588535556609e7,2914.16,0.43781289982423616
MISC_landbasedwind_class3_moderate_2_anyQual_0,6,1.5255643819982646e7,4022.9900000000002,0.4340791860817112
MISC_landbasedwind_class3_moderate_3_anyQual_1,6,1.835992365591726e7,4960.68,0.4236595814742921
MISC_landbasedwind_class3_moderate_4_anyQual_0,6,249159.15025120776,65.55,0.4351024409043927
MISC_landbasedwind_class3_moderate_5_anyQual_1,6,1.788072839575709e7,4859.53,0.42119025406541266
MISC_landbasedwind_class3_moderate_6_anyQual_0,6,97372.25250546007,25.73,0.43319437135932987
MISC_landbasedwind_class3_moderate_7_anyQual_1,6,179839.70661321693,49.4,0.41672159923944696
MISC_landbasedwind_class3_moderate_8_anyQual_0,6,58905.61374301003,16.22,0.41571262120862484
MISC_landbasedwind_class3_moderate_9_anyQual_1,6,71336.59650145359,20.21,0.4040484510932688
MISE_naturalgas_hframe_cc_95_ccs_moderate_0,7,96852.35375100175,11.21,0.9889900941136427
MISE_naturalgas_hframe_cc_moderate_0,7,137084.76742140364,17.47,0.898221961231051
MISE_battery_moderate_0,7,16401.313095984176,37.15,0.0
MISE_landbasedwind_class3_moderate_0_anyQual_0,7,342010.5404342157,91.53,0.4277237867353581
MISE_landbasedwind_class3_moderate_1_anyQual_0,7,233197.16941399695,59.65,0.4475073793826261
MISE_landbasedwind_class3_moderate_2_anyQual_0,7,332399.2838507988,86.84,0.43815486610622634
MISE_landbasedwind_class3_moderate_3_anyQual_1,7,2.6531621050715838e6,673.89,0.4506736313335504
MISE_landbasedwind_class3_moderate_4_anyQual_1,7,1.9550419971392734e6,469.32,0.4768418933807927
MISE_landbasedwind_class3_moderate_5_anyQual_1,7,551521.1566530105,148.73,0.4244738824220052
MISE_landbasedwind_class3_moderate_6_anyQual_0,7,394437.89144100546,105.11,0.42955815371273076
MISE_landbasedwind_class3_moderate_7_anyQual_0,7,57632.87978734627,16.46,0.4008001400563851
MISE_landbasedwind_class3_moderate_8_anyQual_0,7,183730.06773746415,50.03,0.42037521932230804
MISE_landbasedwind_class3_moderate_9_anyQual_1,7,3.86784211544535e6,1018.1700000000001,0.43484633695736447
MISE_landbasedwind_class3_moderate_10_anyQual_1,7,910898.7026132394,223.78,0.4659466446255223
MISE_landbasedwind_class3_moderate_11_anyQual_1,7,418648.2207808024,116.41,0.4116672660827156
MISE_landbasedwind_class3_moderate_12_anyQual_0,7,46640.308829882415,13.43,0.3975326277165892
MISE_landbasedwind_class3_moderate_13_anyQual_0,7,53737.66313134942,14.9,0.4128382065675122
MISE_landbasedwind_class3_moderate_15_anyQual_1,7,207804.56238416993,52.25,0.45525650311129645
MISE_landbasedwind_class3_moderate_16_anyQual_1,7,1.3064134004977224e6,374.04,0.3998065941660842
MISE_landbasedwind_class3_moderate_17_anyQual_1,7,2.039699582450973e6,555.26,0.42049147257281255
MISE_utilitypv_class1_moderate_0_anyQual_0,7,50032.483104884515,22.95,0.24954952189863952
MISE_utilitypv_class1_moderate_2_anyQual_1,7,7.115143898323155e6,3259.8,0.24985043333137652
MISE_utilitypv_class1_moderate_5_anyQual_0,7,24655.49616995253,11.33,0.24909855688357488
MISE_utilitypv_class1_moderate_9_anyQual_1,7,31556.662899100073,14.55,0.24826497377915668
MISE_utilitypv_class1_moderate_20_anyQual_1,7,22580.989843165662,10.38,0.24901929344220955
MISE_offshorewind_class3_moderate_fixed_0_1,7,7759.229569459928,1.93,0.46020217511363426
MISE_offshorewind_class3_moderate_fixed_0_2,7,7545.503095341762,1.78,0.4852388602079064
MISE_offshorewind_class3_moderate_fixed_0_3,7,7526.165396185416,1.74,0.49512161304954366
MISE_offshorewind_class12_moderate_floating_0_1,7,5304.388416736271,1.29,0.47068784400434016
MISE_offshorewind_class12_moderate_floating_0_2,7,5265.237565392065,1.26,0.4783379089438398
MISE_offshorewind_class12_moderate_floating_0_3,7,4862.351321572243,1.17,0.475716097802613
MISS_naturalgas_hframe_cc_95_ccs_moderate_0,8,93835.00333163005,11.49,0.9348290930203487
MISS_naturalgas_hframe_cc_moderate_0,8,106429.13007121529,15.43,0.7895542233092088
MISS_naturalgas_fframe_ct_moderate_0,8,7120.215275340213,10.03,0.08126051419163084
MISS_battery_moderate_0,8,17593.849865645036,36.98,0.0
MISS_utilitypv_class1_moderate_0_anyQual_0,8,181964.85226504135,81.62,0.25519860343082534
MISS_utilitypv_class1_moderate_1_anyQual_1,8,6.895615508432338e6,3106.46,0.2540941383646148
MISS_utilitypv_class1_moderate_2_anyQual_0,8,48862.745265442,22.53,0.24825845385559384
MISS_utilitypv_class1_moderate_3_anyQual_1,8,73602.76953231153,34.37,0.24513312336710025
MISS_utilitypv_class1_moderate_4_anyQual_0,8,29777.00021168408,14.05,0.2426006691473746
MISS_utilitypv_class1_moderate_5_anyQual_1,8,55002.697058244215,25.98,0.24234396747429435
MISS_utilitypv_class1_moderate_6_anyQual_0,8,23915.006360063675,11.3,0.24225872759311157
MISS_utilitypv_class1_moderate_7_anyQual_1,8,35730.051333434116,16.85,0.242728688638127
MISS_landbasedwind_class3_moderate_0_anyQual_0,8,5.115888313523872e6,1517.3,0.3859552665910576
MISS_landbasedwind_class3_moderate_1_anyQual_1,8,9.968858566122934e6,3113.01,0.3665660952309195
MISS_landbasedwind_class3_moderate_2_anyQual_0,8,58205.66387049269,19.8,0.33650183075311657
MISS_landbasedwind_class3_moderate_3_anyQual_1,8,96939.20337569436,32.12,0.34547075133661415
MISS_offshorewind_class3_moderate_fixed_1_1,8,4458.752411868736,1.69,0.30200492635173076
MISS_offshorewind_class3_moderate_fixed_1_2,8,4430.155311238333,1.66,0.3054908722278077
MISS_offshorewind_class3_moderate_fixed_1_3,8,4376.457561168377,1.64,0.3054683703799513
MISS_offshorewind_class12_moderate_floating_1_1,8,3541.554904801807,1.35,0.30029464326429645
MISS_offshorewind_class12_moderate_floating_1_2,8,3550.3722217654295,1.35,0.301042279012806
MISS_offshorewind_class12_moderate_floating_1_3,8,3522.4096201024886,1.33,0.3031625785017565
MISS_offshorewind_class3_moderate_fixed_0_1,8,5094.811957769445,1.72,0.3390682206327097
MISS_offshorewind_class3_moderate_fixed_0_2,8,4367.225176982227,1.64,0.30482396761523856
MISS_offshorewind_class3_moderate_fixed_0_3,8,4348.6215790434,1.65,0.30168592373205966
MISS_offshorewind_class12_moderate_floating_0_1,8,3246.7890066166665,1.23,0.3021595534613027
MISS_offshorewind_class12_moderate_floating_0_2,8,3207.467714920751,1.22,0.3009468747110835
MISS_offshorewind_class12_moderate_floating_0_3,8,3176.2368786399115,1.21,0.30047952791904226
MISW_naturalgas_hframe_cc_95_ccs_moderate_0,9,72706.58957557938,10.59,0.7858961990670774
MISW_naturalgas_hframe_cc_moderate_0,9,107381.58671305058,19.66,0.6252211747664194
MISW_naturalgas_fframe_ct_moderate_0,9,14151.02794889759,12.02,0.13476306991493106
MISW_battery_moderate_0,9,36393.55256165971,48.25,0.0
MISW_landbasedwind_class3_moderate_0_anyQual_0,9,3.090631071821765e7,6826.79,0.5182245671591288
MISW_landbasedwind_class3_moderate_1_anyQual_0,9,4.500755648785424e6,1162.92,0.4430196302138538
MISW_landbasedwind_class3_moderate_2_anyQual_0,9,266179.10651843064,63.08,0.4830250486446049
MISW_landbasedwind_class3_moderate_3_anyQual_0,9,1.4921560093089738e6,364.3,0.46885919296181877
MISW_landbasedwind_class3_moderate_4_anyQual_0,9,179301.53852899311,41.13,0.4990139439079551
MISW_landbasedwind_class3_moderate_5_anyQual_0,9,8.108297956463265e6,2032.4400000000003,0.4566666961148
MISW_landbasedwind_class3_moderate_6_anyQual_1,9,4.987681566637373e6,1167.2,0.48914859943905664
MISW_landbasedwind_class3_moderate_7_anyQual_0,9,77220.91321411119,17.47,0.5059754006220973
MISW_landbasedwind_class3_moderate_8_anyQual_0,9,59618.394350868,14.09,0.48434704775023596
MISW_landbasedwind_class3_moderate_9_anyQual_0,9,58241.58902088041,14.16,0.4708226384239029
MISW_landbasedwind_class3_moderate_10_anyQual_0,9,53369.46175379775,13.79,0.4430124499109297
MISW_landbasedwind_class3_moderate_11_anyQual_0,9,41483.85309991494,10.4,0.4565970728981198
MISW_landbasedwind_class3_moderate_12_anyQual_0,9,57790.54761988153,15.6,0.42405245917190243
MISW_landbasedwind_class3_moderate_13_anyQual_1,9,919693.422803243,209.74,0.5019369780097763
MISW_landbasedwind_class3_moderate_14_anyQual_0,9,46978.59279409465,11.69,0.4600159257044648
MISW_landbasedwind_class3_moderate_15_anyQual_0,9,50321.558998601504,12.15,0.4740947915121714
MISW_landbasedwind_class3_moderate_16_anyQual_0,9,60848.51429327235,13.9,0.5010978658826154
MISW_landbasedwind_class3_moderate_17_anyQual_0,9,39244.16124192556,10.63,0.4225996777418853
MISW_landbasedwind_class3_moderate_18_anyQual_0,9,57144.96457939046,13.45,0.4863434353543723
MISW_landbasedwind_class3_moderate_20_anyQual_1,9,73281.91271830794,17.1,0.49055539970591494
MISW_landbasedwind_class3_moderate_21_anyQual_0,9,48215.17151461338,11.6,0.47578758046977015
MISW_landbasedwind_class3_moderate_24_anyQual_0,9,47867.58934058719,11.12,0.492747175960336
MISW_landbasedwind_class3_moderate_25_anyQual_0,9,42763.15693016223,10.68,0.4583380163763598
MISW_landbasedwind_class3_moderate_27_anyQual_1,9,51061.93537440469,12.01,0.4866779150616692
MISW_landbasedwind_class3_moderate_28_anyQual_0,9,44266.03650253265,10.29,0.49242788464355847
MISW_landbasedwind_class3_moderate_33_anyQual_0,9,41731.70877979687,10.15,0.4706385533368167
MISW_landbasedwind_class3_moderate_34_anyQual_1,9,44220.727428056314,10.54,0.48025583061449484
MISW_landbasedwind_class3_moderate_40_anyQual_1,9,44076.0186538482,10.57,0.4773256202095072
MISW_utilitypv_class1_moderate_0_anyQual_0,9,37589.014041587325,16.95,0.2538508409347907
MISW_utilitypv_class1_moderate_1_anyQual_0,9,44009.60818375592,19.69,0.2558522028701973
MISW_utilitypv_class1_moderate_2_anyQual_0,9,9.478328838121556e6,4277.95,0.25361996731197556
MISW_utilitypv_class1_moderate_3_anyQual_1,9,4.890830540187974e6,2206.65,0.2537093867377973
MISW_offshorewind_class3_moderate_fixed_0_1,9,5492.261745703507,1.68,0.3742220032121808
MISW_offshorewind_class3_moderate_fixed_0_2,9,5177.549205465216,1.62,0.365844554494614
MISW_offshorewind_class3_moderate_fixed_0_3,9,4690.15809441749,1.56,0.34415196874834825
MISW_offshorewind_class12_moderate_floating_0_1,9,4481.1425684361175,1.47,0.3489464634911382
MISW_offshorewind_class12_moderate_floating_0_2,9,3470.1767425986536,1.18,0.336633212908077
MISW_offshorewind_class12_moderate_floating_0_3,9,3430.115602192,1.09,0.36022150273381054
NWPP_naturalgas_hframe_cc_moderate_0,10,91228.72121182637,15.05,0.6938769517650746
NWPP_battery_moderate_0,10,7780.204830806322,31.98,0.0
NWPP_landbasedwind_class3_moderate_0_anyQual_0,10,247696.9586323551,55.31,0.5126304391075209
NWPP_landbasedwind_class3_moderate_1_anyQual_0,10,1.6429834156926727e7,4314.53,0.4359001929190818
NWPP_landbasedwind_class3_moderate_2_anyQual_0,10,131314.60186034188,38.97,0.385718074496648
NWPP_landbasedwind_class3_moderate_3_anyQual_1,10,141501.6036942905,36.97,0.43812626170972985
NWPP_landbasedwind_class3_moderate_6_anyQual_0,10,34558.078278001354,11.29,0.35038299191398997
NWPP_utilitypv_class1_moderate_0_anyQual_0,10,36481.88604055022,16.87,0.24754238700321882
NWPP_utilitypv_class1_moderate_2_anyQual_0,10,32496.94536002302,15.12,0.24602436733257732
NWPP_utilitypv_class1_moderate_3_anyQual_1,10,28203.739040096752,13.59,0.2375607050548975
NWPP_offshorewind_class12_moderate_floating_1_1,10,5123.177255214314,1.44,0.4072529742202058
NWPP_offshorewind_class12_moderate_floating_1_2,10,5110.9906801296565,1.42,0.4120065489192895
NWPP_offshorewind_class12_moderate_floating_1_3,10,6206.315377781301,1.48,0.4800201850204575
NWPP_offshorewind_class3_moderate_fixed_0_1,10,1513.7472208656686,0.47,0.0
NWPP_offshorewind_class3_moderate_fixed_0_2,10,2110.136607025417,0.5,0.0
NWPP_offshorewind_class3_moderate_fixed_0_3,10,2013.5441365572358,0.47,0.0
NWPP_offshorewind_class12_moderate_floating_0_1,10,4876.985654393221,1.51,0.3697106025757178
NWPP_offshorewind_class12_moderate_floating_0_2,10,4998.86340450948,1.47,0.38926137248242315
NWPP_offshorewind_class12_moderate_floating_0_3,10,5904.40928427625,1.43,0.472637081210156
NYCW_naturalgas_hframe_cc_moderate_0,11,105570.17524321616,12.58,0.960611930196342
NYCW_battery_moderate_0,11,22966.923587801062,38.25,0.0
NYUP_naturalgas_hframe_cc_moderate_0,12,60568.264749301656,10.27,0.675090602600011
NYUP_battery_moderate_0,12,20307.497320382183,39.44,0.0
NYUP_landbasedwind_class3_moderate_0_anyQual_0,12,1.5255387615858356e6,340.03,0.5135625966590254
NYUP_landbasedwind_class3_moderate_1_anyQual_1,12,1.3500030124945113e7,3348.33,0.4615235411975312
NYUP_landbasedwind_class3_moderate_2_anyQual_0,12,3.6230828013386247e6,849.41,0.4882567595694716
NYUP_landbasedwind_class3_moderate_3_anyQual_1,12,1.0839334903221857e7,2800.65,0.44302799634711043
NYUP_landbasedwind_class3_moderate_4_anyQual_0,12,5.47692750638544e6,1403.66,0.4466449656143444
NYUP_landbasedwind_class3_moderate_5_anyQual_1,12,1.9050738408584986e6,527.99,0.4130222907487084
NYUP_landbasedwind_class3_moderate_6_anyQual_0,12,44496.45486418331,11.8,0.4316490390841648
NYUP_utilitypv_class1_moderate_0_anyQual_0,12,2.323353269962783e7,10957.4,0.24271415716562592
NYUP_utilitypv_class1_moderate_1_anyQual_1,12,1.1192533242833914e7,5280.08,0.24264718921630268
NYUP_utilitypv_class1_moderate_2_anyQual_0,12,30150.338903961077,14.31,0.2411792493143153
NYUP_utilitypv_class1_moderate_3_anyQual_1,12,48253.95685609626,22.82,0.24204976544465015
NYUP_utilitypv_class1_moderate_5_anyQual_1,12,21827.08620169125,10.35,0.2414030697750355
NYUP_offshorewind_class3_moderate_fixed_0_1,12,2.0522428062561245e6,552.67,0.4250599881421724
NYUP_offshorewind_class3_moderate_fixed_0_2,12,1.872464621412981e6,484.85,0.44207259765136875
NYUP_offshorewind_class3_moderate_fixed_0_3,12,1.7618195098037154e6,464.98,0.43372506061835503
NYUP_offshorewind_class12_moderate_floating_0_1,12,9.888634843692567e6,2558.45,0.4424322545700465
NYUP_offshorewind_class12_moderate_floating_0_2,12,1.0727944544284777e6,277.09,0.44318294780368406
NYUP_offshorewind_class12_moderate_floating_0_3,12,85737.61292421161,22.51,0.43599676560220085
PJMC_naturalgas_hframe_cc_moderate_0,13,73630.62883148859,11.58,0.7278423551354863
PJMC_battery_moderate_0,13,22461.164501928357,38.23,0.0
PJMC_utilitypv_class1_moderate_0_anyQual_0,13,24881.23998751646,11.12,0.2561265546716109
PJMC_landbasedwind_class3_moderate_0_anyQual_0,13,53496.83049056531,13.95,0.4389764472357231
PJMC_landbasedwind_class3_moderate_2_anyQual_1,13,47609.159833263795,12.87,0.42344727773351826
PJMC_offshorewind_class3_moderate_fixed_0_1,13,5464.761070326558,1.46,0.42845547555749147
PJMC_offshorewind_class3_moderate_fixed_0_2,13,5443.300992620609,1.41,0.44190672594859853
PJMC_offshorewind_class3_moderate_fixed_0_3,13,5003.877374504762,1.37,0.41809354817591454
PJMC_offshorewind_class12_moderate_floating_0_1,13,4807.777314256309,1.26,0.43677842046197357
PJMC_offshorewind_class12_moderate_floating_0_2,13,4776.197479144157,1.23,0.44449260318429645
PJMC_offshorewind_class12_moderate_floating_0_3,13,4895.292116429137,1.21,0.46310622298432036
PJMD_naturalgas_hframe_cc_moderate_0,14,89313.46538876597,12.32,0.8298385523402004
PJMD_battery_moderate_0,14,17085.711198654353,35.35,0.0
PJMD_landbasedwind_class3_moderate_0_anyQual_0,14,4.547285850861403e6,1247.25,0.4173362579783035
PJMD_landbasedwind_class3_moderate_1_anyQual_1,14,116385.45605236846,30.92,0.43087034265865287
PJMD_landbasedwind_class3_moderate_2_anyQual_0,14,2.229766753736056e6,661.36,0.3859303077455432
PJMD_landbasedwind_class3_moderate_4_anyQual_0,14,39013.72972482718,12.13,0.3681663099996827
PJMD_utilitypv_class1_moderate_0_anyQual_0,14,43985.69685498447,20.45,0.24620991549446333
PJMD_utilitypv_class1_moderate_1_anyQual_0,14,43551.76946070785,20.37,0.24473841903667143
PJMD_utilitypv_class1_moderate_2_anyQual_0,14,1.177910252921572e6,539.14,0.25009097655185164
PJMD_utilitypv_class1_moderate_3_anyQual_1,14,1.865047546009544e6,868.17,0.2459079152379773
PJMD_utilitypv_class1_moderate_4_anyQual_0,14,23016.352577835813,10.68,0.24669061271534523
PJMD_utilitypv_class1_moderate_5_anyQual_0,14,24101.123939821366,11.24,0.24544735674508156
PJMD_utilitypv_class1_moderate_6_anyQual_0,14,24829.331234854002,11.63,0.2443839511586454
PJMD_utilitypv_class1_moderate_7_anyQual_1,14,28318.948363869302,13.14,0.2466999895102379
PJMD_offshorewind_class3_moderate_fixed_1_1,14,267091.45942287374,68.31,0.4475721866413138
PJMD_offshorewind_class3_moderate_fixed_1_2,14,196448.62066707533,49.95,0.4501952058905868
PJMD_offshorewind_class3_moderate_fixed_1_3,14,114356.76214337093,28.93,0.4524814623880988
PJMD_offshorewind_class12_moderate_floating_1_1,14,15382.874712681252,3.9,0.4515026155454956
PJMD_offshorewind_class12_moderate_floating_1_2,14,16600.6879507613,4.2,0.45244330931562066
PJMD_offshorewind_class12_moderate_floating_1_3,14,16514.69421133582,4.17,0.45333772024511765
PJMD_offshorewind_class3_moderate_fixed_0_1,14,9.347974455109129e6,2417.39,0.44264765758123187
PJMD_offshorewind_class3_moderate_fixed_0_2,14,139850.59293420354,35.24,0.454271809548118
PJMD_offshorewind_class3_moderate_fixed_0_3,14,70536.57571256775,17.59,0.45902454379418506
PJMD_offshorewind_class12_moderate_floating_0_1,14,14531.145245712627,3.65,0.4557160810161269
PJMD_offshorewind_class12_moderate_floating_0_2,14,14484.142427294204,3.59,0.46183379845617545
PJMD_offshorewind_class12_moderate_floating_0_3,14,13423.951853048957,3.36,0.4573287277688164
PJME_naturalgas_hframe_cc_moderate_0,15,115792.48208758306,14.49,0.9147435430363673
PJME_battery_moderate_0,15,15802.325697949174,36.81,0.0
PJME_landbasedwind_class3_moderate_0_anyQual_0,15,901318.1263856333,206.34,0.5000138725044486
PJME_landbasedwind_class3_moderate_1_anyQual_0,15,336975.2259415989,86.99,0.44342075488761773
PJME_landbasedwind_class3_moderate_2_anyQual_1,15,7.392865611173396e6,1663.23,0.5088009064783201
PJME_landbasedwind_class3_moderate_3_anyQual_1,15,233697.94107085853,64.22,0.41655462384137
PJME_landbasedwind_class3_moderate_4_anyQual_0,15,1.5092886980566343e6,375.67,0.4598891671473202
PJME_landbasedwind_class3_moderate_5_anyQual_0,15,69332.940900606,19.76,0.4016428651406507
PJME_landbasedwind_class3_moderate_6_anyQual_1,15,4.0403073281329386e6,1012.6599999999999,0.4567074753190699
PJME_landbasedwind_class3_moderate_7_anyQual_1,15,35910.25565431198,10.43,0.39411372843103665
PJME_offshorewind_class3_moderate_fixed_1_1,15,94887.18004600432,23.66,0.4590713335806766
PJME_offshorewind_class3_moderate_fixed_1_2,15,65644.78939237927,16.58,0.4532137816672748
PJME_offshorewind_class3_moderate_fixed_1_3,15,57295.01917457927,14.43,0.45450421237948063
PJME_offshorewind_class12_moderate_floating_1_1,15,9843.550243189447,2.39,0.47145607476155255
PJME_offshorewind_class12_moderate_floating_1_2,15,8820.587041925655,2.14,0.4718142909523411
PJME_offshorewind_class12_moderate_floating_1_3,15,5876.349262771505,1.42,0.4737035403745797
PJME_offshorewind_class3_moderate_fixed_0_1,15,2.1513030190155804e7,5397.39,0.45625239924325167
PJME_offshorewind_class3_moderate_fixed_0_2,15,148468.23243214827,37.09,0.4582094897872053
PJME_offshorewind_class3_moderate_fixed_0_3,15,74617.4027985306,18.74,0.45578278377607623
PJME_offshorewind_class12_moderate_floating_0_1,15,15378.719202165888,3.78,0.46571019154959015
PJME_offshorewind_class12_moderate_floating_0_2,15,15270.099069579788,3.7,0.4724191623842871
PJME_offshorewind_class12_moderate_floating_0_3,15,13763.05668013619,3.38,0.4661069437265708
PJMW_naturalgas_hframe_cc_95_ccs_moderate_0,16,101843.0401448275,11.85,0.9837854142983444
PJMW_naturalgas_hframe_cc_moderate_0,16,126642.0249459068,16.58,0.8743406990105888
PJMW_naturalgas_fframe_ct_moderate_0,16,10412.419748081167,10.08,0.11824383580714593
PJMW_battery_moderate_0,16,17344.047492542177,36.63,0.0
PJMW_landbasedwind_class3_moderate_0_anyQual_0,16,6.812499687949278e6,1777.88,0.43862302488022104
PJMW_landbasedwind_class3_moderate_1_anyQual_1,16,1.0886896208557777e7,2617.69,0.4760726619974079
PJMW_landbasedwind_class3_moderate_2_anyQual_0,16,2.5954001309149633e6,752.04,0.39504880834553757
PJMW_landbasedwind_class3_moderate_3_anyQual_1,16,1.3272737923165651e7,3643.52,0.41699105218514143
PJMW_landbasedwind_class3_moderate_4_anyQual_0,16,1.41272688531723e6,457.25,0.35366482748365013
PJMW_landbasedwind_class3_moderate_5_anyQual_1,16,1.2818999510382997e7,3932.55,0.37313608665636067
PJMW_landbasedwind_class3_moderate_6_anyQual_0,16,44189.3138828651,15.95,0.31713483271660164
PJMW_landbasedwind_class3_moderate_7_anyQual_1,16,82511.49904018815,26.7,0.3537452284926644
PJMW_utilitypv_class1_moderate_0_anyQual_0,16,36757.1215717737,16.83,0.2500027312813392
PJMW_utilitypv_class1_moderate_1_anyQual_0,16,315434.0011440927,141.2,0.2557179314860821
PJMW_utilitypv_class1_moderate_2_anyQual_0,16,39637.118109934556,18.57,0.24433042007875455
PJMW_utilitypv_class1_moderate_3_anyQual_1,16,88888.73571918714,41.18,0.24708578537757028
PJMW_utilitypv_class1_moderate_4_anyQual_0,16,23331.18712636829,10.67,0.2502993905403906
PJMW_utilitypv_class1_moderate_5_anyQual_0,16,26671.188330255514,12.46,0.24502573372388267
PJMW_utilitypv_class1_moderate_6_anyQual_1,16,33818.29789073723,15.8,0.245008997330537
PJMW_utilitypv_class1_moderate_7_anyQual_1,16,29775.272477065493,13.67,0.24933003874913828
PJMW_utilitypv_class1_moderate_10_anyQual_1,16,24707.549546587514,11.55,0.24486970912606754
PJMW_utilitypv_class1_moderate_11_anyQual_1,16,22217.26950398384,10.21,0.2490877190714752
PJMW_offshorewind_class3_moderate_fixed_0_1,16,8337.413997850565,2.21,0.43184358051618543
PJMW_offshorewind_class3_moderate_fixed_0_2,16,8245.762949875205,2.19,0.4309968591560041
PJMW_offshorewind_class3_moderate_fixed_0_3,16,8094.133136870198,2.08,0.4454453024217978
RMRG_naturalgas_hframe_cc_moderate_0,17,62403.128919096154,16.44,0.43450214760785244
RMRG_naturalgas_fframe_ct_moderate_0,17,4167.3829500205775,13.21,0.03611170280815761
RMRG_battery_moderate_0,17,29473.62999183115,40.75,0.0
RMRG_hydrogen_fframe_ct_moderate_0,17,151.6654755704921,11.77,0.0014750190966596887
RMRG_landbasedwind_class3_moderate_0_anyQual_0,17,89869.36792714626,21.85,0.47081210513295285
RMRG_landbasedwind_class3_moderate_1_anyQual_0,17,1.5144859526607221e7,3295.94,0.5259849610585122
RMRG_landbasedwind_class3_moderate_2_anyQual_0,17,182228.74217331468,41.72,0.49998842737700877
RMRG_landbasedwind_class3_moderate_3_anyQual_0,17,74979.57541880608,19.31,0.44447575642404535
RMRG_landbasedwind_class3_moderate_4_anyQual_0,17,2.0481513616183626e6,408.7,0.5736470776237157
RMRG_landbasedwind_class3_moderate_5_anyQual_1,17,115740.58438411707,26.49,0.5001394211933813
RMRG_landbasedwind_class3_moderate_6_anyQual_1,17,2.6748244046830595e7,5716.04,0.5356577495218301
RMRG_landbasedwind_class3_moderate_7_anyQual_1,17,1.3351668990289185e7,2678.81,0.5705333293822828
RMRG_landbasedwind_class3_moderate_8_anyQual_0,17,52954.02564523824,12.56,0.48261044463897684
RMRG_landbasedwind_class3_moderate_9_anyQual_0,17,71640.2285469139,18.59,0.4411283277060335
RMRG_landbasedwind_class3_moderate_10_anyQual_0,17,58705.207224036596,14.66,0.4583846118243416
RMRG_landbasedwind_class3_moderate_11_anyQual_0,17,76614.35490935268,20.48,0.42822061564883657
RMRG_landbasedwind_class3_moderate_12_anyQual_0,17,44599.544658293984,10.21,0.5000253900943509
RMRG_landbasedwind_class3_moderate_13_anyQual_0,17,80038.54981712125,22.24,0.41195692047214527
RMRG_landbasedwind_class3_moderate_14_anyQual_1,17,69462.76511119495,16.27,0.4887107464748582
RMRG_landbasedwind_class3_moderate_16_anyQual_0,17,43389.08966451213,10.38,0.478487458982124
RMRG_landbasedwind_class3_moderate_17_anyQual_0,17,63697.252540874746,17.65,0.41310777156602974
RMRG_landbasedwind_class3_moderate_18_anyQual_0,17,63794.09798173376,16.97,0.4303145524917232
RMRG_landbasedwind_class3_moderate_19_anyQual_0,17,47581.43135281568,11.97,0.4550202520267365
RMRG_landbasedwind_class3_moderate_21_anyQual_0,17,46819.218804846496,12.07,0.4440217739776374
RMRG_landbasedwind_class3_moderate_22_anyQual_0,17,47171.86762707111,11.62,0.4646910604256814
RMRG_landbasedwind_class3_moderate_24_anyQual_1,17,46605.02414831311,11.09,0.4810481688729855
RMRG_landbasedwind_class3_moderate_26_anyQual_0,17,48851.825929511375,13.03,0.42916446979138884
RMRG_landbasedwind_class3_moderate_28_anyQual_0,17,39086.018054803535,11.3,0.39594089410114114
RMRG_landbasedwind_class3_moderate_29_anyQual_0,17,43149.047174619736,11.06,0.44658430678048694
RMRG_landbasedwind_class3_moderate_31_anyQual_0,17,51526.342908003135,14.26,0.41361584592653905
RMRG_landbasedwind_class3_moderate_32_anyQual_1,17,41694.79201130722,10.38,0.4598030342774392
RMRG_landbasedwind_class3_moderate_36_anyQual_0,17,38082.4658075502,10.63,0.4100899922073969
RMRG_landbasedwind_class3_moderate_37_anyQual_0,17,35676.932603590576,10.56,0.3867327616349642
RMRG_landbasedwind_class3_moderate_45_anyQual_0,17,34264.912672559614,10.47,0.37461945031066884
RMRG_utilitypv_class1_moderate_0_anyQual_0,17,31915.668840245606,13.59,0.2688263701918496
RMRG_utilitypv_class1_moderate_1_anyQual_0,17,30212.786068156878,12.67,0.2729615875029713
RMRG_utilitypv_class1_moderate_4_anyQual_0,17,31250.068771587245,12.34,0.28988329715214867
RMRG_utilitypv_class1_moderate_7_anyQual_1,17,3.404789027812775e6,1414.89,0.2754576919546943
SPPC_naturalgas_hframe_cc_moderate_0,18,60189.84966291131,13.18,0.5227514221141975
SPPC_naturalgas_fframe_ct_moderate_0,18,8076.562747072897,10.55,0.08763175037620542
SPPC_battery_moderate_0,18,24428.927066959557,40.16,0.0
SPPC_utilitypv_class1_moderate_0_anyQual_0,18,58029.56263147206,25.24,0.2631766299544159
SPPC_utilitypv_class1_moderate_1_anyQual_1,18,115841.16980347621,50.65,0.26180073378378743
SPPC_utilitypv_class1_moderate_2_anyQual_0,18,39229.6058832434,17.18,0.26138349470407196
SPPC_utilitypv_class1_moderate_3_anyQual_1,18,51587.104039269165,22.62,0.2610573483913489
SPPC_utilitypv_class1_moderate_4_anyQual_0,18,32182.28116043979,14.11,0.2610821531150441
SPPC_utilitypv_class1_moderate_5_anyQual_1,18,37910.355921648705,16.61,0.261261613122313
SPPC_utilitypv_class1_moderate_6_anyQual_0,18,28441.54653924157,12.47,0.26108031564437406
SPPC_utilitypv_class1_moderate_7_anyQual_1,18,32704.17638719334,14.33,0.2612428425981488
SPPC_utilitypv_class1_moderate_8_anyQual_0,18,27359.067570387975,12.0,0.2609801164757705
SPPC_utilitypv_class1_moderate_9_anyQual_1,18,27038.72115225777,11.84,0.26140977254976466
SPPC_landbasedwind_class3_moderate_0_anyQual_0,18,513485.5621048805,123.57,0.47566649846485604
SPPC_landbasedwind_class3_moderate_1_anyQual_0,18,1.8887206576710656e7,4229.02,0.5112288638561505
SPPC_landbasedwind_class3_moderate_4_anyQual_1,18,1.2766731763171116e7,3054.75,0.4784002906649584
SPPC_landbasedwind_class3_moderate_8_anyQual_0,18,84989.59211916687,20.79,0.4679491150338136
SPPC_landbasedwind_class3_moderate_9_anyQual_0,18,73640.7987273143,16.81,0.5014621421115923
SPPC_landbasedwind_class3_moderate_15_anyQual_1,18,245623.9033269401,61.16,0.45971696043566024
SPPC_landbasedwind_class3_moderate_22_anyQual_0,18,58026.736300216005,14.28,0.4651438804705857
SPPC_landbasedwind_class3_moderate_23_anyQual_0,18,48592.058293030204,11.21,0.4961889148089238
SPPC_landbasedwind_class3_moderate_24_anyQual_0,18,43840.242562916355,11.52,0.4356200333521368
SPPC_landbasedwind_class3_moderate_34_anyQual_1,18,64220.131509142346,15.970000000000002,0.4603134333057399
SPPC_landbasedwind_class3_moderate_45_anyQual_0,18,49714.41700172254,12.35,0.46078970541852543
SPPC_landbasedwind_class3_moderate_46_anyQual_0,18,44490.404656114515,11.71,0.43490743815078636
SPPC_landbasedwind_class3_moderate_61_anyQual_1,18,52960.58032227249,13.47,0.45006217454362435
SPPC_landbasedwind_class3_moderate_76_anyQual_0,18,41576.77611875021,10.63,0.4477183772897026
SPPN_naturalgas_hframe_cc_moderate_0,19,50284.59289972533,13.41,0.42923342651086377
SPPN_naturalgas_fframe_ct_moderate_0,19,7512.984555055642,10.98,0.0783244818569523
SPPN_battery_moderate_0,19,25259.46206016177,40.07,0.0
SPPN_landbasedwind_class3_moderate_0_anyQual_0,19,2.982018233763445e7,6778.91,0.5035444356752787
SPPN_landbasedwind_class3_moderate_1_anyQual_1,19,7.122740692099703e6,1600.3,0.5094869955201067
SPPN_landbasedwind_class3_moderate_2_anyQual_0,19,111184.70417739528,25.82,0.492919706951706
SPPN_landbasedwind_class3_moderate_3_anyQual_1,19,67444.26079376412,15.63,0.4939390881640521
SPPN_landbasedwind_class3_moderate_4_anyQual_0,19,86719.98803884632,20.03,0.4955935375716548
SPPN_landbasedwind_class3_moderate_6_anyQual_0,19,74420.66665253934,17.25,0.49384633070910533
SPPN_landbasedwind_class3_moderate_8_anyQual_0,19,65450.7624999261,15.23,0.49192872370242136
SPPN_landbasedwind_class3_moderate_10_anyQual_0,19,59945.26382856528,14.07,0.4876948316092653
SPPN_utilitypv_class1_moderate_0_anyQual_0,19,251526.10146005172,105.16,0.2737914341804157
SPPN_utilitypv_class1_moderate_1_anyQual_0,19,36957.43352349512,16.57,0.25530932100893367
SPPN_utilitypv_class1_moderate_2_anyQual_0,19,34139.17756327768,14.57,0.2682136506224661
SPPN_utilitypv_class1_moderate_3_anyQual_0,19,29835.36298878931,12.88,0.2651568417968244
SPPN_utilitypv_class1_moderate_4_anyQual_0,19,30748.517928236346,13.19,0.2668497294424364
SPPN_utilitypv_class1_moderate_5_anyQual_1,19,74420.87226059433,32.18,0.26472569112655836
SPPN_utilitypv_class1_moderate_10_anyQual_0,19,24894.565364857262,10.65,0.26757301678508294
SPPS_naturalgas_hframe_cc_moderate_0,20,73897.00186726764,14.15,0.5978025364946773
SPPS_naturalgas_fframe_ct_moderate_0,20,6978.363209050573,10.46,0.07636762068750669
SPPS_battery_moderate_0,20,20664.745868070328,37.99,0.0
SPPS_landbasedwind_class3_moderate_0_anyQual_0,20,3.6807116049062796e7,7859.9,0.5360461047226982
SPPS_landbasedwind_class3_moderate_1_anyQual_0,20,3.992571092384473e7,8843.01,0.5168207197056934
SPPS_landbasedwind_class3_moderate_2_anyQual_0,20,1.6939815246287303e6,396.68,0.4888276231609522
SPPS_landbasedwind_class3_moderate_3_anyQual_0,20,686840.074486101,156.48,0.5024399501414513
SPPS_landbasedwind_class3_moderate_4_anyQual_0,20,735714.4879786341,177.82,0.4736047801833668
SPPS_landbasedwind_class3_moderate_5_anyQual_1,20,1.4093475446069425e7,3141.74,0.5134938380424192
SPPS_landbasedwind_class3_moderate_6_anyQual_0,20,104150.89090096431,24.84,0.4799530682308362
SPPS_landbasedwind_class3_moderate_7_anyQual_0,20,92682.97068080612,20.5,0.5175275321674603
SPPS_landbasedwind_class3_moderate_8_anyQual_0,20,98184.7467734813,22.71,0.49489636597637204
SPPS_landbasedwind_class3_moderate_9_anyQual_0,20,81501.16377834162,20.17,0.46253572982636154
SPPS_landbasedwind_class3_moderate_10_anyQual_0,20,100918.41589451345,22.81,0.5064452639825322
SPPS_landbasedwind_class3_moderate_11_anyQual_1,20,177672.46075534503,39.38,0.5164541602349729
SPPS_landbasedwind_class3_moderate_12_anyQual_0,20,66956.02851813217,15.07,0.5085853054953879
SPPS_landbasedwind_class3_moderate_13_anyQual_0,20,63871.677021423915,15.43,0.47383787040599223
SPPS_landbasedwind_class3_moderate_14_anyQual_0,20,42232.38577737203,10.57,0.45735981492401123
SPPS_landbasedwind_class3_moderate_15_anyQual_0,20,66476.85012814305,15.36,0.4954120799241812
SPPS_landbasedwind_class3_moderate_16_anyQual_0,20,63005.51997425045,14.9,0.4840382769612622
SPPS_landbasedwind_class3_moderate_17_anyQual_1,20,72492.1788798615,16.31,0.5087735989731175
SPPS_landbasedwind_class3_moderate_18_anyQual_0,20,45782.05927729686,11.47,0.45689802428233767
SPPS_landbasedwind_class3_moderate_19_anyQual_0,20,54443.676202420895,13.16,0.4735642699393358
SPPS_landbasedwind_class3_moderate_21_anyQual_0,20,55470.266523219034,12.93,0.49107644398284217
SPPS_landbasedwind_class3_moderate_22_anyQual_1,20,58422.062597874916,13.51,0.4950042313477172
SPPS_landbasedwind_class3_moderate_23_anyQual_0,20,45976.88948712609,11.23,0.46864847118448766
SPPS_landbasedwind_class3_moderate_25_anyQual_1,20,58300.49295962597,13.24,0.5040476757600765
SPPS_landbasedwind_class3_moderate_26_anyQual_1,20,46058.25660095345,11.3,0.4665695869492675
SPPS_landbasedwind_class3_moderate_27_anyQual_1,20,42899.492147248115,10.19,0.4819093378200648
SPPS_landbasedwind_class3_moderate_29_anyQual_0,20,40704.56674783234,10.29,0.4528090898271592
SPPS_landbasedwind_class3_moderate_31_anyQual_1,20,41463.8276847304,10.26,0.4626040225734654
SPPS_landbasedwind_class3_moderate_32_anyQual_1,20,49626.69419892299,11.6,0.48971649416330154
SPPS_utilitypv_class1_moderate_0_anyQual_0,20,62191.14717195028,26.11,0.2726522403979004
SPPS_utilitypv_class1_moderate_1_anyQual_1,20,2.3243555575903566e6,969.62,0.27440269517879423
SPPS_utilitypv_class1_moderate_2_anyQual_0,20,32449.825227842764,13.85,0.2681945592811749
SPPS_utilitypv_class1_moderate_3_anyQual_1,20,23456.016034627333,10.14,0.264791274205845
SPPS_utilitypv_class1_moderate_4_anyQual_0,20,29639.371348715784,12.64,0.2684165491976655
SPPS_utilitypv_class1_moderate_6_anyQual_0,20,27893.59542366023,11.79,0.27081833707381686
SPPS_utilitypv_class1_moderate_8_anyQual_0,20,24159.53059370017,10.22,0.2705982419923336
SRCA_naturalgas_hframe_cc_95_ccs_moderate_0,21,111406.28797770728,12.93,0.9862762010440417
SRCA_naturalgas_hframe_cc_moderate_0,21,127109.96799910525,17.79,0.8178827262243553
SRCA_naturalgas_fframe_ct_moderate_0,21,8035.501410503604,10.47,0.08785240896831961
SRCA_battery_moderate_0,21,19570.174629975587,35.98,0.0
SRCA_landbasedwind_class3_moderate_0_anyQual_0,21,1.06758236489108e6,271.94,0.44938199983844546
SRCA_landbasedwind_class3_moderate_1_anyQual_0,21,3.345316450336714e6,983.23,0.3894659188176277
SRCA_landbasedwind_class3_moderate_2_anyQual_0,21,2.5430238582630875e6,805.41,0.3614271655090031
SRCA_landbasedwind_class3_moderate_3_anyQual_1,21,374562.1567951813,115.69,0.3706085639325194
SRCA_landbasedwind_class3_moderate_4_anyQual_1,21,344998.7377076248,95.41,0.41391482809541374
SRCA_landbasedwind_class3_moderate_5_anyQual_1,21,111858.2616865785,26.69,0.47974103397241397
SRCA_landbasedwind_class3_moderate_6_anyQual_0,21,992254.2755508147,305.09,0.3722908656025354
SRCA_landbasedwind_class3_moderate_7_anyQual_0,21,2.66136985417157e6,892.85,0.3412039929872734
SRCA_landbasedwind_class3_moderate_8_anyQual_0,21,2.504019721583457e6,816.88,0.35088665916328043
SRCA_landbasedwind_class3_moderate_9_anyQual_1,21,351747.9447533825,111.88,0.3598872704252464
SRCA_landbasedwind_class3_moderate_10_anyQual_1,21,316642.4364149635,107.09,0.33846017498436354
SRCA_landbasedwind_class3_moderate_11_anyQual_1,21,240610.33026054408,78.73,0.3498334978331378
SRCA_landbasedwind_class3_moderate_14_anyQual_0,21,42859.33623370043,13.44,0.36503419275007043
SRCA_utilitypv_class1_moderate_0_anyQual_0,21,79589.13013281953,36.67,0.2484449781938515
SRCA_utilitypv_class1_moderate_1_anyQual_0,21,66367.1352071072,31.1,0.24427558216106615
SRCA_utilitypv_class1_moderate_2_anyQual_1,21,5.156885432504329e6,2406.52,0.24529312852367716
SRCA_utilitypv_class1_moderate_3_anyQual_0,21,34327.700592480884,15.94,0.24651523881106982
SRCA_utilitypv_class1_moderate_4_anyQual_0,21,34252.45888901362,16.12,0.24322829244986677
SRCA_utilitypv_class1_moderate_5_anyQual_1,21,43154.90538404735,20.23,0.24418650596011793
SRCA_utilitypv_class1_moderate_7_anyQual_0,21,22476.011794938266,10.42,0.24691012936232126
SRCA_offshorewind_class3_moderate_fixed_1_1,21,183834.76128187083,51.53,0.4083709756227542
SRCA_offshorewind_class3_moderate_fixed_1_2,21,76539.53710297668,21.46,0.40826625811511
SRCA_offshorewind_class3_moderate_fixed_1_3,21,49833.23120260934,13.82,0.41276073723423135
SRCA_offshorewind_class3_moderate_fixed_0_1,21,9.920341227545127e6,2675.33,0.4244598593297843
SRCA_offshorewind_class3_moderate_fixed_0_2,21,64377.40991383652,17.58,0.4191813999023598
SRCA_offshorewind_class3_moderate_fixed_0_3,21,39487.32937017615,10.99,0.4112893315661606
SRCA_offshorewind_class12_moderate_floating_0_1,21,13103.504104846284,3.53,0.4249130978597333
SRCA_offshorewind_class12_moderate_floating_0_2,21,10924.305589142226,3.06,0.40865779604574515
SRCA_offshorewind_class12_moderate_floating_0_3,21,10247.066087157267,2.87,0.4087003550990601
SRCE_naturalgas_hframe_cc_95_ccs_moderate_0,22,87564.61890376871,10.8,0.9280946753299322
SRCE_naturalgas_hframe_cc_moderate_0,22,86679.38352426,13.91,0.7133062979786658
SRCE_naturalgas_fframe_ct_moderate_0,22,7113.609052543404,10.05,0.08102355726567942
SRCE_battery_moderate_0,22,18315.890128350533,36.33,0.0
SRCE_utilitypv_class1_moderate_0_anyQual_0,22,48191.882643582096,22.18,0.24871370977581697
SRCE_utilitypv_class1_moderate_1_anyQual_0,22,114557.26835741397,52.0,0.2521777004909261
SRCE_utilitypv_class1_moderate_2_anyQual_1,22,2.027027682779393e7,9231.58,0.25134544367780026
SRCE_utilitypv_class1_moderate_3_anyQual_0,22,37437.44611541917,17.13,0.25017057474876436
SRCE_utilitypv_class1_moderate_4_anyQual_1,22,163585.80514797932,74.28,0.25209317930148245
SRCE_utilitypv_class1_moderate_5_anyQual_0,22,28278.202053068442,13.03,0.24842468750850782
SRCE_utilitypv_class1_moderate_6_anyQual_0,22,35023.50610338657,15.83,0.25325969509621005
SRCE_utilitypv_class1_moderate_7_anyQual_1,22,68237.86453402445,30.87,0.2530324219951402
SRCE_utilitypv_class1_moderate_8_anyQual_0,22,27006.296467704433,12.3,0.25133171464777493
SRCE_utilitypv_class1_moderate_9_anyQual_1,22,42225.77641481425,19.14,0.25253587656844023
SRCE_utilitypv_class1_moderate_10_anyQual_0,22,24895.631263879764,11.31,0.251969464280449
SRCE_utilitypv_class1_moderate_11_anyQual_1,22,33355.841452231994,15.1,0.25286127777751494
SRCE_landbasedwind_class3_moderate_0_anyQual_0,22,2.0866359823171392e7,6011.7,0.39731665162219754
SRCE_landbasedwind_class3_moderate_2_anyQual_1,22,2.6164041363852907e7,7591.32,0.394525340103782
SRCE_landbasedwind_class3_moderate_5_anyQual_0,22,112464.47757049662,33.65,0.3825759596011538
SRCE_landbasedwind_class3_moderate_9_anyQual_1,22,2.512826529494672e7,7621.17,0.3774228883996718
SRCE_landbasedwind_class3_moderate_14_anyQual_0,22,48436.09627083013,15.11,0.366937454627831
SRCE_landbasedwind_class3_moderate_20_anyQual_1,22,61895.94891029704,19.47,0.3639013347192887
SRCE_landbasedwind_class3_moderate_27_anyQual_0,22,33813.5171581454,11.02,0.35123365814803714
SRCE_landbasedwind_class3_moderate_35_anyQual_1,22,38182.787359605936,12.38,0.3530484904127789
SRSE_naturalgas_hframe_cc_95_ccs_moderate_0,23,115902.01877242627,13.41,0.9893491781154845
SRSE_naturalgas_hframe_cc_moderate_0,23,116875.7613968377,14.79,0.904573069035156
SRSE_naturalgas_fframe_ct_moderate_0,23,3143.314343653305,10.05,0.03580215160066546
SRSE_battery_moderate_0,23,12437.6226575601,36.36,0.0
SRSE_utilitypv_class1_moderate_0_anyQual_0,23,1.0302264144777684e7,4762.56,0.24761650837175772
SRSE_utilitypv_class1_moderate_1_anyQual_0,23,672208.0379265521,310.89,0.24750519729903117
SRSE_utilitypv_class1_moderate_2_anyQual_1,23,9.46561587088934e6,4381.36,0.2473018195809439
SRSE_utilitypv_class1_moderate_3_anyQual_0,23,43411.13361479212,20.07,0.247594577488361
SRSE_utilitypv_class1_moderate_4_anyQual_0,23,42835.24239318486,19.95,0.2457795266163627
SRSE_utilitypv_class1_moderate_5_anyQual_1,23,93309.54848722684,43.37,0.24627710535935687
SRSE_utilitypv_class1_moderate_6_anyQual_0,23,28440.610729549633,13.12,0.24813753163205407
SRSE_utilitypv_class1_moderate_7_anyQual_0,23,28628.797890705428,13.3,0.24639894629005055
SRSE_utilitypv_class1_moderate_8_anyQual_1,23,40967.1018338486,19.04,0.24629504346118616
SRSE_utilitypv_class1_moderate_9_anyQual_0,23,22779.468980546255,10.49,0.24857387487195917
SRSE_utilitypv_class1_moderate_10_anyQual_0,23,22703.821078667832,10.46,0.2484589500936306
SRSE_utilitypv_class1_moderate_11_anyQual_1,23,29674.945476694982,13.73,0.24740402854280705
SRSE_utilitypv_class1_moderate_14_anyQual_1,23,23924.40836629401,11.06,0.24761300712288214
SRSE_landbasedwind_class3_moderate_0_anyQual_0,23,35079.567429650095,11.81,0.3400100126783242
SRSE_offshorewind_class3_moderate_fixed_0_1,23,4505.015747142378,1.66,0.31065303433116936
SRSE_offshorewind_class3_moderate_fixed_0_2,23,4409.371987716844,1.62,0.31156531139183147
SRSE_offshorewind_class3_moderate_fixed_0_3,23,4356.682248203,1.59,0.3136506099392811
SRSE_offshorewind_class12_moderate_floating_0_1,23,2310.3573860978645,0.84,0.0
SRSE_offshorewind_class12_moderate_floating_0_2,23,2314.1992426183447,0.84,0.0
SRSE_offshorewind_class12_moderate_floating_0_3,23,2068.6275409407276,0.75,0.0
SRSG_naturalgas_hframe_cc_moderate_0,24,77842.01860888248,13.88,0.6419659566371033
SRSG_naturalgas_fframe_ct_moderate_0,24,1821.3227751214315,10.56,0.019742874043506747
SRSG_battery_moderate_0,24,15459.446420328399,37.47,0.0
SRSG_landbasedwind_class3_moderate_0_anyQual_0,24,6.680090943846509e6,2098.04,0.36446513168998446
SRSG_landbasedwind_class3_moderate_1_anyQual_1,24,1.9781635049447857e7,5154.24,0.439323993730945
SRSG_landbasedwind_class3_moderate_2_anyQual_1,24,66502.28002572313,20.68,0.368106406147726
SRSG_landbasedwind_class3_moderate_3_anyQual_0,24,30218.00761963999,10.89,0.3176327840892271
SRSG_utilitypv_class1_moderate_0_anyQual_0,24,58956.423023931624,23.04,0.2929112324954631
SRSG_utilitypv_class1_moderate_1_anyQual_0,24,399262.66464778857,151.75,0.3011739297993107
SRSG_utilitypv_class1_moderate_2_anyQual_1,24,1.1298287901730647e7,4277.85,0.3023252770792376
SRSG_utilitypv_class1_moderate_3_anyQual_0,24,37136.08586651747,14.54,0.2923607689104884
SRSG_utilitypv_class1_moderate_4_anyQual_0,24,30710.062523752287,12.06,0.2914880584462483
SRSG_utilitypv_class1_moderate_5_anyQual_1,24,37518.96354493713,14.8,0.29018602385389697
SRSG_utilitypv_class1_moderate_6_anyQual_0,24,28063.17476173647,11.02,0.291502699488863
TRE_naturalgas_hframe_cc_95_ccs_moderate_0,25,70069.52020000543,10.71,0.7489055472616977
TRE_naturalgas_hframe_cc_moderate_0,25,117973.04751170544,20.86,0.6473749178617603
TRE_naturalgas_fframe_ct_moderate_0,25,8829.798631500555,11.54,0.0875855305750955
TRE_battery_moderate_0,25,25187.795519518233,42.75,0.0
TRE_landbasedwind_class3_moderate_0_anyQual_0,25,509360.9068802001,118.7,0.49120441967487377
TRE_landbasedwind_class3_moderate_1_anyQual_1,25,4.2502386473979786e7,9882.78,0.49229062236468796
TRE_landbasedwind_class3_moderate_2_anyQual_1,25,1.9980017306811435e6,511.28,0.44732629736718915
TRE_landbasedwind_class3_moderate_3_anyQual_1,25,1.8461803314802215e7,4493.91,0.4702590086345582
TRE_landbasedwind_class3_moderate_4_anyQual_1,25,3.643281133718588e7,8193.07,0.5090182975583072
TRE_landbasedwind_class3_moderate_5_anyQual_1,25,1.1727202784372978e7,2486.54,0.5398664755536933
TRE_landbasedwind_class3_moderate_6_anyQual_1,25,1.6637416615836207e7,3637.25,0.5236005739803942
TRE_landbasedwind_class3_moderate_7_anyQual_0,25,56052.74117773414,14.04,0.4570009710101416
TRE_landbasedwind_class3_moderate_8_anyQual_1,25,65393.865470642835,15.53,0.48200653726041026
TRE_landbasedwind_class3_moderate_9_anyQual_1,25,91411.18425400194,23.53,0.44469759716573504
TRE_landbasedwind_class3_moderate_10_anyQual_1,25,68617.23522285237,16.92,0.46421613468988654
TRE_landbasedwind_class3_moderate_11_anyQual_1,25,155940.7776712688,41.87,0.42632824801580593
TRE_landbasedwind_class3_moderate_12_anyQual_1,25,61636.44265630279,13.91,0.5072216822981496
TRE_landbasedwind_class3_moderate_13_anyQual_0,25,40687.71931896348,10.66,0.43691154111347363
TRE_landbasedwind_class3_moderate_14_anyQual_1,25,68642.4071524398,18.62,0.42198809888019573
TRE_landbasedwind_class3_moderate_15_anyQual_1,25,61872.66439469781,15.66,0.45226651564011494
TRE_landbasedwind_class3_moderate_16_anyQual_1,25,53490.27852129537,13.11,0.4670458766175417
TRE_landbasedwind_class3_moderate_17_anyQual_1,25,58088.88180933745,16.45,0.40421692030279244
TRE_landbasedwind_class3_moderate_18_anyQual_1,25,59146.623435586276,15.44,0.43850044182895653
TRE_landbasedwind_class3_moderate_20_anyQual_1,25,49110.31833065728,13.34,0.4214094732394902
TRE_landbasedwind_class3_moderate_21_anyQual_1,25,57892.974501005476,16.49,0.40187647373286983
TRE_landbasedwind_class3_moderate_22_anyQual_1,25,50131.85053357222,12.98,0.4421060095763366
TRE_landbasedwind_class3_moderate_23_anyQual_1,25,50726.60765997499,14.87,0.3904920764757861
TRE_landbasedwind_class3_moderate_24_anyQual_1,25,45568.93204611448,13.79,0.3782613420143273
TRE_landbasedwind_class3_moderate_26_anyQual_1,25,43702.03563184707,13.17,0.3798422470581161
TRE_landbasedwind_class3_moderate_27_anyQual_1,25,40246.249453158496,11.4,0.40411776088015006
TRE_landbasedwind_class3_moderate_28_anyQual_1,25,42128.465860246644,11.51,0.4189746002465471
TRE_landbasedwind_class3_moderate_30_anyQual_1,25,40396.67210741713,11.83,0.39088429285351556
TRE_landbasedwind_class3_moderate_31_anyQual_1,25,37833.07630962181,10.05,0.4309163467190354
TRE_utilitypv_class1_moderate_0_anyQual_0,25,49148.75868462089,21.6,0.26046308317975897
TRE_utilitypv_class1_moderate_3_anyQual_1,25,81752.95384218713,36.17,0.2587273373870791
TRE_utilitypv_class1_moderate_9_anyQual_0,25,34063.01451414494,15.08,0.2585646281048157
TRE_utilitypv_class1_moderate_19_anyQual_1,25,51066.23505305457,22.69,0.25762423707462667
TRE_utilitypv_class1_moderate_34_anyQual_0,25,29712.427969189765,13.21,0.2574676676946314
TRE_utilitypv_class1_moderate_55_anyQual_1,25,41308.60772892859,18.43,0.2565680640000116
TRE_utilitypv_class1_moderate_83_anyQual_0,25,25390.901260717295,11.28,0.25766557049249716
TRE_utilitypv_class1_moderate_119_anyQual_1,25,33270.70698285533,14.74,0.2583758513164023
TRE_utilitypv_class1_moderate_164_anyQual_0,25,24504.57055877946,10.88,0.25781345277211876
TRE_utilitypv_class1_moderate_219_anyQual_1,25,32310.05664875909,14.24,0.25972580726882993
TRE_offshorewind_class3_moderate_fixed_1_1,25,3483.9991343275137,1.79,0.22279856129440073
TRE_offshorewind_class3_moderate_fixed_1_2,25,3367.0815442527805,1.7,0.22672117702628614
TRE_offshorewind_class3_moderate_fixed_1_3,25,3121.6944518634677,1.57,0.22760306950545567
TRE_offshorewind_class12_moderate_floating_1_1,25,2223.369595379237,1.09,0.23349228704372468
TRE_offshorewind_class12_moderate_floating_1_2,25,2422.7223808322447,1.15,0.2411532868323225
TRE_offshorewind_class12_moderate_floating_1_3,25,2453.6398644581345,1.15,0.24423075573918365
TRE_offshorewind_class3_moderate_fixed_0_1,25,1830.4229844159165,0.84,0.0
TRE_offshorewind_class3_moderate_fixed_0_2,25,1614.2698756699424,0.74,0.0
TRE_offshorewind_class3_moderate_fixed_0_3,25,1226.2125838678023,0.56,0.0
TRE_offshorewind_class12_moderate_floating_0_1,25,1645.6137633788132,0.77,0.0
TRE_offshorewind_class12_moderate_floating_0_2,25,1590.286255346799,0.74,0.0
TRE_offshorewind_class12_moderate_floating_0_3,25,1516.2184644080469,0.7,0.0
TREW_naturalgas_hframe_cc_moderate_0,26,79956.3673916203,15.8,0.579273074833805
TREW_naturalgas_fframe_ct_moderate_0,26,6873.970478453347,11.18,0.07038064356538923
TREW_battery_moderate_0,26,21863.191056283806,42.14,0.0
TREW_landbasedwind_class3_moderate_0_anyQual_0,26,83581.91371353855,18.42,0.5194097042846563
TREW_landbasedwind_class3_moderate_1_anyQual_1,26,2.7664070134681106e7,5993.83,0.5283224073595636
TREW_landbasedwind_class3_moderate_2_anyQual_1,26,448139.9227264095,103.54,0.49544203281491944
TREW_landbasedwind_class3_moderate_3_anyQual_0,26,61797.308307250576,14.31,0.4943303779988329
TREW_landbasedwind_class3_moderate_4_anyQual_1,26,84832.21067913635,19.0,0.5110866750960114
TREW_landbasedwind_class3_moderate_5_anyQual_1,26,137897.47742184755,32.95,0.4790581988952888
TREW_landbasedwind_class3_moderate_6_anyQual_0,26,73563.01190315498,17.11,0.49214929511769206
TREW_landbasedwind_class3_moderate_7_anyQual_1,26,84688.26129439982,20.55,0.47173572283272186
TREW_landbasedwind_class3_moderate_8_anyQual_1,26,65431.085508696466,14.72,0.5088194333658735
TREW_landbasedwind_class3_moderate_9_anyQual_0,26,52379.13036417426,12.65,0.4739746699330946
TREW_landbasedwind_class3_moderate_10_anyQual_1,26,58281.37167080221,13.45,0.49601505091781234
TREW_landbasedwind_class3_moderate_11_anyQual_1,26,66628.91565460557,16.95,0.44996674429347777
TREW_landbasedwind_class3_moderate_13_anyQual_1,26,55820.06533396159,12.93,0.49417320134233633
TREW_landbasedwind_class3_moderate_14_anyQual_1,26,65823.66230775666,16.86,0.4469015349674318
TREW_landbasedwind_class3_moderate_16_anyQual_1,26,48533.91615603561,11.36,0.4890512562155345
TREW_landbasedwind_class3_moderate_17_anyQual_1,26,59619.740172291284,15.43,0.44229448849325503
TREW_utilitypv_class1_moderate_0_anyQual_0,26,45208.77385805322,18.11,0.28575356198570057
TREW_utilitypv_class1_moderate_1_anyQual_1,26,381792.63509121345,151.6,0.2882808008012318
TREW_utilitypv_class1_moderate_2_anyQual_0,26,35818.97240396901,14.37,0.2853275641979071
TREW_utilitypv_class1_moderate_3_anyQual_1,26,52008.59713000075,20.64,0.28843822946171654
TREW_utilitypv_class1_moderate_4_anyQual_0,26,30994.059695193446,12.44,0.2851973326840027
TREW_utilitypv_class1_moderate_5_anyQual_1,26,44107.27717305399,17.53,0.2880153983350232
TREW_utilitypv_class1_moderate_6_anyQual_0,26,29390.226870381208,11.81,0.28486586759820876
TREW_utilitypv_class1_moderate_7_anyQual_1,26,37246.52528474222,14.84,0.28730238913445355
TREW_utilitypv_class1_moderate_8_anyQual_0,26,28181.946981247103,11.34,0.2844757909581216
TREW_utilitypv_class1_moderate_9_anyQual_1,26,34811.41917021087,13.91,0.2864718636206829
