Region,Resource,Zone,Cluster,AnnualSum
NENG_Rest,NENG_Rest_conventional_hydroelectric_1,1,1,609593.2154745156
NY_Z_A,NY_Z_A_conventional_hydroelectric_1,2,1,1.7698167935894309e6
NY_Z_B,NY_Z_B_conventional_hydroelectric_1,3,1,0.0
NY_Z_C&E,NY_Z_C&E_conventional_hydroelectric_1,4,1,28989.515039846956
NY_Z_D,NY_Z_D_conventional_hydroelectric_1,5,1,732147.6060873482
NY_Z_F,NY_Z_F_conventional_hydroelectric_1,6,1,135009.44405924852
PJM_EMAC,PJM_EMAC_conventional_hydroelectric_1,10,1,419673.23088524374
PJM_Rest,PJM_Rest_conventional_hydroelectric_1,11,1,513241.6276412848
NENG_Rest,NENG_Rest_conventional_steam_coal_1,1,1,525981.9656630061
NENG_Rest,NENG_Rest_natural_gas_fired_combined_cycle_1,1,1,0.09883597853653789
NENG_Rest,NENG_Rest_natural_gas_fired_combined_cycle_2,1,2,2.042809508087231e6
NENG_Rest,NENG_Rest_natural_gas_fired_combustion_turbine_1,1,1,0.08191429907350457
NENG_Rest,NENG_Rest_natural_gas_fired_combustion_turbine_2,1,2,0.044119211846442435
NENG_Rest,NENG_Rest_nuclear_1,1,1,4.0270585572958617e6
NY_Z_A,NY_Z_A_natural_gas_fired_combined_cycle_1,2,1,53434.13427402867
NY_Z_A,NY_Z_A_natural_gas_fired_combustion_turbine_1,2,1,0.1029478103621188
NY_Z_A,NY_Z_A_natural_gas_steam_turbine_1,2,1,0.08479156778093552
NY_Z_B,NY_Z_B_natural_gas_fired_combined_cycle_1,3,1,0.1918767605208835
NY_Z_B,NY_Z_B_natural_gas_fired_combustion_turbine_1,3,1,0.0
NY_Z_B,NY_Z_B_natural_gas_steam_turbine_1,3,1,0.011535244301422035
NY_Z_B,NY_Z_B_nuclear_1,3,1,0.11602594116628925
NY_Z_C&E,NY_Z_C&E_natural_gas_fired_combined_cycle_1,4,1,0.26911053158616466
NY_Z_C&E,NY_Z_C&E_natural_gas_steam_turbine_1,4,1,0.030444492393336832
NY_Z_C&E,NY_Z_C&E_nuclear_1,4,1,2.95242792548684e6
NY_Z_D,NY_Z_D_natural_gas_fired_combined_cycle_1,5,1,0.15005547448094914
NY_Z_D,NY_Z_D_natural_gas_fired_combined_cycle_2,5,2,0.18306878408284852
NY_Z_F,NY_Z_F_natural_gas_fired_combined_cycle_1,6,1,1.5580301906777807e6
NY_Z_F,NY_Z_F_natural_gas_fired_combined_cycle_2,6,2,0.12499457047376951
NY_Z_F,NY_Z_F_natural_gas_fired_combustion_turbine_1,6,1,0.0
NY_Z_G-I,NY_Z_G-I_natural_gas_fired_combined_cycle_1,7,1,0.7196884311052576
NY_Z_G-I,NY_Z_G-I_natural_gas_fired_combined_cycle_2,7,2,0.03973587455441856
NY_Z_G-I,NY_Z_G-I_natural_gas_fired_combustion_turbine_1,7,1,0.018010651398191267
NY_Z_G-I,NY_Z_G-I_natural_gas_fired_combustion_turbine_2,7,2,0.03184375688680575
NY_Z_J,NY_Z_J_natural_gas_fired_combined_cycle_1,8,1,345579.10202085634
NY_Z_J,NY_Z_J_natural_gas_fired_combined_cycle_2,8,2,944818.8514075057
NY_Z_J,NY_Z_J_natural_gas_fired_combustion_turbine_1,8,1,0.0325637047425452
NY_Z_J,NY_Z_J_natural_gas_fired_combustion_turbine_2,8,2,0.07282703673526371
NY_Z_K,NY_Z_K_natural_gas_fired_combined_cycle_1,9,1,107068.316473006
NY_Z_K,NY_Z_K_natural_gas_fired_combined_cycle_2,9,2,398523.73634809995
NY_Z_K,NY_Z_K_natural_gas_fired_combustion_turbine_1,9,1,0.09774940162705552
NY_Z_K,NY_Z_K_natural_gas_fired_combustion_turbine_2,9,2,0.16005633830606336
PJM_EMAC,PJM_EMAC_conventional_steam_coal_1,10,1,0.0
PJM_EMAC,PJM_EMAC_natural_gas_fired_combined_cycle_1,10,1,0.2834042221378151
PJM_EMAC,PJM_EMAC_natural_gas_fired_combined_cycle_2,10,2,1.0684120415764313e7
PJM_EMAC,PJM_EMAC_natural_gas_fired_combined_cycle_3,10,3,0.08277954315640317
PJM_EMAC,PJM_EMAC_natural_gas_fired_combustion_turbine_1,10,1,99235.06883034583
PJM_EMAC,PJM_EMAC_natural_gas_fired_combustion_turbine_2,10,2,619131.8843221598
PJM_EMAC,PJM_EMAC_natural_gas_steam_turbine_1,10,1,384331.7932915637
PJM_EMAC,PJM_EMAC_nuclear_1,10,1,1.0437222948098853e7
PJM_EMAC,PJM_EMAC_nuclear_2,10,2,0.15782103657676724
PJM_Rest,PJM_Rest_conventional_steam_coal_1,11,1,2.71185114301984e7
PJM_Rest,PJM_Rest_natural_gas_fired_combined_cycle_1,11,1,0.06312195789962531
PJM_Rest,PJM_Rest_natural_gas_fired_combined_cycle_2,11,2,6.418626969079483e6
PJM_Rest,PJM_Rest_natural_gas_fired_combustion_turbine_1,11,1,0.05275445381777468
PJM_Rest,PJM_Rest_natural_gas_fired_combustion_turbine_2,11,2,0.050391306199604614
PJM_Rest,PJM_Rest_natural_gas_fired_combustion_turbine_3,11,3,0.011939998914766098
PJM_Rest,PJM_Rest_natural_gas_fired_combustion_turbine_4,11,4,0.023142166613728563
PJM_Rest,PJM_Rest_nuclear_1,11,1,2.358859427090957e7
NENG_Rest,NENG_Rest_naturalgas_ccavgcf_moderate_0,1,0,0.07419309052153987
NENG_Rest,NENG_Rest_naturalgas_ctavgcf_moderate_0,1,0,0.03935691450483782
NENG_Rest,NENG_Rest_nuclear_nuclear_moderate_0,1,0,0.02632725944848326
NENG_Rest,NENG_Rest_naturalgas_ccs100_moderate_0,1,0,0.031301869019518
NY_Z_A,NY_Z_A_naturalgas_ccavgcf_moderate_0,2,0,0.1944317291634261
NY_Z_A,NY_Z_A_naturalgas_ctavgcf_moderate_0,2,0,0.09611515461781689
NY_Z_A,NY_Z_A_nuclear_nuclear_moderate_0,2,0,0.030981066579800657
NY_Z_A,NY_Z_A_naturalgas_ccs100_moderate_0,2,0,0.023393389876906142
NY_Z_B,NY_Z_B_naturalgas_ccavgcf_moderate_0,3,0,0.05371955428342596
NY_Z_B,NY_Z_B_naturalgas_ctavgcf_moderate_0,3,0,69849.17490916618
NY_Z_B,NY_Z_B_nuclear_nuclear_moderate_0,3,0,0.030067095737171583
NY_Z_B,NY_Z_B_naturalgas_ccs100_moderate_0,3,0,0.02822808964571986
NY_Z_C&E,NY_Z_C&E_naturalgas_ccavgcf_moderate_0,4,0,1.153530716764773
NY_Z_C&E,NY_Z_C&E_naturalgas_ctavgcf_moderate_0,4,0,0.026757803845206346
NY_Z_C&E,NY_Z_C&E_nuclear_nuclear_moderate_0,4,0,0.024214566017746613
NY_Z_C&E,NY_Z_C&E_naturalgas_ccs100_moderate_0,4,0,0.02021130772281182
NY_Z_D,NY_Z_D_naturalgas_ccavgcf_moderate_0,5,0,0.06929822705401212
NY_Z_D,NY_Z_D_naturalgas_ctavgcf_moderate_0,5,0,0.02637738309380135
NY_Z_D,NY_Z_D_nuclear_nuclear_moderate_0,5,0,0.02781149841633045
NY_Z_D,NY_Z_D_naturalgas_ccs100_moderate_0,5,0,0.020762735075505072
NY_Z_F,NY_Z_F_naturalgas_ccavgcf_moderate_0,6,0,0.04262151815911644
NY_Z_F,NY_Z_F_naturalgas_ctavgcf_moderate_0,6,0,0.058165867633345546
NY_Z_F,NY_Z_F_nuclear_nuclear_moderate_0,6,0,0.019432633785345925
NY_Z_F,NY_Z_F_naturalgas_ccs100_moderate_0,6,0,0.020238149413841746
NY_Z_G-I,NY_Z_G-I_naturalgas_ccavgcf_moderate_0,7,0,2.3263485504569006e6
NY_Z_G-I,NY_Z_G-I_naturalgas_ctavgcf_moderate_0,7,0,0.09377506038356975
NY_Z_G-I,NY_Z_G-I_nuclear_nuclear_moderate_0,7,0,0.023208876743272013
NY_Z_G-I,NY_Z_G-I_naturalgas_ccs100_moderate_0,7,0,0.04696899794551612
NY_Z_J,NY_Z_J_naturalgas_ccavgcf_moderate_0,8,0,0.04730684359170046
NY_Z_J,NY_Z_J_naturalgas_ctavgcf_moderate_0,8,0,0.054247107359325995
NY_Z_J,NY_Z_J_nuclear_nuclear_moderate_0,8,0,0.02042632617673887
NY_Z_J,NY_Z_J_naturalgas_ccs100_moderate_0,8,0,0.04057354410790295
NY_Z_K,NY_Z_K_naturalgas_ccavgcf_moderate_0,9,0,0.06678054736797966
NY_Z_K,NY_Z_K_naturalgas_ctavgcf_moderate_0,9,0,0.25191985396091165
NY_Z_K,NY_Z_K_nuclear_nuclear_moderate_0,9,0,0.028545635143165996
NY_Z_K,NY_Z_K_naturalgas_ccs100_moderate_0,9,0,0.03392325638916951
PJM_EMAC,PJM_EMAC_naturalgas_ccavgcf_moderate_0,10,0,0.8276008045139133
PJM_EMAC,PJM_EMAC_naturalgas_ctavgcf_moderate_0,10,0,0.05073432604133326
PJM_EMAC,PJM_EMAC_nuclear_nuclear_moderate_0,10,0,0.04317190769364911
PJM_EMAC,PJM_EMAC_naturalgas_ccs100_moderate_0,10,0,0.047016742210813305
PJM_Rest,PJM_Rest_naturalgas_ccccsavgcf_moderate_0,11,0,0.025237827200422742
PJM_Rest,PJM_Rest_naturalgas_ccavgcf_moderate_0,11,0,0.19168599090705915
PJM_Rest,PJM_Rest_naturalgas_ctavgcf_moderate_0,11,0,0.05387925449298246
PJM_Rest,PJM_Rest_nuclear_nuclear_moderate_0,11,0,0.021377866870439365
PJM_Rest,PJM_Rest_naturalgas_ccs100_moderate_0,11,0,0.030516731953031475
NENG_Rest,NENG_Rest_offshore_wind_turbine_1,1,1,0.0
NENG_Rest,NENG_Rest_onshore_wind_turbine_1,1,1,0.002047396300624225
NENG_Rest,NENG_Rest_solar_photovoltaic_1,1,1,0.01626407139345918
NY_Z_A,NY_Z_A_onshore_wind_turbine_1,2,1,0.0026729432889781254
NY_Z_A,NY_Z_A_solar_photovoltaic_1,2,1,0.0012740358873413614
NY_Z_B,NY_Z_B_onshore_wind_turbine_1,3,1,0.0
NY_Z_B,NY_Z_B_solar_photovoltaic_1,3,1,0.000669766356560303
NY_Z_C&E,NY_Z_C&E_onshore_wind_turbine_1,4,1,0.008725824362956009
NY_Z_C&E,NY_Z_C&E_solar_photovoltaic_1,4,1,0.0016839521914409847
NY_Z_D,NY_Z_D_onshore_wind_turbine_1,5,1,0.015846754290729147
NY_Z_D,NY_Z_D_solar_photovoltaic_1,5,1,0.0013739948957826654
NY_Z_F,NY_Z_F_solar_photovoltaic_1,6,1,0.008871548693560037
NY_Z_G-I,NY_Z_G-I_solar_photovoltaic_1,7,1,1257.552521800867
PJM_EMAC,PJM_EMAC_solar_photovoltaic_1,10,1,244825.38088601196
PJM_Rest,PJM_Rest_onshore_wind_turbine_1,11,1,0.003250220259552898
PJM_Rest,PJM_Rest_solar_photovoltaic_1,11,1,0.003622667871297131
NENG_Rest,NENG_Rest_offshorewind_class3_advanced_fixed_1_0,1,0,914048.8394224909
NENG_Rest,NENG_Rest_offshorewind_class3_advanced_fixed_1_1,1,1,0.011701545937096186
NENG_Rest,NENG_Rest_offshorewind_class3_advanced_fixed_1_2,1,2,0.010073122382362338
NENG_Rest,NENG_Rest_offshorewind_class3_advanced_fixed_1_3,1,3,0.003910785012107825
NENG_Rest,NENG_Rest_offshorewind_class3_advanced_fixed_1_4,1,4,0.0037858542032436493
NENG_Rest,NENG_Rest_offshorewind_class3_advanced_fixed_1_5,1,5,0.03652598916680063
NENG_Rest,NENG_Rest_offshorewind_class3_advanced_fixed_0_0,1,0,342790.6439086017
NENG_Rest,NENG_Rest_offshorewind_class3_advanced_fixed_0_1,1,1,404246.3453986618
NENG_Rest,NENG_Rest_offshorewind_class3_advanced_fixed_0_2,1,2,145047.10823790682
NENG_Rest,NENG_Rest_offshorewind_class3_advanced_fixed_0_3,1,3,116072.69414337349
NENG_Rest,NENG_Rest_offshorewind_class3_advanced_fixed_0_4,1,4,88229.00486879448
NENG_Rest,NENG_Rest_offshorewind_class3_advanced_fixed_0_5,1,5,0.007037103738170365
NENG_Rest,NENG_Rest_offshorewind_class12_advanced_floating_0_0,1,0,0.005071155182706632
NENG_Rest,NENG_Rest_offshorewind_class12_advanced_floating_0_1,1,1,0.005808580587375749
NENG_Rest,NENG_Rest_offshorewind_class12_advanced_floating_0_2,1,2,0.003292106287247307
NENG_Rest,NENG_Rest_offshorewind_class12_advanced_floating_0_3,1,3,0.008068285969222209
NENG_Rest,NENG_Rest_offshorewind_class12_advanced_floating_0_4,1,4,0.002728629690043189
NENG_Rest,NENG_Rest_offshorewind_class12_advanced_floating_0_5,1,5,0.004079467413916919
NENG_Rest,NENG_Rest_offshorewind_class12_advanced_floating_1_0,1,0,0.004418717639812417
NENG_Rest,NENG_Rest_offshorewind_class12_advanced_floating_1_1,1,1,0.005391530972998916
NENG_Rest,NENG_Rest_offshorewind_class12_advanced_floating_1_2,1,2,0.007002968994402856
NENG_Rest,NENG_Rest_offshorewind_class12_advanced_floating_1_3,1,3,0.00362441675305737
NENG_Rest,NENG_Rest_offshorewind_class12_advanced_floating_1_4,1,4,0.004148406061050691
NENG_Rest,NENG_Rest_offshorewind_class12_advanced_floating_1_5,1,5,0.00542145516900555
NENG_Rest,NENG_Rest_landbasedwind_class1_advanced_1,1,1,0.00464863271390323
NENG_Rest,NENG_Rest_landbasedwind_class1_advanced_2,1,2,0.14967196497808033
NENG_Rest,NENG_Rest_landbasedwind_class1_advanced_3,1,3,465188.79174533684
NENG_Rest,NENG_Rest_landbasedwind_class1_advanced_4,1,4,2.383989482832448e6
NENG_Rest,NENG_Rest_landbasedwind_class1_advanced_5,1,5,0.0022415961257090645
NENG_Rest,NENG_Rest_landbasedwind_class1_advanced_6,1,6,0.0027828256086215213
NENG_Rest,NENG_Rest_utilitypv_class1_advanced_1,1,1,0.004723102055390247
NENG_Rest,NENG_Rest_utilitypv_class1_advanced_2,1,2,0.0015873521937327833
NENG_Rest,NENG_Rest_utilitypv_class1_advanced_3,1,3,0.11486957733496465
NENG_Rest,NENG_Rest_utilitypv_class1_advanced_4,1,4,0.002355189102409497
NENG_Rest,NENG_Rest_utilitypv_class1_advanced_5,1,5,805552.9630331971
NENG_Rest,NENG_Rest_utilitypv_class1_advanced_6,1,6,0.0011082123769989027
NY_Z_A,NY_Z_A_landbasedwind_class1_advanced_1,2,1,0.0043743444668772
NY_Z_A,NY_Z_A_landbasedwind_class1_advanced_2,2,2,0.006095426775802823
NY_Z_A,NY_Z_A_landbasedwind_class1_advanced_3,2,3,0.009194017065958066
NY_Z_A,NY_Z_A_landbasedwind_class1_advanced_4,2,4,1.1536869103949903
NY_Z_A,NY_Z_A_landbasedwind_class1_advanced_5,2,5,0.002815570083165317
NY_Z_A,NY_Z_A_landbasedwind_class1_advanced_6,2,6,0.018625663095606548
NY_Z_A,NY_Z_A_utilitypv_class1_advanced_1,2,1,0.0008630900442037361
NY_Z_A,NY_Z_A_utilitypv_class1_advanced_2,2,2,0.00106738420748726
NY_Z_A,NY_Z_A_utilitypv_class1_advanced_3,2,3,0.0014003938190549341
NY_Z_A,NY_Z_A_utilitypv_class1_advanced_4,2,4,0.002710839759743644
NY_Z_A,NY_Z_A_utilitypv_class1_advanced_5,2,5,0.0033025630424131287
NY_Z_A,NY_Z_A_utilitypv_class1_advanced_6,2,6,0.008742377708690898
NY_Z_B,NY_Z_B_landbasedwind_class1_advanced_1,3,1,0.0037728320005981286
NY_Z_B,NY_Z_B_landbasedwind_class1_advanced_2,3,2,0.6320324546430226
NY_Z_B,NY_Z_B_landbasedwind_class1_advanced_3,3,3,0.009334174015907755
NY_Z_B,NY_Z_B_landbasedwind_class1_advanced_4,3,4,0.034226312294613426
NY_Z_B,NY_Z_B_landbasedwind_class1_advanced_5,3,5,0.006384789904717156
NY_Z_B,NY_Z_B_landbasedwind_class1_advanced_6,3,6,0.007798540917962127
NY_Z_B,NY_Z_B_utilitypv_class1_advanced_1,3,1,71120.44969590548
NY_Z_B,NY_Z_B_utilitypv_class1_advanced_2,3,2,0.0059179169096437835
NY_Z_B,NY_Z_B_utilitypv_class1_advanced_3,3,3,0.004096105208307289
NY_Z_B,NY_Z_B_utilitypv_class1_advanced_4,3,4,0.0014124907589328048
NY_Z_B,NY_Z_B_utilitypv_class1_advanced_5,3,5,0.004432023549761077
NY_Z_B,NY_Z_B_utilitypv_class1_advanced_6,3,6,0.001840298073510937
NY_Z_C&E,NY_Z_C&E_landbasedwind_class1_advanced_1,4,1,345773.727552982
NY_Z_C&E,NY_Z_C&E_landbasedwind_class1_advanced_2,4,2,0.008232086874247157
NY_Z_C&E,NY_Z_C&E_landbasedwind_class1_advanced_3,4,3,0.002710030506152288
NY_Z_C&E,NY_Z_C&E_landbasedwind_class1_advanced_4,4,4,0.00642309357920368
NY_Z_C&E,NY_Z_C&E_landbasedwind_class1_advanced_5,4,5,0.0035221211057052046
NY_Z_C&E,NY_Z_C&E_landbasedwind_class1_advanced_6,4,6,0.03422510749637211
NY_Z_C&E,NY_Z_C&E_utilitypv_class1_advanced_1,4,1,0.002909130313455418
NY_Z_C&E,NY_Z_C&E_utilitypv_class1_advanced_2,4,2,0.029239089944027876
NY_Z_C&E,NY_Z_C&E_utilitypv_class1_advanced_3,4,3,0.0012812469370920953
NY_Z_C&E,NY_Z_C&E_utilitypv_class1_advanced_4,4,4,0.001181908983827786
NY_Z_C&E,NY_Z_C&E_utilitypv_class1_advanced_5,4,5,0.001075782236913727
NY_Z_C&E,NY_Z_C&E_utilitypv_class1_advanced_6,4,6,0.0011291492649189523
NY_Z_D,NY_Z_D_landbasedwind_class1_advanced_1,5,1,0.006621682336721281
NY_Z_D,NY_Z_D_landbasedwind_class1_advanced_2,5,2,0.004158441241490709
NY_Z_D,NY_Z_D_landbasedwind_class1_advanced_3,5,3,275820.01584909455
NY_Z_D,NY_Z_D_landbasedwind_class1_advanced_4,5,4,0.0074840367391063745
NY_Z_D,NY_Z_D_landbasedwind_class1_advanced_5,5,5,0.009312676555174242
NY_Z_D,NY_Z_D_landbasedwind_class1_advanced_6,5,6,0.005445263919764504
NY_Z_D,NY_Z_D_utilitypv_class1_advanced_1,5,1,0.00998128481505154
NY_Z_D,NY_Z_D_utilitypv_class1_advanced_2,5,2,0.00407203358356626
NY_Z_D,NY_Z_D_utilitypv_class1_advanced_3,5,3,0.004737540205150999
NY_Z_D,NY_Z_D_utilitypv_class1_advanced_4,5,4,0.005057708293382552
NY_Z_D,NY_Z_D_utilitypv_class1_advanced_5,5,5,0.0016519681155200468
NY_Z_D,NY_Z_D_utilitypv_class1_advanced_6,5,6,0.0018521635874531905
NY_Z_F,NY_Z_F_landbasedwind_class1_advanced_1,6,1,0.011603386707862122
NY_Z_F,NY_Z_F_landbasedwind_class1_advanced_2,6,2,0.007629134594377543
NY_Z_F,NY_Z_F_landbasedwind_class1_advanced_3,6,3,0.0017680090725546733
NY_Z_F,NY_Z_F_landbasedwind_class1_advanced_4,6,4,0.0072722363931305885
NY_Z_F,NY_Z_F_landbasedwind_class1_advanced_5,6,5,0.005084508692415706
NY_Z_F,NY_Z_F_landbasedwind_class1_advanced_6,6,6,0.0022888071605551047
NY_Z_F,NY_Z_F_utilitypv_class1_advanced_1,6,1,0.0038195602334124053
NY_Z_F,NY_Z_F_utilitypv_class1_advanced_2,6,2,0.0008662497086488872
NY_Z_F,NY_Z_F_utilitypv_class1_advanced_3,6,3,1.0050027175530274e6
NY_Z_F,NY_Z_F_utilitypv_class1_advanced_4,6,4,3.1716782169015547e6
NY_Z_F,NY_Z_F_utilitypv_class1_advanced_5,6,5,0.003606019460851045
NY_Z_F,NY_Z_F_utilitypv_class1_advanced_6,6,6,0.0009299123702114128
NY_Z_G-I,NY_Z_G-I_landbasedwind_class1_advanced_1,7,1,0.005385446506914044
NY_Z_G-I,NY_Z_G-I_landbasedwind_class1_advanced_2,7,2,0.05953338949938719
NY_Z_G-I,NY_Z_G-I_landbasedwind_class1_advanced_3,7,3,0.00173376223859974
NY_Z_G-I,NY_Z_G-I_landbasedwind_class1_advanced_4,7,4,0.021673525869402115
NY_Z_G-I,NY_Z_G-I_landbasedwind_class1_advanced_5,7,5,0.002824694122151197
NY_Z_G-I,NY_Z_G-I_landbasedwind_class1_advanced_6,7,6,0.0011623499772763527
NY_Z_G-I,NY_Z_G-I_utilitypv_class1_advanced_1,7,1,0.014061166976115556
NY_Z_G-I,NY_Z_G-I_utilitypv_class1_advanced_2,7,2,0.0023312162147972096
NY_Z_G-I,NY_Z_G-I_utilitypv_class1_advanced_3,7,3,199816.47495684118
NY_Z_G-I,NY_Z_G-I_utilitypv_class1_advanced_4,7,4,225678.52974886494
NY_Z_G-I,NY_Z_G-I_utilitypv_class1_advanced_5,7,5,0.0007716010337087157
NY_Z_G-I,NY_Z_G-I_utilitypv_class1_advanced_6,7,6,0.0037267004796311407
NY_Z_J,NY_Z_J_offshorewind_class3_advanced_fixed_1_0,8,0,283615.6063673842
NY_Z_J,NY_Z_J_offshorewind_class3_advanced_fixed_1_1,8,1,0.03699035458975148
NY_Z_J,NY_Z_J_offshorewind_class3_advanced_fixed_1_2,8,2,399765.7842733209
NY_Z_J,NY_Z_J_offshorewind_class3_advanced_fixed_1_3,8,3,0.0244640937165231
NY_Z_J,NY_Z_J_offshorewind_class3_advanced_fixed_1_4,8,4,0.005668934071459205
NY_Z_J,NY_Z_J_offshorewind_class3_advanced_fixed_1_5,8,5,110426.2646897754
NY_Z_J,NY_Z_J_offshorewind_class3_advanced_fixed_0_0,8,0,172809.6532305539
NY_Z_J,NY_Z_J_offshorewind_class3_advanced_fixed_0_1,8,1,48902.25244954436
NY_Z_J,NY_Z_J_offshorewind_class3_advanced_fixed_0_2,8,2,0.007651020710404892
NY_Z_J,NY_Z_J_offshorewind_class3_advanced_fixed_0_3,8,3,0.028177490923556734
NY_Z_J,NY_Z_J_offshorewind_class3_advanced_fixed_0_4,8,4,0.005456769351055878
NY_Z_J,NY_Z_J_offshorewind_class3_advanced_fixed_0_5,8,5,0.013612279163229683
NY_Z_J,NY_Z_J_offshorewind_class12_advanced_floating_0_0,8,0,0.012908139350110502
NY_Z_J,NY_Z_J_offshorewind_class12_advanced_floating_0_1,8,1,0.02994798219620128
NY_Z_J,NY_Z_J_offshorewind_class12_advanced_floating_0_2,8,2,0.09702911332153263
NY_Z_J,NY_Z_J_offshorewind_class12_advanced_floating_0_3,8,3,0.028411540234694412
NY_Z_J,NY_Z_J_offshorewind_class12_advanced_floating_0_4,8,4,0.026908598637605242
NY_Z_J,NY_Z_J_offshorewind_class12_advanced_floating_0_5,8,5,80284.88477527771
NY_Z_J,NY_Z_J_offshorewind_class12_advanced_floating_1_0,8,0,689950.1299328067
NY_Z_J,NY_Z_J_offshorewind_class12_advanced_floating_1_1,8,1,0.003461918928796098
NY_Z_J,NY_Z_J_offshorewind_class12_advanced_floating_1_2,8,2,552191.0612633871
NY_Z_J,NY_Z_J_offshorewind_class12_advanced_floating_1_3,8,3,0.004070218750953436
NY_Z_J,NY_Z_J_offshorewind_class12_advanced_floating_1_4,8,4,0.0031215659612287665
NY_Z_J,NY_Z_J_offshorewind_class12_advanced_floating_1_5,8,5,0.004992032312447365
NY_Z_K,NY_Z_K_utilitypv_class1_advanced_1,9,1,0.0014646248534784122
PJM_EMAC,PJM_EMAC_offshorewind_class3_advanced_fixed_1_0,10,0,0.02950685022625109
PJM_EMAC,PJM_EMAC_offshorewind_class3_advanced_fixed_1_1,10,1,0.012691767221219143
PJM_EMAC,PJM_EMAC_offshorewind_class3_advanced_fixed_1_2,10,2,1.369898448593377e6
PJM_EMAC,PJM_EMAC_offshorewind_class3_advanced_fixed_1_3,10,3,0.007898926193768056
PJM_EMAC,PJM_EMAC_offshorewind_class3_advanced_fixed_1_4,10,4,0.056353437175125136
PJM_EMAC,PJM_EMAC_offshorewind_class3_advanced_fixed_1_5,10,5,0.004565112390976336
PJM_EMAC,PJM_EMAC_offshorewind_class3_advanced_fixed_0_0,10,0,0.014821326166005835
PJM_EMAC,PJM_EMAC_offshorewind_class3_advanced_fixed_0_1,10,1,759955.9124656239
PJM_EMAC,PJM_EMAC_offshorewind_class3_advanced_fixed_0_2,10,2,0.06371902416686123
PJM_EMAC,PJM_EMAC_offshorewind_class3_advanced_fixed_0_3,10,3,0.004577268594838137
PJM_EMAC,PJM_EMAC_offshorewind_class3_advanced_fixed_0_4,10,4,0.0023592652588363514
PJM_EMAC,PJM_EMAC_offshorewind_class3_advanced_fixed_0_5,10,5,0.0015571782484607706
PJM_EMAC,PJM_EMAC_offshorewind_class12_advanced_floating_0_0,10,0,0.012474910808901882
PJM_EMAC,PJM_EMAC_offshorewind_class12_advanced_floating_0_1,10,1,0.0144601678669844
PJM_EMAC,PJM_EMAC_offshorewind_class12_advanced_floating_0_2,10,2,0.0014823856676798284
PJM_EMAC,PJM_EMAC_offshorewind_class12_advanced_floating_0_3,10,3,0.010322499789298183
PJM_EMAC,PJM_EMAC_offshorewind_class12_advanced_floating_0_4,10,4,0.0019022940457684163
PJM_EMAC,PJM_EMAC_offshorewind_class12_advanced_floating_0_5,10,5,0.0011880147908519796
PJM_EMAC,PJM_EMAC_offshorewind_class12_advanced_floating_1_0,10,0,0.009157151174150165
PJM_EMAC,PJM_EMAC_offshorewind_class12_advanced_floating_1_1,10,1,0.003175129632156313
PJM_EMAC,PJM_EMAC_offshorewind_class12_advanced_floating_1_2,10,2,0.01425301183037108
PJM_EMAC,PJM_EMAC_offshorewind_class12_advanced_floating_1_3,10,3,0.003999909595494626
PJM_EMAC,PJM_EMAC_offshorewind_class12_advanced_floating_1_4,10,4,0.003083326586298122
PJM_EMAC,PJM_EMAC_offshorewind_class12_advanced_floating_1_5,10,5,0.010837824015785076
PJM_EMAC,PJM_EMAC_landbasedwind_class1_advanced_1,10,1,0.09450019141422283
PJM_EMAC,PJM_EMAC_landbasedwind_class1_advanced_2,10,2,0.012157992018022966
PJM_EMAC,PJM_EMAC_landbasedwind_class1_advanced_3,10,3,0.05755609190487209
PJM_EMAC,PJM_EMAC_landbasedwind_class1_advanced_4,10,4,100830.23540349999
PJM_EMAC,PJM_EMAC_landbasedwind_class1_advanced_5,10,5,0.003172242626457777
PJM_EMAC,PJM_EMAC_landbasedwind_class1_advanced_6,10,6,0.004479521609650715
PJM_EMAC,PJM_EMAC_utilitypv_class1_advanced_1,10,1,0.002295108086700901
PJM_EMAC,PJM_EMAC_utilitypv_class1_advanced_2,10,2,0.0021263584660685614
PJM_EMAC,PJM_EMAC_utilitypv_class1_advanced_3,10,3,0.001766506964685785
PJM_EMAC,PJM_EMAC_utilitypv_class1_advanced_4,10,4,0.0037933897997609717
PJM_EMAC,PJM_EMAC_utilitypv_class1_advanced_5,10,5,0.002147233666181428
PJM_EMAC,PJM_EMAC_utilitypv_class1_advanced_6,10,6,1.2116564459402992e6
PJM_Rest,PJM_Rest_offshorewind_class3_advanced_fixed_1_0,11,0,0.005504279535028682
PJM_Rest,PJM_Rest_offshorewind_class3_advanced_fixed_1_1,11,1,0.005309247531720258
PJM_Rest,PJM_Rest_offshorewind_class3_advanced_fixed_1_2,11,2,0.02072157884356138
PJM_Rest,PJM_Rest_offshorewind_class3_advanced_fixed_1_3,11,3,0.006989602451448257
PJM_Rest,PJM_Rest_offshorewind_class3_advanced_fixed_1_4,11,4,0.004772051535493496
PJM_Rest,PJM_Rest_offshorewind_class3_advanced_fixed_1_5,11,5,0.002654896080510295
PJM_Rest,PJM_Rest_offshorewind_class3_advanced_fixed_0_0,11,0,0.007976985313036854
PJM_Rest,PJM_Rest_offshorewind_class3_advanced_fixed_0_1,11,1,1.443520141909435e6
PJM_Rest,PJM_Rest_offshorewind_class3_advanced_fixed_0_2,11,2,77412.23465082982
PJM_Rest,PJM_Rest_offshorewind_class3_advanced_fixed_0_3,11,3,0.0036797778138914017
PJM_Rest,PJM_Rest_offshorewind_class3_advanced_fixed_0_4,11,4,0.003291858798410875
PJM_Rest,PJM_Rest_offshorewind_class3_advanced_fixed_0_5,11,5,0.0039900798513667545
PJM_Rest,PJM_Rest_offshorewind_class12_advanced_floating_0_0,11,0,0.0024660596835456546
PJM_Rest,PJM_Rest_offshorewind_class12_advanced_floating_0_1,11,1,0.0022502827846769594
PJM_Rest,PJM_Rest_offshorewind_class12_advanced_floating_0_2,11,2,0.0022614560409851595
PJM_Rest,PJM_Rest_offshorewind_class12_advanced_floating_0_3,11,3,0.003853283354760128
PJM_Rest,PJM_Rest_offshorewind_class12_advanced_floating_0_4,11,4,0.0038159350745262557
PJM_Rest,PJM_Rest_offshorewind_class12_advanced_floating_0_5,11,5,0.0038412320910776146
PJM_Rest,PJM_Rest_landbasedwind_class1_advanced_1,11,1,2.4311609880219786e6
PJM_Rest,PJM_Rest_landbasedwind_class1_advanced_2,11,2,0.0036586124389526424
PJM_Rest,PJM_Rest_landbasedwind_class1_advanced_3,11,3,0.012686441359602988
PJM_Rest,PJM_Rest_landbasedwind_class1_advanced_4,11,4,3.5440437597677284e6
PJM_Rest,PJM_Rest_landbasedwind_class1_advanced_5,11,5,0.002483931637605055
PJM_Rest,PJM_Rest_landbasedwind_class1_advanced_6,11,6,0.0035020396404027024
PJM_Rest,PJM_Rest_utilitypv_class1_advanced_1,11,1,0.004727699894841343
PJM_Rest,PJM_Rest_utilitypv_class1_advanced_2,11,2,8.357022958876959e6
PJM_Rest,PJM_Rest_utilitypv_class1_advanced_3,11,3,0.0009277055846155418
PJM_Rest,PJM_Rest_utilitypv_class1_advanced_4,11,4,0.0017998133595067871
PJM_Rest,PJM_Rest_utilitypv_class1_advanced_5,11,5,0.0012229481334714314
PJM_Rest,PJM_Rest_utilitypv_class1_advanced_6,11,6,0.016452309221684253
NENG_Rest,NENG_Rest_hydroelectric_pumped_storage_1,1,1,356091.0446253647
NY_Z_A,NY_Z_A_hydroelectric_pumped_storage_1,2,1,61670.53740887996
NY_Z_F,NY_Z_F_hydroelectric_pumped_storage_1,6,1,334104.6306752036
PJM_EMAC,PJM_EMAC_hydroelectric_pumped_storage_1,10,1,670205.0992395937
PJM_Rest,PJM_Rest_hydroelectric_pumped_storage_1,11,1,633259.4505511487
NENG_Rest,NENG_Rest_battery_advanced_0,1,0,0.20335146738496057
NY_Z_A,NY_Z_A_battery_advanced_0,2,0,1.4995795597713324
NY_Z_B,NY_Z_B_battery_advanced_0,3,0,1.6087650914833682
NY_Z_C&E,NY_Z_C&E_battery_advanced_0,4,0,1.4440129912508752
NY_Z_D,NY_Z_D_battery_advanced_0,5,0,1.1705958772619396
NY_Z_F,NY_Z_F_battery_advanced_0,6,0,1.0833112394666348e6
NY_Z_G-I,NY_Z_G-I_battery_advanced_0,7,0,2.156859065234589
NY_Z_J,NY_Z_J_battery_advanced_0,8,0,13273.23494194951
NY_Z_K,NY_Z_K_battery_advanced_0,9,0,0.8829907241933269
PJM_EMAC,PJM_EMAC_battery_advanced_0,10,0,153659.15354699982
PJM_Rest,PJM_Rest_battery_advanced_0,11,0,159930.20407179737
NY_Z_A,NY_Z_A_res_water_heat_1,2,1,3151.2770451531833
NY_Z_B,NY_Z_B_res_water_heat_1,3,1,2405.6473140698276
NY_Z_C&E,NY_Z_C&E_res_water_heat_1,4,1,4682.906014223233
NY_Z_D,NY_Z_D_res_water_heat_1,5,1,519.0629937311642
NY_Z_F,NY_Z_F_res_water_heat_1,6,1,2790.2278856422236
NY_Z_G-I,NY_Z_G-I_res_water_heat_1,7,1,5491.126078871528
NY_Z_J,NY_Z_J_res_water_heat_1,8,1,19978.315058312997
NY_Z_K,NY_Z_K_res_water_heat_1,9,1,7628.758899420973
PJM_EMAC,PJM_EMAC_res_water_heat_1,10,1,62372.40360689747
PJM_Rest,PJM_Rest_res_water_heat_1,11,1,228654.44989247754
NENG_Rest,NENG_Rest_res_water_heat_1,1,1,46269.308650316154
NY_Z_A,NY_Z_A_trans_light_duty_1,2,1,12363.167033838554
NY_Z_B,NY_Z_B_trans_light_duty_1,3,1,9373.060500022899
NY_Z_C&E,NY_Z_C&E_trans_light_duty_1,4,1,17156.272639454524
NY_Z_D,NY_Z_D_trans_light_duty_1,5,1,1972.0766661135985
NY_Z_F,NY_Z_F_trans_light_duty_1,6,1,9774.483368167099
NY_Z_G-I,NY_Z_G-I_trans_light_duty_1,7,1,20958.150681384188
NY_Z_J,NY_Z_J_trans_light_duty_1,8,1,77743.91574594236
NY_Z_K,NY_Z_K_trans_light_duty_1,9,1,35014.17973431003
PJM_EMAC,PJM_EMAC_trans_light_duty_1,10,1,332284.3460831497
PJM_Rest,PJM_Rest_trans_light_duty_1,11,1,670407.7723933228
NENG_Rest,NENG_Rest_trans_light_duty_1,1,1,201555.54978683733
NENG_Rest,NENG_Rest_biomass_1,1,1,36626.76082203044
NENG_Rest,NENG_Rest_biomass_2,1,2,69530.80169165779
NENG_Rest,NENG_Rest_biomass_3,1,3,130295.19833410831
NENG_Rest,NENG_Rest_small_hydroelectric_1,1,1,235863.0621719875
NY_Z_A,NY_Z_A_biomass_1,2,1,27573.910815810745
NY_Z_A,NY_Z_A_small_hydroelectric_1,2,1,707.0600514784627
NY_Z_B,NY_Z_B_biomass_1,3,1,12658.288579166932
NY_Z_B,NY_Z_B_small_hydroelectric_1,3,1,34307.71639196903
NY_Z_C&E,NY_Z_C&E_biomass_1,4,1,83284.34238905476
NY_Z_C&E,NY_Z_C&E_small_hydroelectric_1,4,1,121312.6535536306
NY_Z_D,NY_Z_D_small_hydroelectric_1,5,1,26583.234484265366
NY_Z_F,NY_Z_F_small_hydroelectric_1,6,1,52595.69594037778
NY_Z_G-I,NY_Z_G-I_small_hydroelectric_1,7,1,11087.307032569712
PJM_EMAC,PJM_EMAC_biomass_1,10,1,220855.43999786058
PJM_EMAC,PJM_EMAC_small_hydroelectric_1,10,1,3631.860954883612
PJM_Rest,PJM_Rest_biomass_1,11,1,147359.75453722253
PJM_Rest,PJM_Rest_biomass_2,11,2,85099.70921486405
PJM_Rest,PJM_Rest_small_hydroelectric_1,11,1,97155.86801449744
NENG_Rest,NENG_Rest_distributed_generation_1,1,1,0.005539920034568364
NY_Z_A,NY_Z_A_distributed_generation_1,2,1,28805.077083693268
NY_Z_B,NY_Z_B_distributed_generation_1,3,1,1.2213039419520795e-6
NY_Z_C&E,NY_Z_C&E_distributed_generation_1,4,1,0.00045145399343190617
NY_Z_D,NY_Z_D_distributed_generation_1,5,1,1.2876200511872023e-6
NY_Z_F,NY_Z_F_distributed_generation_1,6,1,20885.03936921908
NY_Z_G-I,NY_Z_G-I_distributed_generation_1,7,1,0.0005920830822568084
NY_Z_J,NY_Z_J_distributed_generation_1,8,1,209366.80081363305
NY_Z_K,NY_Z_K_distributed_generation_1,9,1,0.0022758166709065234
PJM_EMAC,PJM_EMAC_distributed_generation_1,10,1,0.0046991438547333885
PJM_Rest,PJM_Rest_distributed_generation_1,11,1,0.0007253552779101514
